-- MySQL dump 10.13  Distrib 8.0.46, for Linux (x86_64)
--
-- Host: localhost    Database: catusnis_db
-- ------------------------------------------------------
-- Server version	8.0.46

/*!40101 SET @OLD_CHARACTER_SET_CLIENT=@@CHARACTER_SET_CLIENT */;
/*!40101 SET @OLD_CHARACTER_SET_RESULTS=@@CHARACTER_SET_RESULTS */;
/*!40101 SET @OLD_COLLATION_CONNECTION=@@COLLATION_CONNECTION */;
/*!50503 SET NAMES utf8mb4 */;
/*!40103 SET @OLD_TIME_ZONE=@@TIME_ZONE */;
/*!40103 SET TIME_ZONE='+00:00' */;
/*!40014 SET @OLD_UNIQUE_CHECKS=@@UNIQUE_CHECKS, UNIQUE_CHECKS=0 */;
/*!40014 SET @OLD_FOREIGN_KEY_CHECKS=@@FOREIGN_KEY_CHECKS, FOREIGN_KEY_CHECKS=0 */;
/*!40101 SET @OLD_SQL_MODE=@@SQL_MODE, SQL_MODE='NO_AUTO_VALUE_ON_ZERO' */;
/*!40111 SET @OLD_SQL_NOTES=@@SQL_NOTES, SQL_NOTES=0 */;

--
-- Table structure for table `acquisitions`
--

DROP TABLE IF EXISTS `acquisitions`;
/*!40101 SET @saved_cs_client     = @@character_set_client */;
/*!50503 SET character_set_client = utf8mb4 */;
CREATE TABLE `acquisitions` (
  `id` bigint NOT NULL AUTO_INCREMENT,
  `deployed` bit(1) NOT NULL,
  `image` varchar(255) NOT NULL,
  `quantity` int NOT NULL,
  `serial` varchar(255) NOT NULL,
  `status` varchar(255) NOT NULL,
  `tag` varchar(255) NOT NULL,
  `types_id` bigint NOT NULL,
  `date_acq` date DEFAULT NULL,
  `partner_id` bigint DEFAULT NULL,
  `is_deployed` tinyint(1) DEFAULT '0',
  PRIMARY KEY (`id`),
  UNIQUE KEY `uk_acquisition_tag` (`tag`),
  UNIQUE KEY `uk_acquisition_serial` (`serial`),
  KEY `FKsgtbx9ysugpss85itmdx015f0` (`types_id`),
  KEY `FK19yt4clh9r3um75p6ws2tjgxb` (`partner_id`),
  CONSTRAINT `FK19yt4clh9r3um75p6ws2tjgxb` FOREIGN KEY (`partner_id`) REFERENCES `partners` (`id`),
  CONSTRAINT `FKsgtbx9ysugpss85itmdx015f0` FOREIGN KEY (`types_id`) REFERENCES `types` (`id`)
) ENGINE=InnoDB AUTO_INCREMENT=134 DEFAULT CHARSET=utf8mb4 COLLATE=utf8mb4_0900_ai_ci;
/*!40101 SET character_set_client = @saved_cs_client */;

--
-- Dumping data for table `acquisitions`
--

LOCK TABLES `acquisitions` WRITE;
/*!40000 ALTER TABLE `acquisitions` DISABLE KEYS */;
INSERT INTO `acquisitions` VALUES (1,_binary '\0','',1,'350543284341430','DISPONIBLE','TAB-LUX-001',178,'2025-10-12',3,0),(2,_binary '\0','',1,'350543284341432','DISPONIBLE','TAB-LUX-002',178,'2025-10-12',3,0),(3,_binary '\0','',1,'350543284341331','DISPONIBLE','TAB-LUX-003',178,'2025-10-12',3,0),(4,_binary '\0','',1,'350543284341418','DISPONIBLE','TAB-LUX-004',178,'2025-10-12',3,0),(5,_binary '\0','',1,'350543284341429','DISPONIBLE','TAB-LUX-005',178,'2025-10-12',3,0),(6,_binary '\0','',1,'350543284341438','DISPONIBLE','TAB-LUX-006',178,'2025-10-12',3,0),(7,_binary '\0','',1,'350543284341704','DISPONIBLE','TAB-LUX-007',178,'2025-10-12',3,0),(8,_binary '\0','',1,'350543284341332','DISPONIBLE','TAB-LUX-008',178,'2025-10-12',3,0),(9,_binary '\0','',1,'350543284341392','DISPONIBLE','TAB-LUX-009',178,'2025-10-12',3,0),(10,_binary '\0','',1,'350543284341440','DISPONIBLE','TAB-LUX-010',178,'2025-10-12',3,0),(11,_binary '\0','',1,'350543284341340','DISPONIBLE','TAB-LUX-011',178,'2025-10-12',3,0),(12,_binary '\0','',1,'350543284341389','DISPONIBLE','TAB-LUX-012',178,'2025-10-12',3,0),(13,_binary '\0','',1,'350543284341671','DISPONIBLE','TAB-LUX-013',178,'2025-10-12',3,0),(14,_binary '\0','',1,'350543284341348','DISPONIBLE','TAB-LUX-014',178,'2025-10-12',3,0),(15,_binary '\0','',1,'350543284341705','DISPONIBLE','TAB-LUX-015',178,'2025-10-12',3,0),(16,_binary '\0','',1,'350543284341279','DISPONIBLE','TAB-LUX-016',178,'2025-10-12',3,0),(17,_binary '\0','',1,'350543284341391','DISPONIBLE','TAB-LUX-017',178,'2025-10-12',3,0),(18,_binary '\0','',1,'350543284341415','DISPONIBLE','TAB-LUX-018',178,'2025-10-12',3,0),(19,_binary '\0','',1,'350543284341691','DISPONIBLE','TAB-LUX-019',178,'2025-10-12',3,0),(20,_binary '\0','',1,'350543284341329','DISPONIBLE','TAB-LUX-021',178,'2025-10-12',3,0),(21,_binary '\0','',1,'350543284341290','DISPONIBLE','TAB-LUX-022',178,'2025-10-12',3,0),(22,_binary '\0','',1,'350543284340662','DISPONIBLE','TAB-LUX-023',178,'2025-10-12',3,0),(23,_binary '\0','',1,'350543284340441','DISPONIBLE','TAB-LUX-024',178,'2025-10-12',3,0),(24,_binary '\0','',1,'350543284340668','DISPONIBLE','TAB-LUX-025',178,'2025-10-12',3,0),(25,_binary '\0','',1,'350543284340667','DISPONIBLE','TAB-LUX-026',178,'2025-10-12',3,0),(26,_binary '\0','',1,'350543284340665','DISPONIBLE','TAB-LUX-027',178,'2025-10-12',3,0),(27,_binary '\0','',1,'350543284340664','DISPONIBLE','TAB-LUX-028',178,'2025-10-12',3,0),(28,_binary '\0','',1,'350543284340669','DISPONIBLE','TAB-LUX-029',178,'2025-10-12',3,0),(29,_binary '\0','',1,'350543284341281','DISPONIBLE','TAB-LUX-030',178,'2025-10-12',3,0),(30,_binary '\0','',1,'350543284340663','DISPONIBLE','TAB-LUX-031',178,'2025-10-12',3,0),(31,_binary '\0','',1,'350543284341412','DISPONIBLE','TAB-LUX-032',178,'2025-10-12',3,0),(32,_binary '\0','',1,'350543284341277','DISPONIBLE','TAB-LUX-033',178,'2025-10-12',3,0),(33,_binary '\0','',1,'350543284340706','DISPONIBLE','TAB-LUX-034',178,'2025-10-12',3,0),(34,_binary '\0','',1,'350543284340670','DISPONIBLE','TAB-LUX-035',178,'2025-10-12',3,0),(35,_binary '\0','',1,'350543284340685','DISPONIBLE','TAB-LUX-036',178,'2025-10-12',3,0),(36,_binary '\0','',1,'350543284341365','DISPONIBLE','TAB-LUX-037',178,'2025-10-12',3,0),(37,_binary '\0','',1,'350543284341306','DISPONIBLE','TAB-LUX-038',178,'2025-10-12',3,0),(38,_binary '\0','',1,'350543284341282','DISPONIBLE','TAB-LUX-039',178,'2025-10-12',3,0),(39,_binary '\0','',1,'350543284341353','DISPONIBLE','TAB-LUX-040',178,'2025-10-12',3,0),(40,_binary '\0','',1,'350543284340892','DISPONIBLE','TAB-LUX-041',178,'2025-10-12',3,0),(41,_binary '\0','',1,'350543284340666','DISPONIBLE','TAB-LUX-042',178,'2025-10-12',3,0),(42,_binary '\0','',1,'350543284340720','DISPONIBLE','TAB-LUX-043',178,'2025-10-12',3,0),(43,_binary '\0','',1,'350543284340699','DISPONIBLE','TAB-LUX-044',178,'2025-10-12',3,0),(44,_binary '\0','',1,'350543284340697','DISPONIBLE','TAB-LUX-045',178,'2025-10-12',3,0),(45,_binary '\0','',1,'350543284340718','NON_FONCTIONNEL','TAB-LUX-118',178,'2025-10-12',3,0),(46,_binary '\0','',1,'HGR4EVEM','DISPONIBLE','TAB-LEN-046',179,'2025-10-12',3,0),(47,_binary '\0','',1,'HGR4EVM7','DISPONIBLE','TAB-LEN-047',179,'2025-10-12',3,0),(48,_binary '\0','',1,'HGR4EWJM','DISPONIBLE','TAB-LEN-048',179,'2025-10-12',3,0),(49,_binary '\0','',1,'HGR4EWKX','DISPONIBLE','TAB-LEN-049',179,'2025-10-12',3,0),(50,_binary '\0','',1,'HGR4EVKT','DISPONIBLE','TAB-LEN-050',179,'2025-10-12',3,0),(51,_binary '\0','',1,'HGR4EWT2','DISPONIBLE','TAB-LEN-051',179,'2025-10-12',3,0),(52,_binary '\0','',1,'HGR4CBXB','DISPONIBLE','TAB-LEN-052',179,'2025-10-12',3,0),(53,_binary '\0','',1,'HGR4BT2H','DISPONIBLE','TAB-LEN-053',179,'2025-10-12',3,0),(54,_binary '\0','',1,'HGR4EWV4','DISPONIBLE','TAB-LEN-054',179,'2025-10-12',3,0),(55,_binary '\0','',1,'HGR4MLJA','DISPONIBLE','TAB-LEN-055',179,'2025-10-12',3,0),(56,_binary '\0','',1,'HGR4CBWN','DISPONIBLE','TAB-LEN-056',179,'2025-10-12',3,0),(57,_binary '\0','',1,'HGR4EWSG','DISPONIBLE','TAB-LEN-057',179,'2025-10-12',3,0),(58,_binary '\0','',1,'HGR4MLAE','DISPONIBLE','TAB-LEN-058',179,'2025-10-12',3,0),(59,_binary '\0','',1,'HGR4MLEO','DISPONIBLE','TAB-LEN-059',179,'2025-10-12',3,0),(60,_binary '\0','',1,'HGR4CBYY','DISPONIBLE','TAB-LEN-060',179,'2025-10-12',3,0),(61,_binary '\0','',1,'HGR4BT3K','DISPONIBLE','TAB-LEN-061',179,'2025-10-12',3,0),(62,_binary '\0','',1,'HGR4MLJV','DISPONIBLE','TAB-LEN-062',179,'2025-10-12',3,0),(63,_binary '\0','',1,'HGR4EW73','DISPONIBLE','TAB-LEN-063',179,'2025-10-12',3,0),(64,_binary '\0','',1,'HGR4MLEL','DISPONIBLE','TAB-LEN-064',179,'2025-10-12',3,0),(65,_binary '\0','',1,'HGR4MLHZ','DISPONIBLE','TAB-LEN-065',179,'2025-10-12',3,0),(66,_binary '\0','',1,'HGR4EWVQ','DISPONIBLE','TAB-LEN-066',179,'2025-10-12',3,0),(67,_binary '\0','',1,'HGR4MLER','DISPONIBLE','TAB-LEN-067',179,'2025-10-12',3,0),(68,_binary '\0','',1,'HGR4MLKR','DISPONIBLE','TAB-LEN-068',179,'2025-10-12',3,0),(69,_binary '\0','',1,'HGR4MLKH','DISPONIBLE','TAB-LEN-069',179,'2025-10-12',3,0),(70,_binary '\0','',1,'HGR4MLJZ','DISPONIBLE','TAB-LEN-070',179,'2025-10-12',3,0),(71,_binary '\0','',1,'HGR4MLHO','DISPONIBLE','TAB-LEN-071',179,'2025-10-12',3,0),(72,_binary '\0','',1,'HGR4EWTA','DISPONIBLE','TAB-LEN-072',179,'2025-10-12',3,0),(73,_binary '\0','',1,'HGR4MLDV','DISPONIBLE','TAB-LEN-073',179,'2025-10-12',3,0),(74,_binary '\0','',1,'HGR4MLLA','DISPONIBLE','TAB-LEN-074',179,'2025-10-12',3,0),(75,_binary '\0','',1,'HGR4MLLB','DISPONIBLE','TAB-LEN-075',179,'2025-10-12',3,0),(76,_binary '\0','',1,'HGR4MLFV','DISPONIBLE','TAB-LEN-076',179,'2025-10-12',3,0),(77,_binary '\0','',1,'HGR4BTDJ','DISPONIBLE','TAB-LEN-077',179,'2025-10-12',3,0),(78,_binary '\0','',1,'HGR4MLF9','DISPONIBLE','TAB-LEN-078',179,'2025-10-12',3,0),(79,_binary '\0','',1,'HGR4MLAR','DISPONIBLE','TAB-LEN-079',179,'2025-10-12',3,0),(80,_binary '\0','',1,'HGR4MLGT','DISPONIBLE','TAB-LEN-080',179,'2025-10-12',3,0),(81,_binary '\0','',1,'HGR4MLGL','DISPONIBLE','TAB-LEN-081',179,'2025-10-12',3,0),(82,_binary '\0','',1,'HGR4BTCT','DISPONIBLE','TAB-LEN-082',179,'2025-10-12',3,0),(83,_binary '\0','',1,'HGR4MLAB','DISPONIBLE','TAB-LEN-083',179,'2025-10-12',3,0),(84,_binary '\0','',1,'HGR4CBDS','DISPONIBLE','TAB-LEN-084',179,'2025-10-12',3,0),(85,_binary '\0','',1,'HGR4MLHH','DISPONIBLE','TAB-LEN-085',179,'2025-10-12',3,0),(86,_binary '\0','',1,'HGR4MLHQ','DISPONIBLE','TAB-LEN-086',179,'2025-10-12',3,0),(87,_binary '\0','',1,'HGR4EWKP','DISPONIBLE','TAB-LEN-087',179,'2025-10-12',3,0),(88,_binary '\0','',1,'HGR4MLJY','DISPONIBLE','TAB-LEN-088',179,'2025-10-12',3,0),(89,_binary '\0','',1,'HGR4MLJX','DISPONIBLE','TAB-LEN-089',179,'2025-10-12',3,0),(90,_binary '\0','',1,'HGR4EVE7','DISPONIBLE','TAB-LEN-090',179,'2025-10-12',3,0),(91,_binary '\0','',1,'HGR4EWV1','DISPONIBLE','TAB-LEN-091',179,'2025-10-12',3,0),(92,_binary '\0','',1,'HGR4CBYT','DISPONIBLE','TAB-LEN-092',179,'2025-10-12',3,0),(93,_binary '\0','',1,'HGR4EWLX','DISPONIBLE','TAB-LEN-093',179,'2025-10-12',3,0),(94,_binary '\0','',1,'HGR4MLC2','DISPONIBLE','TAB-LEN-094',179,'2025-10-12',3,0),(95,_binary '\0','',1,'HGR4EWT3','DISPONIBLE','TAB-LEN-095',179,'2025-10-12',3,0),(96,_binary '\0','',1,'HGR4EVTB','DISPONIBLE','TAB-LEN-096',179,'2025-10-12',3,0),(97,_binary '\0','',1,'HGR4EWKD','DISPONIBLE','TAB-LEN-097',179,'2025-10-12',3,0),(98,_binary '\0','',1,'HGR4EVN5','DISPONIBLE','TAB-LEN-098',179,'2025-10-12',3,0),(99,_binary '\0','',1,'HGR4EWJF','DISPONIBLE','TAB-LEN-099',179,'2025-10-12',3,0),(100,_binary '\0','',1,'HGR4EWTV','DISPONIBLE','TAB-LEN-100',179,'2025-10-12',3,0),(101,_binary '\0','',1,'HGR4EWKJ','DISPONIBLE','TAB-LEN-101',179,'2025-10-12',3,0),(102,_binary '\0','',1,'HGR4EVE1','DISPONIBLE','TAB-LEN-102',179,'2025-10-12',3,0),(103,_binary '\0','',1,'HGR4MLFQ','DISPONIBLE','TAB-LEN-103',179,'2025-10-12',3,0),(104,_binary '\0','',1,'HGR4EVDD','DISPONIBLE','TAB-LEN-104',179,'2025-10-12',3,0),(105,_binary '\0','',1,'HGR4EWSV','DISPONIBLE','TAB-LEN-105',179,'2025-10-12',3,0),(106,_binary '\0','',1,'HGR4EWTB','DISPONIBLE','TAB-LEN-106',179,'2025-10-12',3,0),(107,_binary '\0','',1,'HGR4EWSH','DISPONIBLE','TAB-LEN-107',179,'2025-10-12',3,0),(108,_binary '\0','',1,'HGR4EWV3','DISPONIBLE','TAB-LEN-108',179,'2025-10-12',3,0),(109,_binary '\0','',1,'HGR4EW7Y','DISPONIBLE','TAB-LEN-109',179,'2025-10-12',3,0),(110,_binary '\0','',1,'HGR4EWSN','DISPONIBLE','TAB-LEN-110',179,'2025-10-12',3,0),(111,_binary '\0','',1,'HGR4EWTF','DISPONIBLE','TAB-LEN-111',179,'2025-10-12',3,0),(112,_binary '\0','',1,'HGR4EVTE','DISPONIBLE','TAB-LEN-112',179,'2025-10-12',3,0),(113,_binary '\0','',1,'HGR4EVMQ','DISPONIBLE','TAB-LEN-113',179,'2025-10-12',3,0),(114,_binary '\0','',1,'HGR4EW7K','DISPONIBLE','TAB-LEN-114',179,'2025-10-12',3,0),(115,_binary '\0','',1,'HGR4EWGZ','DISPONIBLE','TAB-LEN-115',179,'2025-10-12',3,0),(116,_binary '\0','',1,'HGR4EVNB','DISPONIBLE','TAB-LEN-116',179,'2025-10-12',3,0),(117,_binary '\0','',1,'HGR4BT7X','NON_FONCTIONNEL','TAB-LEN-117',179,'2025-10-12',3,0),(118,_binary '\0','',1,'CN41503TXY','DISPONIBLE','ECRAN-HP-001',184,'2025-10-12',3,0),(119,_binary '\0','',1,'CN424111FT','DISPONIBLE','ECRAN-HP-002',184,'2025-10-12',3,0),(120,_binary '\0','',1,'CN424111CP','DISPONIBLE','ECRAN-HP-003',184,'2025-10-12',3,0),(121,_binary '\0','',1,'4CE307CCQ4','DISPONIBLE','POSTE-HP-001',185,'2025-10-12',3,0),(122,_binary '\0','',1,'4CE308BFTR','DISPONIBLE','POSTE-HP-002',185,'2025-10-12',3,0),(123,_binary '\0','',1,'4CE243C09C','DISPONIBLE','POSTE-HP-SRV',185,'2025-10-12',3,0),(124,_binary '\0','',1,'9B2126A23907','DISPONIBLE','UPS-APC-001',186,'2025-10-12',3,0),(125,_binary '\0','',1,'9B2126A23904','DISPONIBLE','UPS-APC-002',186,'2025-10-12',3,0),(126,_binary '\0','',1,'2232497012078','DISPONIBLE','WIFI-TPL-001',187,'2025-10-12',3,0),(127,_binary '\0','',1,'2232497013285','DISPONIBLE','WIFI-TPL-002',187,'2025-10-12',3,0),(128,_binary '\0','',1,'22291B3001917','DISPONIBLE','ROUT-TPL-001',188,'2025-10-12',3,0),(129,_binary '\0','',1,'VNF3B04531','DISPONIBLE','IMPR-HP-001',7,'2025-10-12',3,0),(130,_binary '\0','',1,'MULT-APC-001-NS','DISPONIBLE','MULT-APC-001',190,'2025-10-12',3,0),(131,_binary '','',1,'MULT-APC-002-NS','DEPLOYE','MULT-APC-002',190,'2025-10-12',3,0),(132,_binary '\0','',1,'22182E3000163','DISPONIBLE','TAG-2024-2750',188,'2025-04-01',17,0),(133,_binary '','',1,'9B2335A18844','DEPLOYE','TAG-2025-1372',186,'2025-04-17',17,0);
/*!40000 ALTER TABLE `acquisitions` ENABLE KEYS */;
UNLOCK TABLES;

--
-- Table structure for table `appreciation`
--

DROP TABLE IF EXISTS `appreciation`;
/*!40101 SET @saved_cs_client     = @@character_set_client */;
/*!50503 SET character_set_client = utf8mb4 */;
CREATE TABLE `appreciation` (
  `id` int NOT NULL AUTO_INCREMENT,
  `appreciation_name` varchar(255) NOT NULL,
  PRIMARY KEY (`id`)
) ENGINE=InnoDB DEFAULT CHARSET=utf8mb4 COLLATE=utf8mb4_0900_ai_ci;
/*!40101 SET character_set_client = @saved_cs_client */;

--
-- Dumping data for table `appreciation`
--

LOCK TABLES `appreciation` WRITE;
/*!40000 ALTER TABLE `appreciation` DISABLE KEYS */;
/*!40000 ALTER TABLE `appreciation` ENABLE KEYS */;
UNLOCK TABLES;

--
-- Table structure for table `appreciations`
--

DROP TABLE IF EXISTS `appreciations`;
/*!40101 SET @saved_cs_client     = @@character_set_client */;
/*!50503 SET character_set_client = utf8mb4 */;
CREATE TABLE `appreciations` (
  `id` int NOT NULL AUTO_INCREMENT,
  `appreciate_name` varchar(255) NOT NULL,
  PRIMARY KEY (`id`),
  UNIQUE KEY `UKhpxrhswkmk5ltodrj4sg86rlg` (`appreciate_name`)
) ENGINE=InnoDB DEFAULT CHARSET=utf8mb4 COLLATE=utf8mb4_0900_ai_ci;
/*!40101 SET character_set_client = @saved_cs_client */;

--
-- Dumping data for table `appreciations`
--

LOCK TABLES `appreciations` WRITE;
/*!40000 ALTER TABLE `appreciations` DISABLE KEYS */;
/*!40000 ALTER TABLE `appreciations` ENABLE KEYS */;
UNLOCK TABLES;

--
-- Table structure for table `apps`
--

DROP TABLE IF EXISTS `apps`;
/*!40101 SET @saved_cs_client     = @@character_set_client */;
/*!50503 SET character_set_client = utf8mb4 */;
CREATE TABLE `apps` (
  `id` bigint NOT NULL AUTO_INCREMENT,
  `app_name` varchar(255) NOT NULL,
  `icon` varchar(255) DEFAULT NULL,
  `color` varchar(255) DEFAULT NULL,
  `image` varchar(255) DEFAULT NULL,
  PRIMARY KEY (`id`)
) ENGINE=InnoDB AUTO_INCREMENT=3 DEFAULT CHARSET=utf8mb4 COLLATE=utf8mb4_0900_ai_ci;
/*!40101 SET character_set_client = @saved_cs_client */;

--
-- Dumping data for table `apps`
--

LOCK TABLES `apps` WRITE;
/*!40000 ALTER TABLE `apps` DISABLE KEYS */;
INSERT INTO `apps` VALUES (1,'OpenELIS','bi-app-indicator','#616161','ccb342d1-ee46-4903-9206-f4aa7736e948.png'),(2,'LSTRACKER','bi-app-indicator','#103bbc','def6a7ac-2ebb-4d1b-8e0b-2f28eae39da9.png');
/*!40000 ALTER TABLE `apps` ENABLE KEYS */;
UNLOCK TABLES;

--
-- Table structure for table `archives`
--

DROP TABLE IF EXISTS `archives`;
/*!40101 SET @saved_cs_client     = @@character_set_client */;
/*!50503 SET character_set_client = utf8mb4 */;
CREATE TABLE `archives` (
  `id` bigint NOT NULL AUTO_INCREMENT,
  `archived_at` datetime(6) DEFAULT NULL,
  `archived_by` varchar(255) DEFAULT NULL,
  `categorie` enum('INTERVENTION','DEPLOIEMENT','ACQUISITION','BOOKLET','ACTIVITE','AUTRE') NOT NULL,
  `description` varchar(255) DEFAULT NULL,
  `file_name` varchar(255) DEFAULT NULL,
  `file_path` varchar(255) DEFAULT NULL,
  `file_size` bigint DEFAULT NULL,
  `mime_type` varchar(255) DEFAULT NULL,
  `related_code` varchar(255) DEFAULT NULL,
  `related_id` bigint DEFAULT NULL,
  `titre` varchar(255) NOT NULL,
  `type` enum('IMPRIME','SCANNE') NOT NULL,
  PRIMARY KEY (`id`)
) ENGINE=InnoDB AUTO_INCREMENT=6 DEFAULT CHARSET=utf8mb4 COLLATE=utf8mb4_0900_ai_ci;
/*!40101 SET character_set_client = @saved_cs_client */;

--
-- Dumping data for table `archives`
--

LOCK TABLES `archives` WRITE;
/*!40000 ALTER TABLE `archives` DISABLE KEYS */;
INSERT INTO `archives` VALUES (1,'2026-05-04 11:17:45.891946','Super Admin','AUTRE','Cahier de charge de l\'application LSTracker',NULL,NULL,1016996,'application/pdf','Version1_Corrections_AMPK',NULL,'Cahier_de_charges_LSTracker','SCANNE'),(2,'2026-05-04 11:18:56.932977','Super Admin','AUTRE','Atelier de conceptualisation nouvelle version.','5aaf58a8-f492-419d-925c-f2aa3b5397ef_Rapport_de_atelier_de _conceptualisation_07_au_09_juillet_2025_vf.pdf','/app/uploads/archives/5aaf58a8-f492-419d-925c-f2aa3b5397ef_Rapport_de_atelier_de _conceptualisation_07_au_09_juillet_2025_vf.pdf',646073,'application/pdf','Atelier-concept-Lstaracker-version2',NULL,'Rapport de l\' atelier de conceptualisation pour le d├®veloppement de la nouvelle version de LSTracker','SCANNE'),(3,'2026-06-01 15:18:19.014826','Super Admin','AUTRE','Ajout des test et cr├®ation des comptes utilisateurs dans OpenELIS','9504f635-2b78-479b-977e-1896bf85512d_Assistance_technique_Openelis_EPHR_KORHOGO.pdf','/app/uploads/archives/9504f635-2b78-479b-977e-1896bf85512d_Assistance_technique_Openelis_EPHR_KORHOGO.pdf',170689,'application/pdf','INT-2026-001',NULL,'Fiche d\'intervention EPHR Korhogo 0001','SCANNE'),(4,'2026-06-01 15:21:15.732472','Super Admin','AUTRE','Ajout des tests dans openELIS et maintenance des ordinateurs clients','20c2bf68-5e3e-41ce-9c00-dcf4328a2c8d_Assistance_techniques_openelis_EPHR_KORHOGO_12_05_2026.pdf','/app/uploads/archives/20c2bf68-5e3e-41ce-9c00-dcf4328a2c8d_Assistance_techniques_openelis_EPHR_KORHOGO_12_05_2026.pdf',169549,'application/pdf','INT-2026-0002',NULL,'Fiche d\' intervention EPHR Korhogo 0002','SCANNE'),(5,'2026-06-01 15:24:05.858518','Super Admin','AUTRE','Repositionnement du routeur MTN, v├®rification de la connexion internet et v├®rification du fonctionnement de OpenElis','ce0a1488-99db-4204-bed0-a5dfa9586389_Fiche_assistances_techniques_sur_site_CMSB_Torgo.pdf','/app/uploads/archives/ce0a1488-99db-4204-bed0-a5dfa9586389_Fiche_assistances_techniques_sur_site_CMSB_Torgo.pdf',175894,'application/pdf','INT-2026-0003',NULL,'Fiche d\'intervention CMB TORGOKAHA 0001','SCANNE');
/*!40000 ALTER TABLE `archives` ENABLE KEYS */;
UNLOCK TABLES;

--
-- Table structure for table `booklet_statuses`
--

DROP TABLE IF EXISTS `booklet_statuses`;
/*!40101 SET @saved_cs_client     = @@character_set_client */;
/*!50503 SET character_set_client = utf8mb4 */;
CREATE TABLE `booklet_statuses` (
  `id` int NOT NULL AUTO_INCREMENT,
  `status_name` varchar(255) NOT NULL,
  PRIMARY KEY (`id`),
  UNIQUE KEY `UK2xs3wbeabkpvgajioutpt3sal` (`status_name`)
) ENGINE=InnoDB AUTO_INCREMENT=8 DEFAULT CHARSET=utf8mb4 COLLATE=utf8mb4_0900_ai_ci;
/*!40101 SET character_set_client = @saved_cs_client */;

--
-- Dumping data for table `booklet_statuses`
--

LOCK TABLES `booklet_statuses` WRITE;
/*!40000 ALTER TABLE `booklet_statuses` DISABLE KEYS */;
INSERT INTO `booklet_statuses` VALUES (4,'Actif'),(1,'AffectÔö£┬«'),(6,'En attente'),(5,'Inactif'),(3,'Pas en service'),(2,'RÔö£┬«affectÔö£┬«'),(7,'Suspendu');
/*!40000 ALTER TABLE `booklet_statuses` ENABLE KEYS */;
UNLOCK TABLES;

--
-- Table structure for table `booklets`
--

DROP TABLE IF EXISTS `booklets`;
/*!40101 SET @saved_cs_client     = @@character_set_client */;
/*!50503 SET character_set_client = utf8mb4 */;
CREATE TABLE `booklets` (
  `id` bigint NOT NULL AUTO_INCREMENT,
  `contact` varchar(255) DEFAULT NULL,
  `email` varchar(255) DEFAULT NULL,
  `first_name` varchar(255) NOT NULL,
  `last_name` varchar(255) NOT NULL,
  `district_id` int DEFAULT NULL,
  `post_id` int DEFAULT NULL,
  `region_id` int DEFAULT NULL,
  `status_id` int DEFAULT NULL,
  PRIMARY KEY (`id`),
  KEY `FKjhrm63jblxvxwpybkpi6oh0uu` (`post_id`),
  KEY `fk_booklets_status` (`status_id`),
  CONSTRAINT `fk_booklets_status` FOREIGN KEY (`status_id`) REFERENCES `booklet_statuses` (`id`),
  CONSTRAINT `FKijegs79jpe6n8xq6vk9mw54pf` FOREIGN KEY (`status_id`) REFERENCES `booklet_statuses` (`id`),
  CONSTRAINT `FKjhrm63jblxvxwpybkpi6oh0uu` FOREIGN KEY (`post_id`) REFERENCES `posts` (`id`)
) ENGINE=InnoDB AUTO_INCREMENT=35 DEFAULT CHARSET=utf8mb4 COLLATE=utf8mb4_0900_ai_ci;
/*!40101 SET character_set_client = @saved_cs_client */;

--
-- Dumping data for table `booklets`
--

LOCK TABLES `booklets` WRITE;
/*!40000 ALTER TABLE `booklets` DISABLE KEYS */;
INSERT INTO `booklets` VALUES (3,'0585811153','ngolocoulibalykgo024@gmail.com',' N\'GOLO','COULIBALY',2,1,1,4),(4,'0703527466','Ibsoro0703@gmail.com','BRAHIMA','SORO',3,1,1,4),(5,'0555140761','Yeodokatiene55@gmail.com','DOKATIENE','YEO',1,1,1,4),(6,'0748514776/0556047086','kadjavenance@gmail.com','VENANCE','KADJA',4,1,1,4),(7,'0504945019','Sergemondesir06@gmail.com','SERGE MONDESIR','KOUAME',5,1,1,4),(8,'0759782286','konancedrickonan435@gmail.com','CEDRIC','KONAN',45,1,10,4),(9,'0501900062','issiakahdoumbia026@gmail.com','DOUMBIA','ISSIAKA',45,1,10,4),(10,'0747390257','jeanmartialassi@yahoo.fr','JEAN MARTIAL','ASSI',46,1,10,4),(11,'0708860637','anazethh@yahoo.com','HERMANN','BEDA ',46,1,10,4),(12,'0708544664','samagbeuetienne2@gmail.com','SAMAGBEU ETTIEN','GOUNEPOU',47,1,10,4),(13,'0712058963','','MADOUSSOU','DIABAGATE',98,NULL,28,4),(14,'0701234567','k.amenan@sante.ci','Kouassi','Amenan',NULL,NULL,NULL,NULL),(15,'0702345678','t.mamadou@sante.ci','Traor├®','Mamadou',NULL,NULL,NULL,NULL),(16,'0703456789','c.fatoumata@sante.ci','Coulibaly','Fatoumata',NULL,NULL,NULL,NULL),(17,'0704567890','k.ibrahim@sante.ci','Kon├®','Ibrahim',NULL,NULL,NULL,NULL),(18,'0705678901','b.mariam@sante.ci','Bamba','Mariam',NULL,NULL,NULL,NULL),(19,'0706789012','d.seydou@sante.ci','Dosso','Seydou',NULL,NULL,NULL,NULL),(20,'0707890123','o.aminata@sante.ci','Ouattara','Aminata',NULL,NULL,NULL,NULL),(21,'0708901234','d.souleymane@sante.ci','Diabat├®','Souleymane',NULL,NULL,NULL,NULL),(22,'0709012345','s.kadiatou@sante.ci','Silu├®','Kadiatou',NULL,NULL,NULL,NULL),(23,'0700123456','k.moussa@sante.ci','Kouyat├®','Moussa',NULL,NULL,NULL,NULL),(24,'0701234568','f.hawa@sante.ci','Fofana','Hawa',NULL,NULL,NULL,NULL),(25,'0702345679','y.christophe@sante.ci','Yao','Christophe',NULL,NULL,NULL,NULL),(26,'0703456780','k.aya@sante.ci','Koffi','Aya',NULL,NULL,NULL,NULL),(27,'0704567891','ng.pascal@sante.ci','N\'Goran','Pascal',NULL,NULL,NULL,NULL),(28,'0705678902','a.adjoua@sante.ci','Assi','Adjoua',NULL,NULL,NULL,NULL),(29,'0706789013','b.konan@sante.ci','Brou','Konan',NULL,NULL,NULL,NULL),(30,'0707890124','g.theodore@sante.ci','Gnagne','Th├®odore',NULL,NULL,NULL,NULL),(31,'0708901235','d.marie@sante.ci','Di├®','Marie',NULL,NULL,NULL,NULL),(32,'0709012346','g.franck@sante.ci','Gogbe','Franck',NULL,NULL,NULL,NULL),(33,'0700123457','t.solange@sante.ci','Tape','Solange',NULL,NULL,NULL,NULL),(34,'0701234569','dj.arsene@sante.ci','Dj├®dj├®','Ars├¿ne',NULL,NULL,NULL,NULL);
/*!40000 ALTER TABLE `booklets` ENABLE KEYS */;
UNLOCK TABLES;

--
-- Table structure for table `deployment`
--

DROP TABLE IF EXISTS `deployment`;
/*!40101 SET @saved_cs_client     = @@character_set_client */;
/*!50503 SET character_set_client = utf8mb4 */;
CREATE TABLE `deployment` (
  `id` bigint NOT NULL AUTO_INCREMENT,
  `code_dep` varchar(255) NOT NULL,
  `comment` varchar(255) NOT NULL,
  `date_recept` datetime(6) NOT NULL,
  `district_id` bigint NOT NULL,
  `health_id` bigint NOT NULL,
  `region_id` bigint NOT NULL,
  `apps_id` bigint NOT NULL,
  `created_by` bigint DEFAULT NULL,
  `date_recep` datetime(6) DEFAULT NULL,
  `partner_id` int DEFAULT NULL,
  PRIMARY KEY (`id`),
  KEY `FKoi326n7ffyd9q203f6vlhmr74` (`created_by`),
  KEY `FKsg2vhd6wu0057fyvr2ittte8k` (`district_id`),
  KEY `FKn142fy08p3bpqcbbdhjwj3fqn` (`health_id`),
  KEY `FK7ea8d5lmjklqswhvlyiuq6qgl` (`region_id`),
  KEY `FKrq51w3clp8sty7uabsfy375v7` (`apps_id`),
  CONSTRAINT `FK7ea8d5lmjklqswhvlyiuq6qgl` FOREIGN KEY (`region_id`) REFERENCES `regions` (`id`),
  CONSTRAINT `FKn142fy08p3bpqcbbdhjwj3fqn` FOREIGN KEY (`health_id`) REFERENCES `health` (`id`),
  CONSTRAINT `FKoi326n7ffyd9q203f6vlhmr74` FOREIGN KEY (`created_by`) REFERENCES `person` (`id`),
  CONSTRAINT `FKrq51w3clp8sty7uabsfy375v7` FOREIGN KEY (`apps_id`) REFERENCES `apps` (`id`),
  CONSTRAINT `FKsg2vhd6wu0057fyvr2ittte8k` FOREIGN KEY (`district_id`) REFERENCES `districts` (`id`)
) ENGINE=InnoDB AUTO_INCREMENT=19 DEFAULT CHARSET=utf8mb4 COLLATE=utf8mb4_0900_ai_ci;
/*!40101 SET character_set_client = @saved_cs_client */;

--
-- Dumping data for table `deployment`
--

LOCK TABLES `deployment` WRITE;
/*!40000 ALTER TABLE `deployment` DISABLE KEYS */;
INSERT INTO `deployment` VALUES (13,'DEP-2026-4351','','2026-05-04 00:00:00.000000',98,3970,28,1,2,NULL,3),(18,'DEP-2026-1503','Equipement fonctionnel et remis au Biologiste BAMBA EDOUARD','2025-07-09 00:00:00.000000',95,3887,28,2,2,NULL,3);
/*!40000 ALTER TABLE `deployment` ENABLE KEYS */;
UNLOCK TABLES;

--
-- Table structure for table `deployment_items`
--

DROP TABLE IF EXISTS `deployment_items`;
/*!40101 SET @saved_cs_client     = @@character_set_client */;
/*!50503 SET character_set_client = utf8mb4 */;
CREATE TABLE `deployment_items` (
  `id` bigint NOT NULL AUTO_INCREMENT,
  `status` varchar(255) NOT NULL,
  `acquisition_id` bigint NOT NULL,
  `deployment_id` bigint NOT NULL,
  `etat_avant` varchar(255) DEFAULT 'FONCTIONNEL',
  `etat_apres` varchar(255) DEFAULT NULL,
  `replacement_id` bigint DEFAULT NULL,
  PRIMARY KEY (`id`),
  KEY `FKup9uncu0d4vg0rb2kef8vis3` (`acquisition_id`),
  KEY `FKs5xh4xcsn7q1wyouwd5g1x0gg` (`deployment_id`),
  KEY `fk_deployment_item_replacement` (`replacement_id`),
  CONSTRAINT `fk_deployment_item_replacement` FOREIGN KEY (`replacement_id`) REFERENCES `acquisitions` (`id`),
  CONSTRAINT `FKs5xh4xcsn7q1wyouwd5g1x0gg` FOREIGN KEY (`deployment_id`) REFERENCES `deployment` (`id`),
  CONSTRAINT `FKup9uncu0d4vg0rb2kef8vis3` FOREIGN KEY (`acquisition_id`) REFERENCES `acquisitions` (`id`)
) ENGINE=InnoDB AUTO_INCREMENT=155 DEFAULT CHARSET=utf8mb4 COLLATE=utf8mb4_0900_ai_ci;
/*!40101 SET character_set_client = @saved_cs_client */;

--
-- Dumping data for table `deployment_items`
--

LOCK TABLES `deployment_items` WRITE;
/*!40000 ALTER TABLE `deployment_items` DISABLE KEYS */;
INSERT INTO `deployment_items` VALUES (153,'FONCTIONNEL',131,13,'DEGRADE','FONCTIONNEL',NULL),(154,'FONCTIONNEL',133,18,NULL,NULL,NULL);
/*!40000 ALTER TABLE `deployment_items` ENABLE KEYS */;
UNLOCK TABLES;

--
-- Table structure for table `districts`
--

DROP TABLE IF EXISTS `districts`;
/*!40101 SET @saved_cs_client     = @@character_set_client */;
/*!50503 SET character_set_client = utf8mb4 */;
CREATE TABLE `districts` (
  `id` bigint NOT NULL AUTO_INCREMENT,
  `district_name` varchar(255) NOT NULL,
  `region_id` bigint NOT NULL,
  PRIMARY KEY (`id`),
  KEY `FKtg2xciun6nr44x122k273u59a` (`region_id`),
  CONSTRAINT `FKtg2xciun6nr44x122k273u59a` FOREIGN KEY (`region_id`) REFERENCES `regions` (`id`)
) ENGINE=InnoDB AUTO_INCREMENT=114 DEFAULT CHARSET=utf8mb4 COLLATE=utf8mb4_0900_ai_ci;
/*!40101 SET character_set_client = @saved_cs_client */;

--
-- Dumping data for table `districts`
--

LOCK TABLES `districts` WRITE;
/*!40000 ALTER TABLE `districts` DISABLE KEYS */;
INSERT INTO `districts` VALUES (1,'ABOBO EST',1),(2,'ABOBO OUEST',1),(3,'ANYAMA',1),(4,'YOPOUGON-EST',1),(5,'YOPOUGON-OUEST SONGON',1),(6,'ADJAME-PLATEAU-ATTECOUBE',2),(7,'COCODY BINGERVILLE',2),(8,'KOUMASSI',2),(9,'PORT-BOUET-VRIDI',2),(10,'TREICHVILLE-MARCORY',2),(11,'AGBOVILLE',3),(12,'SIKENSI',3),(13,'TIASSALE',3),(14,'KORO',4),(15,'OUANINOU',4),(16,'TOUBA',4),(17,'BOUNDIALI',5),(18,'KOUTO',5),(19,'TENGRELA',5),(20,'DIDIEVI',6),(21,'TIEBISSOU',6),(22,'TOUMODI',6),(23,'YAMOUSSOUKRO',6),(24,'DIANRA',7),(25,'KOUNAHIRI',7),(26,'MANKONO',7),(27,'BOUNA',8),(28,'DOROPO',8),(29,'NASSIAN',8),(30,'TEHINI',8),(31,'BLOLEQUIN',9),(32,'GUIGLO',9),(33,'TAI',9),(34,'TOULEPLEU',9),(35,'KANIASSO',10),(36,'MINIGNAN',10),(37,'BEOUMI',11),(38,'BOTRO',11),(39,'BOUAKE NORD-EST',11),(40,'BOUAKE NORD-OUEST',11),(41,'BOUAKE-SUD',11),(42,'SAKASSOU',11),(43,'FRESCO',12),(44,'SASSANDRA',12),(45,'BONDOUKOU',13),(46,'KOUN-FAO',13),(47,'SANDEGUE',13),(48,'TANDA',13),(49,'TRANSUA',13),(50,'DABOU',14),(51,'GRAND-LAHOU',14),(52,'JACQUEVILLE',14),(53,'BANGOLO',15),(54,'DUEKOUE',15),(55,'KOUIBLY',15),(56,'GAGNOA 1',16),(57,'GAGNOA 2',16),(58,'OUME',16),(59,'DABAKALA',17),(60,'KATIOLA',17),(61,'NIAKARAMADOUGOU',17),(62,'DALOA',18),(63,'ISSIA',18),(64,'VAVOUA',18),(65,'ZOUKOUGBEU',18),(66,'DAOUKRO',19),(67,'MBAHIAKRO',19),(68,'PRIKRO',19),(69,'ABENGOUROU',20),(70,'AGNIBILEKROU',20),(71,'BETTIE',20),(72,'MADINANI',21),(73,'ODIENNE',21),(74,'DIVO',22),(75,'GUITRY',22),(76,'LAKOTA',22),(77,'BOUAFLE',23),(78,'SINFRA',23),(79,'ZUENOULA',23),(80,'ADZOPE',24),(81,'AKOUPE',24),(82,'ALEPE',24),(83,'YAKASSE-ATTOBROU',24),(84,'ARRAH',25),(85,'BONGOUANOU',25),(86,'M\'BATTO',25),(87,'BOCANDA',26),(88,'DIMBOKRO',26),(89,'KOUASSI KOUASSIKRO',26),(90,'BUYO',27),(91,'GUEYO',27),(92,'MEAGUI',27),(93,'SOUBRE',27),(94,'DIKODOUGOU',28),(95,'KORHOGO 1',28),(96,'KORHOGO 2',28),(97,'M\'BENGUE',28),(98,'SINEMATIALI',28),(99,'SAN-PEDRO',29),(100,'TABOU',29),(101,'ABOISSO',30),(102,'ADIAKE',30),(103,'GRAND-BASSAM',30),(104,'TIAPOUM',30),(105,'FERKESSEDOUGOU',31),(106,'KONG',31),(107,'OUANGOLODOUGOU',31),(108,'BIANKOUMA',32),(109,'DANANE',32),(110,'MAN',32),(111,'ZOUAN-HOUNIEN',32),(112,'KANI',33),(113,'SEGUELA',33);
/*!40000 ALTER TABLE `districts` ENABLE KEYS */;
UNLOCK TABLES;

--
-- Table structure for table `evaluations`
--

DROP TABLE IF EXISTS `evaluations`;
/*!40101 SET @saved_cs_client     = @@character_set_client */;
/*!50503 SET character_set_client = utf8mb4 */;
CREATE TABLE `evaluations` (
  `id` int NOT NULL AUTO_INCREMENT,
  `evl_name` varchar(255) NOT NULL,
  PRIMARY KEY (`id`),
  UNIQUE KEY `UKf26jcivtd2efhkmhr8420jy7f` (`evl_name`)
) ENGINE=InnoDB AUTO_INCREMENT=9 DEFAULT CHARSET=utf8mb4 COLLATE=utf8mb4_0900_ai_ci;
/*!40101 SET character_set_client = @saved_cs_client */;

--
-- Dumping data for table `evaluations`
--

LOCK TABLES `evaluations` WRITE;
/*!40000 ALTER TABLE `evaluations` DISABLE KEYS */;
INSERT INTO `evaluations` VALUES (2,'Bon'),(1,'Excellent'),(5,'Insuffisant'),(8,'Non satisfaisant'),(4,'Passable'),(7,'Peu satisfaisant'),(3,'Satisfaisant'),(6,'Tr├¿s satisfaisant');
/*!40000 ALTER TABLE `evaluations` ENABLE KEYS */;
UNLOCK TABLES;

--
-- Table structure for table `fourniture_deploiements`
--

DROP TABLE IF EXISTS `fourniture_deploiements`;
/*!40101 SET @saved_cs_client     = @@character_set_client */;
/*!50503 SET character_set_client = utf8mb4 */;
CREATE TABLE `fourniture_deploiements` (
  `id` int NOT NULL AUTO_INCREMENT,
  `active` bit(1) DEFAULT NULL,
  `created_at` datetime(6) DEFAULT NULL,
  `date_deploiement` date NOT NULL,
  `motif` varchar(500) DEFAULT NULL,
  `notes` text,
  `quantite_deployee` int NOT NULL,
  `booklet_id` bigint DEFAULT NULL,
  `district_id` int DEFAULT NULL,
  `fourniture_id` int NOT NULL,
  `person_id` int DEFAULT NULL,
  `region_id` int DEFAULT NULL,
  PRIMARY KEY (`id`),
  KEY `FK66ruja7fslaovn6cab34wrb0o` (`booklet_id`),
  KEY `FKbgrecqiubsxxeryo0mgw3iwsq` (`fourniture_id`),
  KEY `FKiklth731d0cjlyqyx7239qxva` (`person_id`),
  CONSTRAINT `FK66ruja7fslaovn6cab34wrb0o` FOREIGN KEY (`booklet_id`) REFERENCES `booklets` (`id`),
  CONSTRAINT `FKbgrecqiubsxxeryo0mgw3iwsq` FOREIGN KEY (`fourniture_id`) REFERENCES `fournitures` (`id`),
  CONSTRAINT `FKiklth731d0cjlyqyx7239qxva` FOREIGN KEY (`person_id`) REFERENCES `persons` (`id`)
) ENGINE=InnoDB DEFAULT CHARSET=utf8mb4 COLLATE=utf8mb4_0900_ai_ci;
/*!40101 SET character_set_client = @saved_cs_client */;

--
-- Dumping data for table `fourniture_deploiements`
--

LOCK TABLES `fourniture_deploiements` WRITE;
/*!40000 ALTER TABLE `fourniture_deploiements` DISABLE KEYS */;
/*!40000 ALTER TABLE `fourniture_deploiements` ENABLE KEYS */;
UNLOCK TABLES;

--
-- Table structure for table `fournitures`
--

DROP TABLE IF EXISTS `fournitures`;
/*!40101 SET @saved_cs_client     = @@character_set_client */;
/*!50503 SET character_set_client = utf8mb4 */;
CREATE TABLE `fournitures` (
  `id` int NOT NULL AUTO_INCREMENT,
  `code` varchar(50) CHARACTER SET utf8mb4 COLLATE utf8mb4_0900_ai_ci NOT NULL,
  `designation` varchar(200) CHARACTER SET utf8mb4 COLLATE utf8mb4_0900_ai_ci NOT NULL,
  `categorie` varchar(50) CHARACTER SET utf8mb4 COLLATE utf8mb4_0900_ai_ci NOT NULL,
  `quantite` int NOT NULL DEFAULT '0',
  `quantite_disponible` int NOT NULL DEFAULT '0',
  `unite` varchar(50) CHARACTER SET utf8mb4 COLLATE utf8mb4_0900_ai_ci DEFAULT 'PiÔö£┬┐ce',
  `description` text CHARACTER SET utf8mb4 COLLATE utf8mb4_0900_ai_ci,
  `date_acquisition` date DEFAULT NULL,
  `fournisseur` varchar(200) CHARACTER SET utf8mb4 COLLATE utf8mb4_0900_ai_ci DEFAULT NULL,
  `prix_unitaire` double DEFAULT NULL,
  `statut` varchar(50) CHARACTER SET utf8mb4 COLLATE utf8mb4_0900_ai_ci DEFAULT 'DISPONIBLE',
  `created_at` timestamp NULL DEFAULT CURRENT_TIMESTAMP,
  `updated_at` timestamp NULL DEFAULT CURRENT_TIMESTAMP ON UPDATE CURRENT_TIMESTAMP,
  `partner_id` bigint DEFAULT NULL,
  PRIMARY KEY (`id`),
  UNIQUE KEY `code` (`code`),
  KEY `idx_fournitures_statut` (`statut`),
  KEY `idx_fournitures_categorie` (`categorie`)
) ENGINE=InnoDB AUTO_INCREMENT=11 DEFAULT CHARSET=utf8mb4 COLLATE=utf8mb4_0900_ai_ci;
/*!40101 SET character_set_client = @saved_cs_client */;

--
-- Dumping data for table `fournitures`
--

LOCK TABLES `fournitures` WRITE;
/*!40000 ALTER TABLE `fournitures` DISABLE KEYS */;
INSERT INTO `fournitures` VALUES (1,'FURN-0001','Ramette de papier A4','PAPETERIE',50,50,'Ramette',NULL,NULL,NULL,NULL,'DISPONIBLE','2026-05-04 16:41:35','2026-05-05 15:12:30',17),(2,'FURN-0002','Stylo bille bleu (Bic)','PAPETERIE',200,200,NULL,NULL,NULL,NULL,NULL,'DISPONIBLE','2026-05-04 16:41:35','2026-05-30 14:49:32',17),(3,'FURN-0003','Gomme','PAPETERIE',100,100,NULL,NULL,NULL,NULL,NULL,'DISPONIBLE','2026-05-04 16:41:35','2026-05-30 14:49:32',17),(4,'FURN-0004','Crayon HB','PAPETERIE',150,150,NULL,NULL,NULL,NULL,NULL,'DISPONIBLE','2026-05-04 16:41:35','2026-05-30 14:49:32',17),(5,'FURN-0005','Padex (feuilles A1)','PAPETERIE',20,20,NULL,NULL,NULL,NULL,NULL,'DISPONIBLE','2026-05-04 16:41:35','2026-05-30 14:49:32',17),(6,'FURN-0006','Enveloppe grand format','PAPETERIE',500,500,NULL,NULL,NULL,NULL,NULL,'DISPONIBLE','2026-05-04 16:41:35','2026-05-30 14:49:32',17),(7,'FURN-0007','Table de bureau','MOBILIER',10,10,NULL,NULL,NULL,NULL,NULL,'DISPONIBLE','2026-05-04 16:41:35','2026-05-30 14:49:32',17),(8,'FURN-0008','Chaise de bureau','MOBILIER',20,20,NULL,NULL,NULL,NULL,NULL,'DISPONIBLE','2026-05-04 16:41:35','2026-05-30 14:49:32',17),(9,'FURN-0009','Climatiseur split 1.5CV','ELECTROMENAGER',5,5,NULL,NULL,NULL,NULL,NULL,'DISPONIBLE','2026-05-04 16:41:35','2026-05-30 14:49:32',17);
/*!40000 ALTER TABLE `fournitures` ENABLE KEYS */;
UNLOCK TABLES;

--
-- Table structure for table `health`
--

DROP TABLE IF EXISTS `health`;
/*!40101 SET @saved_cs_client     = @@character_set_client */;
/*!50503 SET character_set_client = utf8mb4 */;
CREATE TABLE `health` (
  `id` bigint NOT NULL AUTO_INCREMENT,
  `health_name` varchar(255) NOT NULL,
  `district_id` bigint NOT NULL,
  `region_id` bigint NOT NULL,
  PRIMARY KEY (`id`),
  KEY `FKjk3wmm0m3xyhksgvvf5w54cmy` (`district_id`),
  KEY `FKqx1hsjy5ym0jloo0bfrmdqppo` (`region_id`),
  CONSTRAINT `FKjk3wmm0m3xyhksgvvf5w54cmy` FOREIGN KEY (`district_id`) REFERENCES `districts` (`id`),
  CONSTRAINT `FKqx1hsjy5ym0jloo0bfrmdqppo` FOREIGN KEY (`region_id`) REFERENCES `regions` (`id`)
) ENGINE=InnoDB AUTO_INCREMENT=4642 DEFAULT CHARSET=utf8mb4 COLLATE=utf8mb4_0900_ai_ci;
/*!40101 SET character_set_client = @saved_cs_client */;

--
-- Dumping data for table `health`
--

LOCK TABLES `health` WRITE;
/*!40000 ALTER TABLE `health` DISABLE KEYS */;
INSERT INTO `health` VALUES (1,'CSU Korhogo Centre',1,1),(2,'CS Sinistres',1,1),(3,'CS R├®sidentiel',1,1),(4,'CENTRE HOSPITALIER REGIONAL DE KORHOGO',1,1),(5,'CS Nangakaha',2,1),(6,'CS Koko',2,1),(7,'CS Gbonzoro',2,1),(8,'HOPITAL GENERAL DE DIKODOUGOU',3,1),(9,'CS Niofouin',3,1),(10,'CS Sinematiali Centre',4,1),(11,'CS Kanoroba',4,1),(12,'HOPITAL GENERAL DE M\'BENGUE',5,1),(13,'CS Tioro',5,1),(14,'CSUS-CAT PUBLIC de ABOBO SOGEFIHA',1,1),(15,'GRAND CLINIQUE du DOKUI',1,1),(16,'POLYCLINIQUE CENTRALE D\'ABOBO',1,1),(17,'CMS CONFESSIONNEL Ange Gardien de ABOBO',1,1),(18,'INF-LC PUBLIC Lyc├®e Moderne de ABOBO',1,1),(19,'CM PRIVE CONFESSIONNEL ST COEUR d\' ABOBO-TE',1,1),(20,'CSA ESCADRON COMMANDO 3/1 ABOBO',1,1),(21,'CABINET PRE POST NATAL\"LA FL├øTE\"',1,1),(22,'SOCIETE MEDICALE SCHEKINA',1,1),(23,'ONG LUMIERE ACTION MOBILE',1,1),(24,'CITE MEDICALE LA ROSERAIE',1,1),(25,'CLINIQUE MEDICO-CHIRURGICALE D`ABOBO',1,1),(26,'CENTRE MEDICAL ST PAUL',1,1),(27,'CSA BASE FORCES SP├ëCIALES N\'DOTRE',1,1),(28,'ICT BATAILLON PROJETABLE ABOBO',1,1),(29,'CSUS-SSSU PUBLIC de ABOBO CENTRE',1,1),(30,'CENTRE MEDICAL ROTARY',1,1),(31,'CENTRE MEDICAL HYSOPE ABOBO AKEKOI',1,1),(32,'CENTRE MEDICAL ESPOIR NANG',1,1),(33,'CENTRE MEDICAL ESPERANCE',1,1),(34,'CLINIQUE ASFI',1,1),(35,'ONG SAUVONS 2 VIES',1,1),(36,'CABINET D\'OPTICIEN-LUNETIER CLEAN VISION',1,1),(37,'CLINIQUE SAINT HOREB',1,1),(38,'FSU PRIVE HINNEH D\'ABOBO PK18',1,1),(39,'CENTRE MEDICAL EDEN D\' ABOBO EST',1,1),(40,'CENTRE DE SOINS INFIRMIERS CHRIST ROI',1,1),(41,'CENTRE DE SOINS INFIRMIER ESPACE SANTE',1,1),(42,'ESPACE SANTE COMMUNAUTAIRE d\' ABOBO BELLEVILLE',1,1),(43,'CENTRE DE SOINS INFIRMIERS SAINT RAPHAEL d\' ABOBO',1,1),(44,'CLINIQUE EMMANUELLE',1,1),(45,'INF-PV PRIVEE LA VIE d\'ABOBO',1,1),(46,'CENTRE MEDICAL BETHLEM d\'ABOBO AKEIKOI',1,1),(47,'CENTRE DE SOINS INFIRMIERS BENJAMIN MEKROBLA d\'ABOBO BELLEVILLE',1,1),(48,'CENTRE DE SOINS INFIRMIERS MA\'CHALLAH',1,1),(49,'CABINET DENTAIRE ESPOIR',1,1),(50,'CENTRE PARAMEDICAL ELIE SHALOM',1,1),(51,'CENTRE M├ëDICAL SAINT JOSEPH D\'ABOBO BAOULE',1,1),(52,'HOME CARE MEDICAL SERVICE',1,1),(53,'ESPACE M├ëDICAL AZUR',1,1),(54,'CLINIQUE M├ëDICALE SANTE MATERNELLE ET INFANTILE',1,1),(55,'CENTRE DE SOINS INFIRMIER SAINTE EUNICE de BIABOU (dist. ABOBO-EST)',1,1),(56,'CLINIQUE MEDICALE BIRAYA',1,1),(57,'CSU-M PRIVE la MAIN de L\'ETERNEL',1,1),(58,'CSU-DM PUBLIC COMMUNAUTAIRE de ABOBO KENNEDY CLOUETCHA',1,1),(59,'CSU-DM PUBLIC COMMUNAUTAIRE de ABOBO BANCO-SUD',1,1),(60,'CSU-DM PUBLIC COMMUNAUTAIRE de ABOBO BC',1,1),(61,'FSU-DM PUBLIC COMMUNAUTAURE de ABOBO BAOULE',1,1),(62,'CSU-DM PUBLIC COMMUNAUTAIRE de ABOBO-TE',1,1),(63,'CSUS-SSSU PUBLIC de ABOBO-SOGEFIHA',1,1),(64,'CSUS-CDV PRIVE Lumi├¿re Action d\' ABOBO',1,1),(65,'FSU-DM PUBLIC COMMUNAUTAIRE SOS VE d\' ABOBO',1,1),(66,'FSU-DM PUBLIC COMMUNAUTAIRE de ABOBO AVOCATIER',1,1),(67,'FSU-DM PUBLIC COMMUNAUTAIRE de AKEIKOIA',1,1),(68,'CMS PRIVE ONG ACID',1,1),(69,'CM MADINA MOUNAWARA',1,1),(70,'CMS PRIVE ONG MATERNITE VIE AMOUR',1,1),(71,'CMS PRIVE ONG CENTRE MEDICAL BEDEMI',1,1),(72,'CMS PRIVE ONG IDEE',1,1),(73,'CM PRIVE ONG SAMUEL',1,1),(74,'CMS PRIVE GRAND CENTRE MEDICAL (ROUTE DE AKE├ÅKOI)',1,1),(75,'CMS PRIVE ONG BAYEWA d\' ABOBO EST',1,1),(76,'CMS PRIVE ONG BLETY',1,1),(77,'CSA ESCADRON 3/1  GENDARMERIE ABOBO',1,1),(78,'ONG FARAFIN DENI JUNIOR d\' ABOBO EST',1,1),(79,'ONG SOLIDARITE PLUS d\' ABOBO-EST',1,1),(80,'CSIOC',2,1),(81,'INFIRMERIE SANCTUAIRE DE LA SOLUTION',2,1),(82,'INFIRMERIE SAINT LAZARE',2,1),(83,'CSU-DM PUBLIC COMMUNAUTAIRE de ABOBO-AGOUETO',2,1),(84,'CSUS-SSSU 3 PUBLIC de ABOBO PK18',2,1),(85,'CSU-DM PUBLIC ASSAPSU Anonkoua III de ABOBO',2,1),(86,'Polyclinique les Etoiles de ABOBO-OUEST',2,1),(87,'Grande Clinique M├®dicale le Sphynx',2,1),(88,'CENTRE MEDICAL PRIVE Abobo Banco',2,1),(89,'CMS El Rapha',2,1),(90,'CM PRIVE Clinique Soutra de ABOBO-SAGBE',2,1),(91,'FSU-DM PUBLIC COMMUNAUTAIRE de ABOBO SAGBE',2,1),(92,'Clinique RAHMAN',2,1),(93,'Clinique NOTRE DAME DE FATIMA',2,1),(94,'CENTRE MEDICAL SMI (SANTE MATERNELLE INFANTILE)',2,1),(95,'CENTRE MEDICAL LES BEATITUDES',2,1),(96,'SOCIETE MEDICALE LA GUERRINIERE( SOMEG)',2,1),(97,'Centre de Soins le Principal',2,1),(98,'CSU-DM PRIVE de ABOBO',2,1),(99,'CABINET D\'OPTICIEN-LUNETIER CHANAN OPTIQUE',2,1),(100,'MATERNITE SAINT PAUL',2,1),(101,'CENTRE M├ëDICAL ABOBO GARE',2,1),(102,'CLINIQUE M├ëDICALE MASSA',2,1),(103,'CSU-DM PUBLIC de ABBE BROUKOI 2',2,1),(104,'CITE MEDICALE LA ROSERAIE',2,1),(105,'CSU-DM PUBLIC COMMUNAUTAIRE de ABOBO BOCABO',2,1),(106,'EPHD PUBLIC de ABOBO SUD',2,1),(107,'FSU-DM PUBLIC COMMUNAUTAIRE de ANONKOUA-KOUTE',2,1),(108,'CSU-DM PUBLIC COMMUNAUTAIRE ASSOMIN de ABOBO',2,1),(109,'CMS PUBLIC de ABOBO',2,1),(110,'Centre M├®dical El Bethel',2,1),(111,'CM PRIVE-ONG Saquo de ABOBO',2,1),(112,'CSU-DM PUBLIC de AKOUPE-ANYAMA',3,1),(113,'CSU-DM PUBLIC de ATTINGUIE',3,1),(114,'CSU-DM PUBLIC de BROFODOUME',3,1),(115,'UNIVERS OPTIC',3,1),(116,'CENTRE MEDICAL DJAN-KESHOU',3,1),(117,'CSU-DM PUBLIC de AHOUE',3,1),(118,'CSUS-SSSU PUBLIC d\'ANYAMA',3,1),(119,'CSR-DM PUBLIC de IRHO LAME',3,1),(120,'CSR-DM PUBLIC de M\'BRAGO 1 de ANYAMA',3,1),(121,'EPHD PUBLIC de Anyama',3,1),(122,'INF-PRIVE CHRIST ROI de Anyama',3,1),(123,'CSR-DM PUBLIC de ATTIEKOI',3,1),(124,'CSU-D PUBLIC de ANYAMA',3,1),(125,'CSU-DM PUBLIC de EBIMPE',3,1),(126,'CSR-DM PUBLIC de M\'PODY',3,1),(127,'CSR-DM PUBLIC de M\'BONOUA',3,1),(128,'CSU-DM PUBLIC D\'ALLOKOI',3,1),(129,'CSR-DM PUBLIC D\'ADONKOI 2',3,1),(130,'CENTRE M├ëDICAL ROUTE D\'ANYAMA',3,1),(131,'CENTRE M├ëDICAL OLYMPIQUE',3,1),(132,'CENTRE M├ëDICAL EMMANUEL EL RAPHA',3,1),(133,'CSR-DM PUBLIC DE D├ëBARCADAIRE',3,1),(134,'INF-PV SAINTE MARIE',3,1),(135,'CSU-DM PUBLIC CISSE D\'ANYAMA',3,1),(136,'CENTRE MEDICAL ESPACE CONFIANCE D\' ANYAMA',3,1),(137,'CSR-DM PUBLIC d\'ADAROME',3,1),(138,'CSU-DM PUBLIC de DUBA├Å',3,1),(139,'CSU-DM PUBLIC de ABBEBROUKOI',3,1),(140,'CSU-DM PUBLIC de UNICAFE',3,1),(141,'CSU-DM PUBLIC de ANYAMA-ADJAME',3,1),(142,'MATERNITE PRIVEE SAINT RAPHAEL',3,1),(143,'MATERNITE PRIVEE EL RAPHA',3,1),(144,'CSU-DM PUBLIC GENDARMERIE D\'ANYAMA',3,1),(145,'CSR-D PUBLIC D\'ADATTIE',3,1),(146,'CSR-DM PUBLIC D\'AGHIEN TELEGRAPHE',3,1),(147,'CSUS-SSSU PUBLIC d\' ANYAMA',3,1),(148,'CENTRE MEDICAL AKADI',3,1),(149,'CSU-D PRIVE SCB SIEA de ANYAMA',3,1),(150,'CM ONG AIME TON PROCHAIN de ANYAMA',3,1),(151,'INF-PV PRIVE Clinique TITAGA de ANYAMA',3,1),(152,'INF-PV PRIVE Infirm├®rie SCB BADEMA de ANYAMA',3,1),(153,'CSUS-CDV PUBLIC Mairie de ANYAMA',3,1),(154,'HG CONFESSIONNEL Saint Louis Orione de ANYAMA',3,1),(155,'CSR-D PUBLIC de AZAGUIE-BLIDA',3,1),(156,'CSR-DM PUBLIC de AHOUABO',3,1),(157,'FSU-DM PUBLIC COMMUNAUTAIRE de YOPOUGON TOITS-ROUGES',4,1),(158,'CENTRE DE SANTE MIXTE DE YOPOUGON MILLIONNAIRE EXTENSION',4,1),(159,'CENTRE MEDICAL LE BONHEUR DES MAMANS',4,1),(160,'CLINIQUE MEDICALE HUMANITE',4,1),(161,'FSU-DM PUBLIC COMMUNAUTAIRE Ouassakara de YOPOUGON',4,1),(162,'CMS PRIVE-ONG CENTRE PLUS de YOPOUGON-EST',4,1),(163,'CSU-DM PUBLIC de YOPOUGON-Ile boulay',4,1),(164,'INF-LC PUBLIC Coll├¿ge Moderne Andokoi de YOPOUGON',4,1),(165,'CSU-DM PUBLIC de YOPOUGON SANTE',4,1),(166,'CSU-DM PUBLIC COMMUNAUTAIRE de YOPOUGON ANDOKOI',4,1),(167,'INF-LC PUBLIC Municipal de YOPOUGON',4,1),(168,'FSU-DM PUBLIC COMMUNAUTAIRE de YOPOUGON KOUTE',4,1),(169,'CSUS-SSSU PUBLIC Sicogi de YOPOUGON',4,1),(170,'INF-LC PUBLIC Lyc├®e Professionnel de YOPOUGON',4,1),(171,'CMS PRIVE CNPS de YOPOUGON',4,1),(172,'CSU-D PUBLIC de Prison MACA de YOPOUGON',4,1),(173,'CLINIQUE LES OLIVIERS',4,1),(174,'CMS PRIVE-ONG GVD',4,1),(175,'NOUVELLE CLINIQUE IROKO',4,1),(176,'ESPACE MEDICAL PHENIX',4,1),(177,'CLINIQUE SILOHE',4,1),(178,'ESPACE MEDICAL SAINT SIMON',4,1),(179,'CENTRE MEDICAL NDA de NOUVEAU QUARTIER',4,1),(180,'HOTEL MEDICAL MARIA de CAMP MILITAIRE',4,1),(181,'POLYCLINIQUE DE YOPOUGON de ABOBODOUME',4,1),(182,'CLINIQUE HOZANNA de CAMP MILITAIRE',4,1),(183,'CLINIQUE SAINTE FAMILLE de SIDECI LEM',4,1),(184,'CLINIQUE PIERRE MARIE HAGMAN de SIDECI IGES',4,1),(185,'CSA 4e COMPAGNIE GSPM YOPOUGON',4,1),(186,'NOUVELLE CLINIQUE SAINTE JOSIANE',4,1),(187,'SERVICE MEDICO-SOCIAL DE SOTRA YOPOUGON',4,1),(188,'CABINET D\'OPTICIEN-LUNETIER OCEAN VISION',4,1),(189,'CABINET D\'OPTICIEN-LUNETIER PENIEL OPTIQUE SHALOM DE YOPOUGON',4,1),(190,'CABINET D\'OPTICIEN-LUNETIER TOP VISION',4,1),(191,'CABINET D\'OPTICIEN-LUNETIER OPTIQUE NUCLEAIRE',4,1),(192,'CABINET D\'OPTICIEN-LUNETIER PROFESSIONNEL OPTIC DE YOPOUGON KOUTE',4,1),(193,'CABINET D\'OPTICIEN-LUNETIER ESPACE OPTIC SAINTE RITA',4,1),(194,'CENTRE M├ëDICAL DU FPPN (POLICE NATIONALE)',4,1),(195,'INFIRMERIE ASSISTANCE M├ëDICALE HUMANITAIRE',4,1),(196,'CENTRE MEDICAL SACRE COEUR DE YOPOUGON CAMP MILITAIRE',4,1),(197,'CMS CONFESSIONNEL SAINT LAURENT de YOPOUGON KOUTE',4,1),(198,'INF-D PUBLIC MACA EXTERIEUR',4,1),(199,'MATERNITE SAINTE MADELAINE',4,1),(200,'NOUFRA OPTIC',4,1),(201,'CENTRE PARAMEDICAL SAINTE EDITH',4,1),(202,'CENTRE M├ëDICAL LA REFERENCE de SONGON',4,1),(203,'CENTRE M├ëDICAL SACRE C┼ÆUR',4,1),(204,'CENTRE M├ëDICAL PONCE HOPE',4,1),(205,'ESPACE MEDICAL NOTRE SANTE',4,1),(206,'CSU-DM PUBLIC COMMUNAUTAIRE Mudesca Koweit de YOPOUGON',4,1),(207,'INF-LC PUBLIC Coll├¿ge Jeunes Filles de YOPOUGON',4,1),(208,'CSU-DM PRIVE-ONG Asapsu I de YOPOUGON',4,1),(209,'CSU-DM PRIVE-ONG CAMES de YOPOUGON',4,1),(210,'CMS PRIVE-ONG NAZAREEN de YOPOUGON',4,1),(211,'CMS CONFESSIONNEL BETHESDA de YOPOUGON',4,1),(212,'CMS CONFESSIONNEL Oeuvres et Mission Baptiste de YOPOUGON-ASSANVAON',4,1),(213,'CMS CONFESSIONNEL Oeuvres et Mission Baptiste de YOPOUGON-SIPOREX',4,1),(214,'CLINIQUE MEDICALE Chrysalide de YOPOUGON TOIT-ROUGE',4,1),(215,'CMS PRIVE-ONG EDEN de YOPOUGON EST',4,1),(216,'CENTRE MEDICAL SPECIALISE ARBRE DE VIE DE SONGON',5,1),(217,'CENTRE MEDICAL DU CENACLE',5,1),(218,'CLINIQUE MERE MARIE MISERICORDE',5,1),(219,'CLINIQUE GRAND CENTRE',5,1),(220,'CMS PRIVE FUTURO DE SONGON AGBAN',5,1),(221,'CMS PRIVE JC EL RAPHA',5,1),(222,'CMS PRIVE CNRA',5,1),(223,'FSU-DM PUBLIC COMMUNAUTAIRE de YOPOUGON PORT-BOUET II',5,1),(224,'FSU-DM PUBLIC COMMUNAUTAIRE de YOPOUGON GESCO',5,1),(225,'CSR-D PUBLIC de KOSSIHOUEN',5,1),(226,'CSU-D PRIVE Th├¿rese Hauly de ADIOPODOUME',5,1),(227,'INF-LC PUBLIC Coll├¿ge Abadjan Kout├® de YOPOUGON',5,1),(228,'CSU-DM PUBLIC COMMUNAUTAIRE de YOPOUGON AZITO',5,1),(229,'EPHN PUBLIC de YOPOUGON',5,1),(230,'EPHD PUBLIC de YOPOUGON-ATTIE',5,1),(231,'CSU-DM COMMUNAUTAIRE Gesco manutention de YOPOUGON',5,1),(232,'CSU-DM PUBLIC COMMUNAUTAIRE Niangon Lokoa de YOPOUGON',5,1),(233,'CSR-DM PUBLIC de ABADJIN-KOUTE',5,1),(234,'CSR-DM PUBLIC de ADIOPODOUME',5,1),(235,'CLINIQUE CITE VERTE',5,1),(236,'CLINIQUE SAINTE MARIE',5,1),(237,'GROUPE MEDICAL PROMETH├ëE',5,1),(238,'CLINIQUE MEDICALE CHANDILIE',5,1),(239,'CLINIQUE LA GRACE DIVINE de YOPOUGON',5,1),(240,'CLINIQUE QUEEN LATIFA',5,1),(241,'CLINIQUE MEDICALE LE BELIER',5,1),(242,'CLINIQUE MEDICALE LE BANCO',5,1),(243,'CLINIQUE MEDICALE GRANDE ETOILE',5,1),(244,'CLINIQUE MEDICO CHIRURGICALE SAINT RAPHAEL',5,1),(245,'CENTRE MEDECIAL SAINT-MICHEL ARCHANGE',5,1),(246,'CLINIQUE MAMIE ADJOUA',5,1),(247,'CENTRE MEDICAL LA NOUVELLE ALLIANCE',5,1),(248,'CLINIQUE MEDICALE HOUPHOUET',5,1),(249,'CENTRE MEDICAL REHOBOTH',5,1),(250,'CLINIQUE MEDICALE MONT CARMEL',5,1),(251,'CSA ESCADRON 2/1 GENDARMERIE  YOPOUGON',5,1),(252,'CSR-D PUBLIC de BAGO',5,1),(253,'CSU-DM PUBLIC de Songon KASSABLE',5,1),(254,'CSUS-SSSU 3 PUBLIC de YOPOUGON KOUTE',5,1),(255,'CSR-DM PUBLIC de SONGON AGBAN',5,1),(256,'CSU-DM CONFESSIONNEL Soeur Cath├®rine de YOPOUGON',5,1),(257,'CMS PRIV├ë DROPPIN CENTER ESPACE CONFIANCE',5,1),(258,'CABINET D\'OPTICIEN-LUNETIER EDEN OPTIC',5,1),(259,'CABINET D\'OPTICIEN-LUNETIER R├ëEL OPTICAL',5,1),(260,'CABINET D\'OPTICIEN-LUNETIER MIRACLE OPTIC',5,1),(261,'CABINET D\'OPTICIEN-LUNETIER BIO-MED OPTIQUE',5,1),(262,'CABINET D\'OPTICIEN-LUNETIER OPTIC CENTER',5,1),(263,'CABINET DE CONSEILS ET DE SOINS PARAM├ëDICAUX AMBULATOIRES BOYA',5,1),(264,'CABINET D\'OPTICIEN-LUNETIER MAITRE OPTICS',5,1),(265,'CABINET D\'OPTICIEN-LUNETIER OPTIC ROC',5,1),(266,'HGS PRIVE CEPREF de YOPOUGON ATTIE',5,1),(267,'CSUS-CAT PUBLIC de YOPOUGON ATTIE',5,1),(268,'CABINET D\'OPTICIEN-LUNETIER SHAMMA OPTIQUE',5,1),(269,'CLINIQUE MEDICALE SAINT MATTHIEU YOPOUGON CIT├ë VERTE',5,1),(270,'CSUS-SSSU PUBLIC DE SONGON (Dist. YOPOUGON OUEST SONGON)',5,1),(271,'FSU PUBLIC de MICAO',5,1),(272,'CLINIQUE MEDICALE ACADEMIE DES MERS',5,1),(273,'CENTRE MEDICAL EDEN 2',5,1),(274,'CSR-DM PUBLIC d\' ISSAKRO (dist. YOPOUGON-OUEST SONGON)',5,1),(275,'INF-P PUBLIC POUPONNIERE de YOPOUGON ATTIE',5,1),(276,'FSU-DM PUBLIC COMMUNAUTAIRE de ADIOPODOUME',5,1),(277,'CENTRE SOCIAL de NIANGON SUD',5,1),(278,'CENTRE SOCIAL de PORT BOUET 2',5,1),(279,'CABINET DENTAIRE LES ARCHANGES',5,1),(280,'CENTRE de SOINS INFIRMIERS SAINT LAURENT',5,1),(281,'CENTRE M├ëDICAL ANANERAIE',5,1),(282,'CENTRE EXCELLENCE MEDICAL IVANA ROXANE',5,1),(283,'CENTRE M├ëDICAL NOTRE DAME de LOURDES',5,1),(284,'CENTRE M├ëDICAL EL RAPHA',5,1),(285,'CENTRE M├ëDICAL L\'EXCELLENCE',5,1),(286,'CLINIQUE M├ëDICALE LES FLAMBOYANTS',5,1),(287,'CABINET MEDICAL MEDICALIS',5,1),(288,'CSR-D PUBLIC d\' AUDOIN',5,1),(289,'CENTRE DE SOINS INFIRMIERS GNIM',5,1),(290,'AIGLE VISION OPTIQUE',5,1),(291,'CANADA OPTIQUE',5,1),(292,'CENTRE MEDICAL ESPERANCE DE SONGON',5,1),(293,'CSU-D CONFESSIONNEL SOEUR PASSIONNISTE d\' ABADJIN-DOUME',5,1),(294,'FSU-DM PUBLIC COMMUNAUTAIRE de YOPOUGON NIANGON-SUD',5,1),(295,'CSC AS PRIVE DE BONIKRO',5,1),(296,'CSU-DM PRIVE ASAPSU de GESCO',5,1),(297,'CSUS-SSSU PUBLIC de YOUPOUGON OUEST SONGON',5,1),(298,'CM PRIVE Solidarit├® de YOPOUGON',5,1),(299,'CMS PRIVE Aboya-Vie de YOPOUGON',5,1),(300,'CSUS-CDV PRIVE AIBEF de YOPOUGON',5,1),(301,'CSUS-CDV PRIVE Centre d\'Esp├®rance NDA Gesco',5,1),(302,'CM PRIVE Nieky de SONGON KASSABLE',5,1),(303,'CM PRIVE Palmafrique de SONGON KASSABLE',5,1),(304,'CLINIQUE Ste RITA de CASCIA',5,1),(305,'CLINIQUE JANE LEORA',5,1),(306,'INF-PV PRIVE Primature de PLATEAU',6,2),(307,'FSU PUBLIC Fonctionnaire de PLATEAU',6,2),(308,'CSUS-PMI PUBLIC INSP de PLATEAU',6,2),(309,'CDV PAVVIOS de ATTECOUBE',6,2),(310,'AFRICA NEW VISION',6,2),(311,'CENTRALE OPTIQUE PHOTO',6,2),(312,'Centre d\' Ecoute ALLAH KOUADIO REMI de ATTECOUBE',6,2),(313,'Centre de CROIX BLEUE de WILLIAMSVILLE',6,2),(314,'CENTRE MEDICAL THEMIS du PLATEAU',6,2),(315,'Centre Social de 220 Logements de ADJAME',6,2),(316,'CENTRE SOCIAL de ABOBO DOUME',6,2),(317,'CENTRE SOCIAL de ADJAME SANTE',6,2),(318,'Centre Social de ADJAME VILLAGE',6,2),(319,'Centre Social de ATTECOUBE',6,2),(320,'Centre Social de BROMAKOTE',6,2),(321,'CLINIQUE HALL INRI Fraternit├®',6,2),(322,'CMS PRIVE Paul Bohoun Bouabr├® du Tr├®sor de PLATEAU',6,2),(323,'CSU-DM COMMUNAUTAIRE de ADJAME WILIAMSVILLE',6,2),(324,'CSU-DM COMMUNAUTAIRE Jean Paul II ASSAPSU de ATTECOUBE',6,2),(325,'CSU-DM COMMUNAUTAIRE de ABOBO-DOUME',6,2),(326,'CMS PUBLIC Marine de PLATEAU',6,2),(327,'FSU PUBLIC Edmond Basque de PLATEAU',6,2),(328,'INF-M PUBLIC Camp Gallieni de PLATEAU',6,2),(329,'CMS PUBLIC Imprim├®rie National de PLATEAU',6,2),(330,'CDV Gare Routi├¿re (ONG Action Lumi├¿re) de ADJAME',6,2),(331,'CSU-D PUBLIC Dispensaire de la Marine de PLATEAU',6,2),(332,'CENTRE MEDICAL PUBLIC de la GARDE REPUBLICAINE ABIDJAN',6,2),(333,'CENTRE MEDICAL PRIVE de la PRESIDENCE',6,2),(334,'CLINIQUE MEDICAL PRIVE d\'ADJAME LIBERTE',6,2),(335,'Clinique M├®dical FRATERNITE de ADJAME',6,2),(336,'Clinique Priv├®e Groupe M├®dical du Plateau',6,2),(337,'PolyClinique Internationale Ind├®ni├® du Plateau',6,2),(338,'Centre M├®dical InterEntreprise du Plateau',6,2),(339,'CMS PRIVE Kouassi Kouam├® des Finances de PLATEAU',6,2),(340,'HG-PUBLIC DE LOUTI',6,2),(341,'CSU-DM PUBLIC ABIDJAN SANTAI',6,2),(342,'CSUS-SSSU PUBLIC de PLATEAU',6,2),(343,'ICT GMMG PLATEAU',6,2),(344,'ICT CENTRE D\'INSTRUCTION NAVALE MARINE ATTECOUBE',6,2),(345,'HG PUBLIC Militaire de ADJAME (HMA)',6,2),(346,'CLINIQUE MEDICALE ELEIS',6,2),(347,'CLINIQUE MEDICALE LA CITADELLE',6,2),(348,'CLINIQUE MEDICALE LE PLURIEL',6,2),(349,'CLINIQUE MEDICALE AZIZ',6,2),(350,'CLINIQUE MEDICALE RASSUL',6,2),(351,'CENTRE MEDICAL FILTISAC',6,2),(352,'CM NOUVELLE ALLIANCE AVEC DIEU D\'ADJAME',6,2),(353,'CSU-DM PUBLIC ATT├ëCOUB├ë 3',6,2),(354,'CSU-M PUBLIC DIYA',6,2),(355,'CLINIQUE HOPE ROAD HOSPITAL',6,2),(356,'SERVICE MEDICO-SOCIAL DE SICOGI',6,2),(357,'SERVICE MEDICO-SOCIAL DE SNPECI',6,2),(358,'SERVICE MEDICO-SOCIAL DE AGEROUTE',6,2),(359,'SERVICE MEDICO-SOCIAL DE BNI',6,2),(360,'SERVICE MEDICO-SOCIAL DE CNCE',6,2),(361,'SERVICE MEDICO-SOCIAL DE INS-SODE',6,2),(362,'SERVICE MEDICO-SOCIAL DE LONACI',6,2),(363,'SERVICE MEDICO-SOCIAL DE PETROCI HOLDING',6,2),(364,'SERVICE MEDICO-SOCIAL DE BHCI',6,2),(365,'CABINET D\'OPTICIEN-LUNETIER AMITIE OPTIQUE',6,2),(366,'CABINET D\'OPTICIEN-LUNETIER PENIEL OPTIQUE SHALOM D\'ADJAME',6,2),(367,'CABINET D\'OPTICIEN-LUNETIER IVOIRE LUNETTE',6,2),(368,'CABINET D\'OPTICIEN-LUNETIER OPTICA',6,2),(369,'CABINET D\'OPTICIEN-LUNETIER ENVIE D\'Y VOIR',6,2),(370,'CABINET D\'OPTICIEN-LUNETIER DELTA OPTIQUE',6,2),(371,'CABINET D\'OPTICIEN-LUNETIER FAMILLE VISION',6,2),(372,'CABINET D\'OPTICIEN-LUNETIER SOCIETE AFRICAINE DE LUNETERIE',6,2),(373,'CABINET D\'OPTICIEN-LUNETIER CENTRE OPTIQUE MUTUALISTE DE COTE D\'IVOIRE',6,2),(374,'Formation Sanitaire Laurent POKOU',6,2),(375,'CENTRE MEDICAL SAINT JOSEPH',6,2),(376,'ESPACE MEDICO-SOCIAL LA PYRAMIDE',6,2),(377,'CENTRE MEDICAL RASSOUL D\' ADJAM├®',6,2),(378,'CENTRE MEDICAL LA MAIRIE D\'ADJAM├ë',6,2),(379,'INFIRMIERIE PRIVEE EL NASR',6,2),(380,'CMS PRIV├ë DROP IN CENTER ESPACE CONFIANCE D\' ADJAME PLATEAU ATTECOUBE',6,2),(381,'CENTRE DE SANTE MEDICAL LA GLOIRE (SODECI/FILTISAC)',6,2),(382,'CENTRE MEDICAL ANADER',6,2),(383,'ONG SANTE POUR TOUS',6,2),(384,'CENTRE M├ëDICAL SAINT JOSEPH',6,2),(385,'CLINIQUE M├ëDICALE DU QUARTIER LATIN',6,2),(386,'CLINIQUE MEDICALE DU QUARTIER LATIN',6,2),(387,'CMS PUBLIC GSPM de Indeni├® de ADJAME',6,2),(388,'H-VISION',6,2),(389,'LA MAISON DE L\'OPTIQUE',6,2),(390,'SAKO OPTIQUE',6,2),(391,'HOLLYWOOD OPTICAL',6,2),(392,'INF-M BASE NAVALE de LOCODJORO',6,2),(393,'EPHD PUBLIC de ADJAME',6,2),(394,'CSUS-SSSU PUBLIC de ADJAME-EST',6,2),(395,'CSUS-CAT PUBLIC de ADJAME',6,2),(396,'HG PUBLIC POLICE NATIONALE de PLATEAU',6,2),(397,'CSUS-CDV PRIVE CIPS ESPOIR de PLATEAU',6,2),(398,'CSUS-SSSU PUBLIC de ADJAME-NORD',6,2),(399,'CSUS-SSSU PUBLIC de ADJAME-CENTRE',6,2),(400,'FSU PUBLIC Marie Th├®r├¿se Houphou├½t Boigny de ADJAME',6,2),(401,'CMS PRIVE Assembl├®e National de PLATEAU',6,2),(402,'CSU-D PUBLIC de ADJAME WILLIAMSVILLE',6,2),(403,'CSU-D PUBLIC Cit├® Enfance - Croix Rouge d\' ADJAME',6,2),(404,'FSU PUBLIC de ADJAME WILIAMSVILLE',6,2),(405,'FSU PUBLIC de ATTECOUBE',6,2),(406,'CSU-DM PUBLIC de ABOBO-DOUME',6,2),(407,'CSU-DM PUBLIC de LOCODJRO',6,2),(408,'CSU-DM COMMUNAUTAIRE de AGBAN VILLAGE',6,2),(409,'ESPACE MEDICAL St PAUL',6,2),(410,'INF-LC PUBLIC Lyc├®e Municipal de ATTECOUBE',6,2),(411,'INF-LC PUBLIC Coll├¿ge Notre Dame de PLATEAU',6,2),(412,'HENA-MED',7,2),(413,'CENTRE DE CONSEILS ET DE SOINS AMBULATOIRES EMERGENCY CARE PLUS',7,2),(414,'CABINET DE REEDUCATION  KIN├ëSITH├ëRAPIE SAINTE FELICITE',7,2),(415,'CLINIQUE MEDICALE SAINT PIERRE LE GRAND',7,2),(416,'CLINIQUE MEDICALE AMAL',7,2),(417,'CLINIQUE L\'OISIS DES II PLATEAUX 8├êME TRANCHE',7,2),(418,'CLINIQUE MEDICALE SACRE-C┼ÆUR',7,2),(419,'CLINIQUE MEDICALE INAYA',7,2),(420,'NEPSIA SANTE ET PREVENTION',7,2),(421,'CENTRE DE CARDIOLOGIE ET DE MEDECINE VASCULAIRE D\'ABIDJAN',7,2),(422,'CENTRE MEDICAL SAINT-CYR',7,2),(423,'CSUS-PMI PUBLIC de COCODY-SUD',7,2),(424,'CSUS-SSSU PUBLIC CROU-A de COCODY',7,2),(425,'CSU-D PUBLIC de COCODY M\'BADON',7,2),(426,'CPS Agban',7,2),(427,'CSU-DM PUBLIC de COCODY AKOUEDO-VILLAGE',7,2),(428,'CMS PUBLIC de COCODY',7,2),(429,'CSU-DM PUBLIC d\'ADJAME- BINGERVILLE',7,2),(430,'CSUS-SSSU PUBLIC de BINGERVILLE',7,2),(431,'CSU-DM HENRIETTE KONAN BEDIE de COCODY BLOCKAUSS',7,2),(432,'CSUS-PMI PUBLIC de BINGERVILLE',7,2),(433,'CSUS-CP PUBLIC de COCODY-NORD',7,2),(434,'CSR-D PUBLIC Village Marchoux de GNAKAN NASSY',7,2),(435,'CSU-DM PUBLIC Colombie de COCODY-BINGERVILLE',7,2),(436,'POLYCLINIQUE LES 2 PLATEAUX',7,2),(437,'CSU-DM PUBLIC GENIE 2000 de COCODY-BINGERVILLE',7,2),(438,'CSU-DM PUBLIC de ABATTA',7,2),(439,'CMS PRIVE Elishama de COCODY',7,2),(440,'CMS CONFESSIONNEL M├¿re Maria de COCODY',7,2),(441,'CMS PRIVE Palmafrique de ELOKATE',7,2),(442,'POLYCLINIQUE INTERNATIONALE SAINTE ANNE-MARIE (PISAM)',7,2),(443,'Clinique le Panth├®on',7,2),(444,'CLINIQUE SAINTE GABRIELLE',7,2),(445,'CSU-DM COMMUNAUTAIRE de COCODY-ANGRE',7,2),(446,'CMS PRIVE de COCODY-AGHAN',7,2),(447,'CMS PRIVE Silo├® de COCODY',7,2),(448,'CSU-DM PUBLIC de GBAGBA',7,2),(449,'CSU-DM COMMUNAUTAIRE de COCODY-ANONO',7,2),(450,'EPHD PUBLIC de BINGERVILLE',7,2),(451,'CHS-PSC PUBLIC Psychiatrique de BINGERVILLE',7,2),(452,'CSU-DM COMMUNAUTAIRE de COCODY-PALMERAIE',7,2),(453,'CSR-DM PUBLIC de ELOKA',7,2),(454,'INF-LC PUBLIC Lyc├®e Hotelier de COCODY',7,2),(455,'CSUS-SSSU PUBLIC ENS de COCODY',7,2),(456,'CSUS-CAT PUBLIC de BINGERVILLE',7,2),(457,'H├┤tel m├®dical des Imp├┤ts KESSE FE (HMI KF)',7,2),(458,'CLINIQUE M├¿re Marie',7,2),(459,'CLINIQUE LE ROCHER',7,2),(460,'CLINIQUE Ste TRINITE de la VIE',7,2),(461,'CLINIQUE Ste HENRIETTE',7,2),(462,'CMS CONFESSIONNEL Nimatoulahi de COCODY',7,2),(463,'INF-LC PUBLIC Lyc├®e Technique de COCODY',7,2),(464,'CENTRE MEDICALE LA COLOMBE 2PLTX 7e TRANCHE)',7,2),(465,'ESPACE MEDICAL ATTOBAN',7,2),(466,'CSU-DM PUBLIC de COCODY M\'POUTO',7,2),(467,'INF-LC PUBLIC Lyc├®e Classique de COCODY',7,2),(468,'CLINIQUE NDI (RIVIERA PALMERAIE)',7,2),(469,'CLINIQUE SAINT VIATEUR',7,2),(470,'CENTRE MEDICAL INTERNATIONAL GOSPA',7,2),(471,'CENTRE MEDICAL BLEUTS (2 PLATEAUX)',7,2),(472,'CLINIQUE MEDICALE BEATITUDES',7,2),(473,'CLINIQUE ESPERANCE (RIVIERA 3)',7,2),(474,'CLINIQUE MEDICALE D\'ANGRE',7,2),(475,'CLINIQUE DE COCODY',7,2),(476,'INF-LC PUBLIC Lyc├®e Ste Marie de COCODY',7,2),(477,'CSR-DM PUBLIC de AKOUE-AGBAN',7,2),(478,'CSU-DM PUBLIC de ADJIN',7,2),(479,'CLINIQUE SAINT MOISE DES 2 PLATEAUX 7EME TRANCHE',7,2),(480,'CLINIQUE LES DEUX OLIVIERS DE RIVIERA PALMERAIE',7,2),(481,'ICT FORCES SPECIALES COCODY',7,2),(482,'ICT 1er BCP AKOUEDO',7,2),(483,'CMM 1er BATAILLON AKOUEDO',7,2),(484,'ICT EMPT BINGERVILLE',7,2),(485,'ICT GSPR COCODY',7,2),(486,'ICT ECOLE GEND ABIDJAN',7,2),(487,'H├┤pital M├¿re-Enfant OUATTARA DOMINIQUE de BINGERVILLE',7,2),(488,'INF-LC PUBLIC Coll├¿ge Moderne de COCODY',7,2),(489,'EPHN PUBLIC D\' ANGRE',7,2),(490,'CLINIQUE SALPETRIERE',7,2),(491,'SERVICE MEDICO-SOCIAL DE BNETD',7,2),(492,'SERVICE MEDICO-SOCIAL DE RTI',7,2),(493,'SERVICE MEDICO-SOCIAL DE SODEFOR',7,2),(494,'SERVICE MEDICO-SOCIAL DE SODEMI',7,2),(495,'SERVICE MEDICO-SOCIAL DE SOTRA COCODY',7,2),(496,'SERVICE MEDICO-SOCIAL DE SPDC',7,2),(497,'CABINET D\'OPTICIEN-LUNETIER SDOL INTERNATIONAL OPTIQUE',7,2),(498,'CABINET D\'OPTICIEN-LUNETIER LYNX OPTIQUE',7,2),(499,'CABINET D\'OPTICIEN-LUNETIER CRISTAL OPTIC CENTER',7,2),(500,'CABINET D\'OPTICIEN-LUNETIER ACCORD VISION',7,2),(501,'CABINET D\'OPTICIEN-LUNETIER LABEL VUE OPTIC',7,2),(502,'CABINET D\'OPTICIEN-LUNETIER SELECT OPTIC',7,2),(503,'CABINET D\'OPTICIEN-LUNETIER ATLANTIQUE OPTIQUE',7,2),(504,'CABINET D\'OPTICIEN-LUNETIER LDS/ VISION 2000',7,2),(505,'CABINET D\'OPTICIEN-LUNETIER OPTICIEN VISAGISTE DOKUI',7,2),(506,'CABINET D\'OPTICIEN-LUNETIER NEW OPTICAL',7,2),(507,'CABINET D\'OPTICIEN-LUNETIER SMART VISION',7,2),(508,'CABINET D\'OPTICIEN-LUNETIER TOP OPTIQUE',7,2),(509,'CABINET D\'OPTICIEN-LUNETIER HUGSLEY OPTICAL',7,2),(510,'CABINET D\'OPTICIEN-LUNETIER PREMIERE VUE',7,2),(511,'CABINET D\'OPTICIEN-LUNETIER OPTIC ARC EN CIEL',7,2),(512,'CABINET D\'OPTICIEN-LUNETIER MON BEL\'┼ÆIL OPTIQUE',7,2),(513,'CABINET D\'OPTICIEN-LUNETIER Z\'OPTIC',7,2),(514,'CENTRE MEDICAL CONFESSIONNEL CMR3',7,2),(515,'CENTRE MEDICO-SOCIAL PRESBYTERIEN',7,2),(516,'CENTRE MEDICO DENTAIRE LES ELIAS DU JARDIN',7,2),(517,'CABINET DENTAIRE MODERNE ORTHO',7,2),(518,'CENTRE KINESITHERAPIE ET DE READAPTATION FONCTIONNELLE KINE PLURIEL',7,2),(519,'CABINET D\'OPTICIEN-LUNETIER COCODY OPTIC',7,2),(520,'CABINET D\'OPTICIEN-LUNETIER LA PAIRE GLASSES COTE D\'IVOIRE',7,2),(521,'CLINIQUE MEDICALE EVE DE RIVIERA PALMERAIE',7,2),(522,'CENTRE MEDICAL THEMIS DE COCODY ANGR├ë',7,2),(523,'CENTRE MEDICAL RIVIERA AMBASSADE',7,2),(524,'CENTRE MEDICAL EDEN PARK HOSPITAL DE COCODY ANGR├ë',7,2),(525,'CENTRE MEDICAL OFFMANN DE COCODY ANGR├ë',7,2),(526,'CENTRE MEDICAL 8e TRANCHE',7,2),(527,'CABINET DENTAIRE LATRILLE',7,2),(528,'CABINET DENTAIRE FAYA CARREFOUR',7,2),(529,'CABINET D\'OPTICIEN-LUNETIER CLIN D\'┼ÆIL OPTIQUE',7,2),(530,'CABINET D\'OPTICIEN-LUNETIER SHERYL\'M',7,2),(531,'CABINET D\'OPTICIEN-LUNETIER L\'COM LUNETTE',7,2),(532,'CABINET D\'OPTICIEN-LUNETIER PROFESSIONNEL OPTIC DE COCODY',7,2),(533,'CABINET D\'OPTICIEN-LUNETIER QUEEN OPTIC CI',7,2),(534,'CABINET D\'OPTICIEN-LUNETIER BARAKA OPTIC DE PLATEAU-DOKUI',7,2),(535,'CABINET D\'OPTICIEN-LUNETIER MON OPTICIEN ABLOKOV',7,2),(536,'CABINET D\'OPTICIEN-LUNETIER VISION CONFORT',7,2),(537,'CABINET D\'OPTICIEN-LUNETIER ┼ÆIL ET VISION',7,2),(538,'CABINET D\'OPTICIEN-LUNETIER SAINT URIEL',7,2),(539,'CABINET D\'OPTICIEN-LUNETIER OPTIC+ GROUPE',7,2),(540,'CSU-M PRIVEE EVE-VIE',7,2),(541,'CSU-M PRIVEE LA SAGESSE',7,2),(542,'CSUS-SSSU 2 PUBLIC DE COCODY',7,2),(543,'CMS PRIV├ë DROP IN CENTER ESPACE CONFIANCE DE COCODY BINGERVILLE',7,2),(544,'CSU-DM PUBLIC DE HENRIETTE DAGRI DIABATE',7,2),(545,'CLINIQUE LA GRACE DIVINE DE COCODY',7,2),(546,'POLYCLINIQUE Sacr├®-C┼ôur Abidjan',7,2),(547,'CLINIQUE MEDICALE EMERAUDES SAINT PADRE PIO',7,2),(548,'CLINIQUE MEDICALE NOTRE DAME DES VICTOIRES d\'ABATTA',7,2),(549,'CLINIQUE MEDICALE DU LAVAGE',7,2),(550,'CLINIQUE MEDICALE SANTE MATERNELLE ET INFANTILE',7,2),(551,'HOTEL MEDICAL SAINT NICOLAS',7,2),(552,'CLINIQUE MEDICALE LA CHRYSALIDE de COCODY',7,2),(553,'CLINIQUE MEDICALE NOTRE DAME DE L\'ESPERANCE de COCODY',7,2),(554,'CENTRE MEDICAL SOUMEYA',7,2),(555,'CENTRE D\'OPHTALMOLOGIE ET OTO-RHINO-LARYNGOLOGIE DE L\'INDENIE',7,2),(556,'CENTRE D\'INVESTIGATION MEDICALES ET RADIOLOGIE (CIRAD)',7,2),(557,'CENTRE MEDICAL ALTHEA',7,2),(558,'CABINET DENTAIRE LUMIERE',7,2),(559,'CABINET DE SOPHROLOGIE SERENISSIME',7,2),(560,'DIAMOND OPTIQUE',7,2),(561,'Optic Center Bonoumin',7,2),(562,'IDEAL\' OPTIQUE',7,2),(563,'CABINET DENTAIRE DIAHA',7,2),(564,'CABINET DENTAIRE des II PLATEAUX',7,2),(565,'CABINET DENTAIRE BLESSING FIELD',7,2),(566,'CABINET DENTAIRE B CONCEPTS',7,2),(567,'ELITE CABINET DENTAIRE',7,2),(568,'CENTRE de SOINS INFIRMIERS SAINTE MARIE',7,2),(569,'INFIRMERIE CHRIST ROI de L\'UNIVERS',7,2),(570,'INFIRMERIE PRIVEE LA PAIX',7,2),(571,'CENTRE M├ëDICAL INTIMA',7,2),(572,'CENTRE M├ëDICAL DOCTEUR VIRAPIN',7,2),(573,'CENTRE M├ëDICAL SOURIRE D\'ENFANCE',7,2),(574,'CENTRE M├ëDICAL PHILADELPHIE',7,2),(575,'CENTRE M├ëDICAL LE JOURDAIN',7,2),(576,'CENTRE M├ëDICAL SOUMEYA',7,2),(577,'CENTRE D\'INVESTIGATION MEDICALES ET RADIOLOGIE',7,2),(578,'CENTRE M├ëDICAL ALTHEA',7,2),(579,'CENTRE M├ëDICAL BERACA',7,2),(580,'CSF MEDICAL CENTER',7,2),(581,'GMP COCODY',7,2),(582,'ESPACE MEDICAL JADE',7,2),(583,'CENTRE M├ëDICAL SAINTE ILLA',7,2),(584,'CENTRE M├ëDICAL RIVERA AMBASSADE',7,2),(585,'CENTRE M├ëDICAL INRI',7,2),(586,'CLINIQUE MEDICALE NOTRE DAME de L\'ESPERANCE',7,2),(587,'H├öPITAL ISLAMIQUE DALOA',7,2),(588,'CLINIQUE AM├ëRICAINE D\'ABIDJAN',7,2),(589,'CLINIQUE M├ëDICALE NOTRE DAME des VICTOIRE D\'ABATTA',7,2),(590,'CLINIQUE M├ëDICALE du LAVAGE',7,2),(591,'H├öTEL M├ëDICAL SAINT NICOLAS',7,2),(592,'CLINIQUE NOTRE DAME de L\'INCARNATION',7,2),(593,'POLYCLINIQUE des II PLATEAUX',7,2),(594,'POLYCLINIQUE SACR├ë-C┼ÆUR D\'ABIDJAN',7,2),(595,'CABINET MEDICAL GLADYS',7,2),(596,'CABINET MEDICAL NADINE',7,2),(597,'CABINET MEDICAL DE L\'AMITIE',7,2),(598,'ORTHOTECHNIQ',7,2),(599,'CENTRE MEDICAL COCOVICO',7,2),(600,'SMILES DENTAL',7,2),(601,'CHAMS OPTIQUE',7,2),(602,'CLINIQUE MEDICALE EVE',7,2),(603,'CLINIQUE MEDICALE BELAH',7,2),(604,'CLINIQUE MEDICO-CHIRURGICALE SIRINE',7,2),(605,'CLINIQUE MEDICALE SAINTE TRINITE DE LA VIE',7,2),(606,'CENTRE MEDICAL CARDIO-RESPIRATOIRE 2 DIT LEMANIA',7,2),(607,'LA MISERICORDE ESPACE MEDICAL',7,2),(608,'CENTRE MEDICAL MARIE ADADE',7,2),(609,'CENTRE MEDICAL SPECIALISE RIVIERA AMBASSADE',7,2),(610,'CENTRE D\'OPHTALMOLOGIE SILOAM',7,2),(611,'CENTRE D\'IMAGERIE CESAM',7,2),(612,'CENTRE DE PATHOLOGIQUE PRIVE D\'ABIDJAN en abr├®g├®e CPPA',7,2),(613,'SERVICE D\'ANALYSES MEDICALES MONDIAL SANTE',7,2),(614,'CABINET DENTAIRE MODERN\'ORTHO',7,2),(615,'CENTRE D\'OPHTALMOLOGIE DU BOULEVARD DES MARTYRS',7,2),(616,'CENTRE MEDICAL HANNIEL',7,2),(617,'CENTRE MEDICAL LES ABES',7,2),(618,'CENTRE MEDICAL SAMIRA',7,2),(619,'CENTRE MEDICAL CESAM',7,2),(620,'CENTRE MEDICAL KAPP SANTE',7,2),(621,'CENTRE DE CONSEIL ET DE SOINS AMBULATOIRE PRESTAMED CI',7,2),(622,'ANATOMIE GROUP',7,2),(623,'CABINET DE KINESITHERAPIE EMMANUEL(CKE)',7,2),(624,'MATERNITE KLODA',7,2),(625,'SDOL RIVIERA',7,2),(626,'CENTRE DE SOINS INFIRMIERS KLODA',7,2),(627,'INFIRMERIE DIVIN AMOUR',7,2),(628,'VIRTUAL OPTIQUE',7,2),(629,'ESSILOR SIVO CI',7,2),(630,'OPTIQUE MOONS',7,2),(631,'OPTIC 2000',7,2),(632,'OPTIQAL BUDGET VALLON',7,2),(633,'HUGSLEY OPTICAL',7,2),(634,'CENTRE OPTIQUE MEDICAL',7,2),(635,'ELLE & LUI OPTIK',7,2),(636,'EPHN PUBLIC de COCODY',7,2),(637,'CSUS-SAMU PUBLIC de COCODY',7,2),(638,'CSUS-CDV PSI ONG Espoir Fanci de COCODY',7,2),(639,'CSUS-CDV IPCI de COCODY',7,2),(640,'CSU COM PUBLIC AKOUEDO ATTIE',7,2),(641,'CENTRE MEDICAL du BETHEL',7,2),(642,'CSUS-SSSU PUBLIC de COCODY-INSAAC',7,2),(643,'CSU-DM PUBLIC GOBELET',7,2),(644,'CSUS-SSSU PUBLIC de COCODY-SUD',7,2),(645,'CLINIQUE LA PROVIDENCE',7,2),(646,'POLYCLINIQUE GR├éCES DIVINES',7,2),(647,'CSU-D PUBLIC de COCODY NORD',7,2),(648,'CLINIQUE MEDICALE TASSALA',8,2),(649,'CENTRE OPTIQUE PRESTIGE',8,2),(650,'EPHD PUBLIC de KOUMASSI',8,2),(651,'CSUS-SSSU PUBLIC de KOUMASSI',8,2),(652,'CSU-DM COMMUNAUTAIRE de KOUMASSI GD-CAMPEMENT',8,2),(653,'CMS PUBLIC Oasis M├¿re Th├®r├¿sa de KOUMASSI',8,2),(654,'CSUS-CAT PUBLIC de KOUMASSI',8,2),(655,'CSU-DM COMMUNAUTAIRE de KOUMASSI PANGOLIN',8,2),(656,'CSU-DM COMMUNAUTAIRE Zo├® Bruno de KOUMASSI',8,2),(657,'INF-LC PUBLIC Lyc├®e Municipal de KOUMASSI',8,2),(658,'CSU-DM COMMUNAUTAIRE de KOUMASSI DIVO',8,2),(659,'INF-LC PUBLIC Lyc├®e Moderne de KOUMASSI',8,2),(660,'CSU-D PRIVE-ONG AJPSD',8,2),(661,'POLYCLINIQUE de KOUMASSI',8,2),(662,'Centre M├®dical de KOUMASSI',8,2),(663,'CENTRE MEDICAL Les RUCHES de KOUMASSI',8,2),(664,'CMS PRIVE- ONG sant├® de KOUMASSI',8,2),(665,'CMS CONFESIONNEL Ste Th├®r├¿se Enfant Jesus de KOUMASSI AKLOMIABLA',8,2),(666,'ICT ESC 4/1 GEND KOUMASSI',8,2),(667,'ICT EGS KOUMASSI',8,2),(668,'CSUS-SSSU PUBLIC de KOUMASSI 2',8,2),(669,'CENTRE M├ëDICO-SOCIAL EL KABOD',8,2),(670,'CENTRE M├ëDICO-SOCIAL SAINT-ETIENNE',8,2),(671,'CLINIQUE M├ëDICALE IRYS',8,2),(672,'CLINIQUE M├ëDICALE SAINTE KARINE',8,2),(673,'CENTRE M├ëDICAL RAHINATH',8,2),(674,'CENTRE M├ëDICAL SAINTE GWLADYS',8,2),(675,'INFIRMERIE PRIV├ëE SAINT-ETIENNE',8,2),(676,'CENTRE M├ëDICAL SOURCE DE VIE',8,2),(677,'MATERNIT├ë PRIV├ëE B├ëON BETHEL',8,2),(678,'SERVICE MEDICO-SOCIAL DE SOTRA KOUMASSI',8,2),(679,'CABINET D\'OPTICIEN-LUNETIER M.OPTIQUE',8,2),(680,'CABINET D\'OPTICIEN-LUNETIER OPTIQUE SUBLIME REGARD',8,2),(681,'CABINET D\'OPTICIEN-LUNETIER VISUEL OPTIQUE',8,2),(682,'INFIRMERIE PRIVEE BON SECOURS',8,2),(683,'ONG AJSPD de KOUMASSI',8,2),(684,'ONG SOLFEV',8,2),(685,'ONG WAWADOU',8,2),(686,'ONG FEMMES ACTIVES',8,2),(687,'CABINET DENTAIRE de KOUMASSI',8,2),(688,'CENTRE SOCIAL de KOUMASSI',8,2),(689,'INFIRMERIE PRIVEE N\'GOUANE',8,2),(690,'MATERNITE BEON BETHEL',8,2),(691,'CENTRE MEDICAL DU REMBLAIS',8,2),(692,'CENTRE MEDICAL NOTRE DAME DE LOURDES',8,2),(693,'RADIOLOGIE IMAGERIE MEDICALE CANAAN',8,2),(694,'CENTRE DE SOINS INFIRMIERS ZATCHA',8,2),(695,'CABINET D\'ORTHOP├ëDIE ELITE READAPTATION DE KOUMASSI',8,2),(696,'GLOIRE OPTICOL',8,2),(697,'CENTRE OPTIQUE DE KOUMASSI',8,2),(698,'CSU-DM COMMUNAUTAIRE de KOUMASSI AKLOMIABLA',8,2),(699,'CMS PRIVE-ONG CIAK de KOUMASSI',8,2),(700,'MEDIVAS',9,2),(701,'CSR-D PUBLIC ABOUABOU de PORT-BOUET',9,2),(702,'EPHD PUBLIC de PORT-BOUET',9,2),(703,'CSUS-SSSU PUBLIC de PORT-BOUET',9,2),(704,'CSU-DM PUBLIC Municipal Derri├¿re WARF de PORT-BOUET',9,2),(705,'INF-LC PUBLIC Lyc├®e Moderne de PORT-BOUET',9,2),(706,'CMS CONFESSIONNEL Caritas de PORT-BOUET',9,2),(707,'CSR-DM PUBLIC Bloc 500 de PORT-BOUET',9,2),(708,'HOPITAL MUNICIPAL de PORT-BOUET VRIDI-CITE',9,2),(709,'POLYCLINIQUE CROISSANT ROUGE de PORT-BOUET',9,2),(710,'INF-LC PUBLIC Cit├® U de PORT-BOUET',9,2),(711,'CM PRIVE BLATA',9,2),(712,'CSR-DM PUBLIC ADJAHUI-COUBE',9,2),(713,'INHP de GONZAGUEVILLE',9,2),(714,'CSUS-CDV Communautaire CEDV de Port-Bouet',9,2),(715,'CMS CONFESSIONNEL Croix Rouge de PORT-BOUET GONZAGUEVILLE',9,2),(716,'CMS CONFESSIONNEL P├¿re CARMES de PORT-BOUET GONZAGUEVILLE',9,2),(717,'INF-LC PUBLIC Lyc├®e Municipal de PORT-BOUET',9,2),(718,'CSU-DM COMMUNAUTAIRE (Pointe des fumeurs) de PORT-BOUET VRIDI 3',9,2),(719,'CSU-DM PUBLIC de PORT-BOUET AKO-BRAKE',9,2),(720,'CENTRE M├ëDICAL LA PAIX',9,2),(721,'CLINIQUE M├ëDICALE EMERAUDE',9,2),(722,'CLINIQUE M├ëDICALE SAINTE-MARIE DE PORT-BOU├ïT',9,2),(723,'CENTRE M├ëDICAL ESPACE DEL PIERRO DE PORT-BOU├ïT',9,2),(724,'CLINIQUE SAINT MICHEL',9,2),(725,'SERVICE MEDICO-SOCIAL DE CI-ENERGIES',9,2),(726,'SERVICE MEDICO-SOCIAL DU PORT AUTONOME D\'ABIDJAN',9,2),(727,'SERVICE MEDICO-SOCIAL DE SODEXAM',9,2),(728,'SERVICE MEDICO-SOCIAL DE SOTRA PORT-BOUET',9,2),(729,'CENTRE DE SOINS INFIRMIERS PORT BOUET',9,2),(730,'CSU-M PRIVEE ANNE EUNICE',9,2),(731,'MATERNITE PRIVEE SAINT MATHIEU',9,2),(732,'MATERNITE VLYNDIS',9,2),(733,'CSR-D PUBLIC d\'AMANGOUA',9,2),(734,'CSUS-CDV DE PORT-BOU├ïT',9,2),(735,'CABINET PARAMEDICAL GOHIZA',9,2),(736,'CENTRE M├ëDICAL DIVINE ESPERANCE',9,2),(737,'CLINIQUE M├ëDICALE SHALOM',9,2),(738,'CSU-DM PUBLIC d\'ANANI',9,2),(739,'CENTRE MEDICAL VICTORIA',9,2),(740,'CENTRE MEDICAL C┼ÆUR D\'ESPERANCE',9,2),(741,'MATERNITE ANNE EUNICE',9,2),(742,'CENTRE DE SOINS A PORT BOUET',9,2),(743,'CSU-DM PRIVE-ONG Plyclinique Croissant Rouge de PORT-BOUET ADJOUFFOU',9,2),(744,'CSU-DM COMMUNAUTAIRE de PORT-BOUET GONZAGVILLE',9,2),(745,'CM PRIVE Clinique Atlantique de PORTBOUET',9,2),(746,'CM PRIVE Clinique Verseau de PORTBOUET',9,2),(747,'CSU-D PUBLIC Centre M├®dical Base A├®rienne de PORTBOUET',9,2),(748,'CMS CONFESSIONNEL Caritas de VRIDI CANAL',9,2),(749,'CSU-DM PRIVE-ONG Cri de Coeur de PORT-BOUET',9,2),(750,'FSU COMMUNAUTAIRE de PORT-BOUET VRIDI CANAL',9,2),(751,'CLINIQUE MEDICALE MALON',9,2),(752,'CLINIQUE CEMAAS TREICHVILLE',10,2),(753,'CLINIQUE MEDICALE CHAPEDEC',10,2),(754,'CLINIQUE MEDICALE MEDITEX',10,2),(755,'CENTRE MEDICAL PREVENTIC AFRIC',10,2),(756,'EPHD PUBLIC de MARCORY-CENTRE',10,2),(757,'CSUS-SSSU PUBLIC de MARCORY-CENTRE',10,2),(758,'EPHN PUBLIC de TREICHVILLE',10,2),(759,'CSU-DM COMMUNAUTAIRE Aliodan de MARCORY',10,2),(760,'INHP PUBLIC de TREICHVILLE',10,2),(761,'CNTS PUBLIC Centre National de Transfusion Sanguine de TREICHVILLE',10,2),(762,'CHS PUBLIC ICA de TREICHVILLE',10,2),(763,'CSUS-CAT PUBLIC de TREICHVILLE',10,2),(764,'CMS PUBLIC Habitat Craone Entente de TREICHVILLE',10,2),(765,'CSUS-USAC PUBLIC de TREICHVILLE',10,2),(766,'FSU COMMUNAUTAIRE HKB de MARCORY ANOUMABO',10,2),(767,'EPHD PUBLIC Jean DELAFOSSE de TREICHVILLE',10,2),(768,'CSU-D PUBLIC Pont Houphou├¬t de TREICHVILLE',10,2),(769,'CSU-D PUBLIC Dispensaire Communal de TREICHVILLE',10,2),(770,'CMS PRIVE Avenue 1 de TREICHVILLE',10,2),(771,'CSUS-SSSU PUBLIC Entente de TREICHVILLE',10,2),(772,'CSUS-SMIT PUBLIC CHU de TREICHVILLE',10,2),(773,'INF-LC PUBLIC Coll├¿ge Moderne Autoroute de TREICHVILLE',10,2),(774,'CSUS-PPH PUBLIC CHU de TREICHVILLE',10,2),(775,'POLYCLINIQUE AVICIENNES de MARCORY',10,2),(776,'Clinique Nanan Yamoussou',10,2),(777,'Polyclinique H├┤tel dieu',10,2),(778,'CSUS-SSSU PUBLIC INFAS de TREICHVILLE',10,2),(779,'ICT GARDE REPUBLICAINE TREICHVILLE',10,2),(780,'ICT 2├¿me CIE GSPM ZONE 4',10,2),(781,'ICT GROUPE SECURITE PORTUAIRE ABIDJAN',10,2),(782,'SERVICE MEDICO-SOCIAL DE AIGF',10,2),(783,'SERVICE MEDICO-SOCIAL DE SOTRA TREICHVILLE',10,2),(784,'CABINET D\'OPTICIEN-LUNETIER GOD OPTIC',10,2),(785,'CABINET D\'OPTICIEN-LUNETIER OPTICAL DISCOUNT',10,2),(786,'CABINET D\'OPTICIEN-LUNETIER MONDIAL OPTIC PLUS',10,2),(787,'CABINET D\'OPTICIEN-LUNETIER EAGLE VISION',10,2),(788,'CABINET D\'OPTICIEN-LUNETIER FASHION VISION',10,2),(789,'CABINET D\'OPTICIEN-LUNETIER ALAIN AFFLELOU',10,2),(790,'LABORATOIRE DE PROTHESE DENTAIRE PRO-ZIRCON',10,2),(791,'LNSP PUBLIC Laboratoire Nationale de Sant├® Publique de TREICHVILLE',10,2),(792,'PSP PUBLIC de TREICHVILLE',10,2),(793,'CABINET D\'OPTICIEN-LUNETIER VISION ORIGINALE',10,2),(794,'CABINET D\'OPTICIEN-LUNETIER JUST\' UN REGARD',10,2),(795,'CENTRE MEDICAL AKWABA DE TREICHVILLE',10,2),(796,'CENTRE MEDICAL ESPACE RAPHA SANTE DE TREICHVILLE',10,2),(797,'CABINET MEDICAL CYBELLE DE MARCORY',10,2),(798,'CABINET DENTAIRE ZORKOT',10,2),(799,'ESPACE SANTE MON ENFANT MON C┼ÆUR',10,2),(800,'CENTRE M├ëDICAL AFRIKBIO',10,2),(801,'CENTRE MEDICAL SMO',10,2),(802,'CLINIQUE MEDICALE SAINTE MYRIADES',10,2),(803,'FASHION VISION',10,2),(804,'CENTRE MEDICAL RACHAM',10,2),(805,'CENTRE MEDICAL CIMEDIC',10,2),(806,'CENTRE MEDICAL ESPACE SANTE MON ENFANT MON C┼ÆUR',10,2),(807,'CENTRE MEDICAL IMANE',10,2),(808,'NEW CABINET MEDICAL KAHYDARA',10,2),(809,'CABINET MEDICAL LUXURY CLINIC',10,2),(810,'CENTRE MEDICAL SMILE INFINITY',10,2),(811,'CENTRE D\'IMAGERIE CIMEDIC',10,2),(812,'CABINET DENTAIRE CIMEDIC',10,2),(813,'CENTRE MEDICAL SMGL',10,2),(814,'CENTRE MEDICAL F2M',10,2),(815,'CENTRE MEDICAL DE L\'IMMACULEE CONCEPTION',10,2),(816,'OPTIC VIE INTERNATIONAL',10,2),(817,'CENTRE INTERNATIONAL DE CORRECTION AUDITIVE',10,2),(818,'SDOL INTERNATIONAL OPTIQUE ZONE 4',10,2),(819,'JOB OPTIQUE',10,2),(820,'KEVAJO\' OPTIC',10,2),(821,'CSU-DM COMMUNAUTAIRE Arras II Place Enersto de TREICHVILLE',10,2),(822,'CSUS-CDV PRIVE AIBEF de TREICHVILLE',10,2),(823,'CSUS-CDV PRIVE CIRBA de TREICHVILLE',10,2),(824,'CSUS-CDV PRIVE HOPE de TREICHVILLE',10,2),(825,'CSUS-CDV PRIVE La Pierre Angulaire de TREICHVILLE',10,2),(826,'CSUS-CDV PRIVE Centre Social de MARCORY',10,2),(827,'CSUS-CDV PRIVE Clinique de Confiance de BIETRY',10,2),(828,'CSU-DM PRIVE ASAPSU Aliodan de MARCORY',10,2),(829,'CSU-D PUBLIC Palais de la Culture de TREICHVILLE',10,2),(830,'POLYCLINIQUE LES GR├éCES',10,2),(831,'CLINIQUE POLYMED',10,2),(832,'CLINIQUE MEDICALE ROCHE',10,2),(833,'CMS PRIVE SEMPA de MARCORY-TREICHVILLE',10,2),(834,'CSR-DM PUBLIC de OFFA',11,3),(835,'CSR-M PUBLIC de ODOGUIE',11,3),(836,'CSUS-CAT PUBLIC de AGBOVILLE',11,3),(837,'CSR-I PUBLIC de M\'BROU',11,3),(838,'CSR-DM PUBLIC de ANANGUIE',11,3),(839,'CSR-D PUBLIC de ABE-BEGNINI',11,3),(840,'INF-P de la Maison d\'Arr├¬t de AGBOVILLE',11,3),(841,'INF-PV PRIVE Cotivo de AGBOVILLE',11,3),(842,'INF-PV Saint Cl├®ment RAN d\' AGBOVILLE',11,3),(843,'INF-LC PUBLIC Coll├¿ge Moderne de AGBOVILLE',11,3),(844,'CSR-M PUBLIC de OFFOUM\'PO',11,3),(845,'CSUS-CDV Communautaire ASSOCIATION OMOUHO de AGBOVILLE',11,3),(846,'CSR-D PUBLIC de BANGUIE 2',11,3),(847,'CSR-D PUBLIC de ARRAGUIE',11,3),(848,'CSR-D PUBLIC de LAPO',11,3),(849,'CSR-D PUBLIC de SEGUIE-BOGUIE',11,3),(850,'CSR-D PUBLIC de M\'BROME',11,3),(851,'INF-LC PUBLIC Lyc├®e Moderne de AGBOVILLE',11,3),(852,'CSR-D PUBLIC de GOUABO',11,3),(853,'CSR-D PUBLIC de OTOPE 1',11,3),(854,'CSR-D PUBLIC de M\'BERIE',11,3),(855,'CSR-D PUBLIC de WAHIN',11,3),(856,'CSR-DM PUBLIC de EHOUEGUIE',11,3),(857,'CSR-D PUBLIC de GBESSE',11,3),(858,'CSR-D PUBLIC D\'ERYMAKOUGUIE 2',11,3),(859,'CSUS-CDV COMMUNAUTAIRE M\'PETE',11,3),(860,'CSR-D PUBLIC de KASSIGUIE',11,3),(861,'CSU-DM PUBLIC de KOUAKOUKRO-SOKOURA',11,3),(862,'CSR-D PUBLIC d\' OUELEZOUE',11,3),(863,'CSR-D PUBLIC d\' ALLANY',11,3),(864,'CSR-DM PUBLIC de KOTCHIMPO',11,3),(865,'CSR-D PUBLIC de BEDE N\'GORANPO',11,3),(866,'CSR-D PUBLIC d\' ERYMAKOUGUIE 1',11,3),(867,'CSR-DM PUBLIC de ABOUDE MANDEKE',11,3),(868,'EPHR PUBLIC de AGBOVILLE',11,3),(869,'CSUS-PMI PUBLIC de AGBOVILLE',11,3),(870,'CSUS-SSSU PUBLIC de AGBOVILLE',11,3),(871,'CSR-D PUBLIC ATTEHOU',11,3),(872,'CSR-DM PUBLIC de ANNO',11,3),(873,'CSR-DM PUBLIC de ATTOBROU',11,3),(874,'CSR-D PUBLIC de COPA',11,3),(875,'CSU-DM PUBLIC de GRAND-MORIE',11,3),(876,'CSR-DM PUBLIC de GRAND-YAPO',11,3),(877,'CSR-DM PUBLIC de GUESSIGUIE',11,3),(878,'CSU-DM PUBLIC de ORESS-KROBOU',11,3),(879,'CSR-DM PUBLIC de YAPO-GARE',11,3),(880,'CSU-DM PUBLIC de AZAGUIE',11,3),(881,'CSU-DM PUBLIC de RUBINO',11,3),(882,'CSU-DM PUBLIC de CECHI',11,3),(883,'CSR-D PUBLIC de ACHIEKOI',11,3),(884,'CSR-D PUBLIC de GRAND MOUTCHO',11,3),(885,'CSR-D PUBLIC de ELEVI',11,3),(886,'CSR-D PUBLIC de LOVIGUIE',11,3),(887,'CSR-D PUBLIC de AMANGBEU',11,3),(888,'MATERNITE PRIVEE BONNE SANTE',12,3),(889,'CSR-D PUBLIC de YAOBOU',12,3),(890,'CSR-D PUBLIC de BAKANOU B',12,3),(891,'INF-Lyc├®e Municipal de SIKENSI',12,3),(892,'CSR-DM PUBLIC de BRAFOUEBI',12,3),(893,'CSR-DM PUBLIC DE SOUKOUKRO',12,3),(894,'CSR-DM PUBLIC de BECEDI',12,3),(895,'CSR-DM PUBLIC de ELIBOU',12,3),(896,'CSU-DM PUBLIC de GOMON',12,3),(897,'CSR-D PUBLIC de KATADJI',12,3),(898,'EPHD PUBLIC de SIKENSI',12,3),(899,'CSUS-SSSU PUBLIC DE SIKENSI',12,3),(900,'CSR-DM PUBLIC d\' ABIEHOU',12,3),(901,'CSR-DM PUBLIC de SAHUYE',12,3),(902,'CSR-D PUBLIC de BAKANOU A',12,3),(903,'CENTRE MEDICAL VIE',13,3),(904,'CSR-D PUBLIC de M\'BRIMBO',13,3),(905,'INF-LC PUBLIC BAD de N\'DOUCI',13,3),(906,'EPHD PUBLIC de TAABO',13,3),(907,'CSU-D PUBLIC Centre de Zone de TAABO',13,3),(908,'CSU-DM PUBLIC de BINAO-BOUSSOUE',13,3),(909,'CSR-DM PUBLIC de BROUBROU',13,3),(910,'CSU-DM PUBLIC de MOROKRO',13,3),(911,'CSU-DM PUBLIC de N\'DOUCI',13,3),(912,'CSU-DM PUBLIC de PACOBO',13,3),(913,'EPHD PUBLIC de TIASSALE',13,3),(914,'INF-LC PUBLIC Lyc├®e Moderne de TIASSALE',13,3),(915,'CSR-DM PUBLIC de KOTIESSOU',13,3),(916,'CSU-DM PUBLIC de N\'ZIANOUAN',13,3),(917,'CSR-DM PUBLIC de BOUSSOUKRO',13,3),(918,'CSR-DM PUBLIC de KONDJEBOUMAN',13,3),(919,'CENTRE MEDICAL SCB de TIASSALE',13,3),(920,'CSR-DM PUBLIC de AHONDO',13,3),(921,'CSR-D PUBLIC de KATCHENOU',13,3),(922,'CSU-DM PUBLIC de AFFIKRO',13,3),(923,'CDT-DS Tiassal├®',13,3),(924,'CSR-D PUBLIC de AHIROA',13,3),(925,'CSR-D PUBLIC de KASSASSO',13,3),(926,'CSR-D PUBLIC de BODO',13,3),(927,'CSR-DM PUBLIC de ATTIGUEI',13,3),(928,'CSR-DM PUBLIC de TAABO VILLAGE',13,3),(929,'ICT CENTRE DE SECOURS GSPM N\'ZIANOUAN',13,3),(930,'CSUS-SSSU-SAJ PUBLIC DE TIASSALE',13,3),(931,'H├öPITAL ST JEAN-BAPTISTE de BODO (dist. TIASSAL├ë)',13,3),(932,'CSR-D PUBLIC de N\'DENOU',13,3),(933,'CSR-DM PUBLIC DE AHOUATY',13,3),(934,'CSR-DM PUBLIC de AHEREMOU 2',13,3),(935,'CSR-DM PUBLIC de AHOUAKRO',13,3),(936,'CABINET D\'OPTICIEN-LUNETIER METHODIC VISION',13,3),(937,'CSR-D PUBLIC DE SAHOUA (dist. TIASSALE)',13,3),(938,'CSR-D PUBLIC de KOUAMEKRO',13,3),(939,'CSR-DM PUBLIC de BROUKRO (dist. TIASSALE)',13,3),(940,'CSR-DM PUBLIC de AHUA',13,3),(941,'CSR-D PUBLIC de KRAVASSOU',13,3),(942,'CSR-D PUBLIC de M\'BRAKRO (dist. TIASSALE)',13,3),(943,'CSR-D PUBLIC de NIAMAZRA',13,3),(944,'CSR-D PUBLIC d\' AKALEKRO',13,3),(945,'CENTRE DE SOINS INFIRMIERS ROND POINT DE TIASSALE',13,3),(946,'CSR-DM PUBLIC de SINGROBO',13,3),(947,'CSR-DM PUBLIC de TOKOHIRI',13,3),(948,'CSR-D PUBLIC MAC de TIASSALE',13,3),(949,'CSR-DM PUBLIC de SOKROGBO',13,3),(950,'CSR-DM PUBLIC de LELEBLE',13,3),(951,'CSR-DM PUBLIC d\' ETICOON',13,3),(952,'CSUS-PMI PUBLIC de TIASSALE',13,3),(953,'CSR-DM PUBLIC de AMANI MENOU',13,3),(954,'CSR-DM PUBLIC de BOTINDE',13,3),(955,'CSU-DM PRIVE-ONG CAMES de TIASSALE',13,3),(956,'CSR-D PUBLIC de DENISEKRO',13,3),(957,'CSR-DM PUBLIC de KOFFINA',14,4),(958,'CSR-D PUBLIC de MANHANDOUGOU',14,4),(959,'CSU-DM PUBLIC de BOOKO',14,4),(960,'CSU-DM PUBLIC de BOROTOU',14,4),(961,'EPHD PUBLIC de KORO',14,4),(962,'CSU-DM PUBLIC de NIOKOSSO',14,4),(963,'CSR-DM PUBLIC de MOAMBASSO',14,4),(964,'CSR-M PUBLIC de BONTOU',14,4),(965,'CMS PRIVE Complexe Sucrier de BOROTOU',14,4),(966,'CSR-D PUBLIC de SANANKORO',14,4),(967,'CSR-D PUBLIC de KALASSI 1',14,4),(968,'CSR-D PUBLIC de SILAKOROBA',14,4),(969,'CSR-D PUBLIC de NIAMOUTOU',14,4),(970,'CSR-D PUBLIC de DESSENE',14,4),(971,'CSR-D PUBLIC de BADALA',14,4),(972,'CSR-D PUBLIC d\' OUROSSANISSO',14,4),(973,'CSR-DM PUBLIC de GOLOUTOULO',15,4),(974,'CSR-DM PUBLIC de BEKOSSO',15,4),(975,'CSR-DM PUBLIC de GOUEKRO',15,4),(976,'CSR-DM PUBLIC de GBENEMAN',15,4),(977,'CSR-D PUBLIC de  MEHIDOUGOU',15,4),(978,'CSU-DM PUBLIC de KOONAN',15,4),(979,'CSR-DM PUBLIC de SABOUDOUGOU',15,4),(980,'CSU-DM PUBLIC de FERENTELLA',15,4),(981,'EPHD PUBLIC de OUANINOU',15,4),(982,'CSU-DM PUBLIC de GANHOUE',15,4),(983,'CSR-DM PUBLIC de GOUEKAN',15,4),(984,'CSR-DM PUBLIC de TIAWE',15,4),(985,'CSR-DM PUBLIC de SANTA (s/p Koonan)',15,4),(986,'CSR-DM PUBLIC de MANDOUGOU',15,4),(987,'CSR-DM PUBLIC de ZABANAGORO',15,4),(988,'CSR-DM PUBLIC de GBELO',15,4),(989,'INF-M PUBLIC Garnison de TOUBA',16,4),(990,'CSR-DM PUBLIC de SAALA-DIOMAN',16,4),(991,'CSR-D PUBLIC de LANDOUE',16,4),(992,'CSR-DM PUBLIC de DARES-SALAM',16,4),(993,'CSR-DM PUBLIC de TOHA',16,4),(994,'CSR-D PUBLIC de DOLLA',16,4),(995,'CSR-D PUBLIC de BAKANDESSO',16,4),(996,'CSU-DM PUBLIC de GUINTEGUELA',16,4),(997,'CSR-DM PUBLIC de DIOMAN',16,4),(998,'CSU-DM PUBLIC de FOUNGBESSO',16,4),(999,'CSR-D PUBLIC de SILAKORO',16,4),(1000,'CSR-DM PUBLIC de SOKOURALA MAHOU',16,4),(1001,'EPHR PUBLIC de TOUBA',16,4),(1002,'CSUS-PMI PUBLIC de TOUBA',16,4),(1003,'CSUS-SSSU PUBLIC de TOUBA',16,4),(1004,'CSR-DM PUBLIC de DOH',16,4),(1005,'CSR-DM PUBLIC de FOUENAN',16,4),(1006,'CSR-D PUBLIC de SOUATIESSO',16,4),(1007,'CSUS-CAT PUBLIC de TOUBA',16,4),(1008,'CSR-DM PUBLIC de MADINA',16,4),(1009,'INF-P PUBLIC Prison Civil MAC de TOUBA',16,4),(1010,'CSR-DM PUBLIC D\' OUEBASSO',16,4),(1011,'CABINET D\'OPTICIEN-LUNETIER IDYLLOPTIC',16,4),(1012,'CSR-D PUBLIC de FOUBEDOUGOU',16,4),(1013,'CSR-D PUBLIC de KAMASSELLA',16,4),(1014,'CSR-D PUBLIC de SOROTANA',16,4),(1015,'CSR-D PUBLIC de BOUNDALA',16,4),(1016,'CSR-D PUBLIC de GBETEMA',16,4),(1017,'CSR-D PUBLIC de TOULO',16,4),(1018,'CSR-DM PUBLIC de GOUANA',16,4),(1019,'CSR-D PUBLIC de TIENFOU',16,4),(1020,'INHP-A PUBLIC de TOUBA',16,4),(1021,'CSR-DM PUBLIC de TIENKO (s/p Touba)',16,4),(1022,'CSU-I PUBLIC de TOUBA',16,4),(1023,'INF-PV PRIVE K├®n├®yasso de TOUBA',16,4),(1024,'CSR-D PUBLIC DE  KATIENDE',17,5),(1025,'CSR-D PUBLIC DE SIONFAN',17,5),(1026,'CSR-D PUBLIC DE GBALO',17,5),(1027,'CSR-D PUBLIC de KOFFRE',17,5),(1028,'CSR-D PUBLIC de KOUNOUMON',17,5),(1029,'CSR-D PUBLIC de PINDIOU',17,5),(1030,'CSR-D PUBLIC de GUINGRENI',17,5),(1031,'CSR-DM PUBLIC de CHIGATTA',17,5),(1032,'INFIRMERIE PRIVEE JERUSALEM',17,5),(1033,'CLINIQUE PRIVEE AMBROISE PARE',17,5),(1034,'CLINIQUE PRIVEE SITIOLOMAN',17,5),(1035,'CSR-D PUBLIC de NIEMPURGUE',17,5),(1036,'CSR-D PUBLIC de LANDOUGOU',17,5),(1037,'CSR-D PUBLIC de LAFI',17,5),(1038,'CSR-D PUBLIC de FONONDARA',17,5),(1039,'CSUS-CAT PUBLIC de Boundiali',17,5),(1040,'CSR-D PUBLIC DE DIOGO',17,5),(1041,'CSR-D PUBLIC DE YELE',17,5),(1042,'INF-P PUBLIC Prison Civil MAC de BOUNDIALI',17,5),(1043,'CSR-D PUBLIC de GBEMOU',17,5),(1044,'CSR-D PUBLIC de SELEHO',17,5),(1045,'CSR-D PUBLIC de NONKPARA',17,5),(1046,'CSR-D PUBLIC de PINVORO',17,5),(1047,'CSR-D PUBLIC de NONGANA',17,5),(1048,'CSR-D PUBLIC de KANITELEGUE',17,5),(1049,'CSR-D PUBLIC de KOUNDIN',17,5),(1050,'CSR-D PUBLIC de KANIENE (dist. BOUNDIALI)',17,5),(1051,'CSU-M PUBLIC BELE de BOUNDIALI',17,5),(1052,'CSR-D PUBLIC de PONONDOUGOU',17,5),(1053,'EPHD PUBLIC de BOUNDIALI',17,5),(1054,'CSUS-PMI PUBLIC de BOUNDIALI',17,5),(1055,'CSUS-SSSU PUBLIC de BOUNDIALI',17,5),(1056,'CSR-D PUBLIC de FODIO',17,5),(1057,'CSU-DM PUBLIC de GANAONI',17,5),(1058,'CSR-D PUBLIC de KEBI',17,5),(1059,'CSR-D PUBLIC de NONDARA',17,5),(1060,'CSR-D PUBLIC de OUAZOMON',17,5),(1061,'CSU-DM PUBLIC de SIEMPURGO',17,5),(1062,'CSR-D PUBLIC de SISSEDOUGOU',17,5),(1063,'CSR-D PUBLIC de TOMBOUGOU',17,5),(1064,'CSU-DM PUBLIC de BAYA',17,5),(1065,'CSU-DM PUBLIC de KASSERE',17,5),(1066,'CSR-D PUBLIC de TIASSO',17,5),(1067,'HG CONFESSIONNEL Baptiste de BOUNDIALI',17,5),(1068,'CMS PUBLIC de BOUNDIALI',17,5),(1069,'INF-PV PRIVE Tina Coulibaly de BOUNDIALI',17,5),(1070,'CSR-DM PUBLIC de MOUGNINI',18,5),(1071,'CSR-DM PUBLIC de BOYO',18,5),(1072,'CMS PRIVE CHRETIEN de KOUTO',18,5),(1073,'CSU-DM PUBLIC de GBON',18,5),(1074,'CSR-DM PUBLIC de DEMBASSO',18,5),(1075,'CSU-DM PUBLIC de KOLIA',18,5),(1076,'CSU-DM PUBLIC de BLESSEGUE',18,5),(1077,'CSR-DM PUBLIC de TOUNVRE',18,5),(1078,'CSR-D PUBLIC DE DOUASSO',18,5),(1079,'CSR-DM PUBLIC DE KORO',18,5),(1080,'CSR-DM PUBLIC de TIOGO',18,5),(1081,'CSU-DM PUBLIC de SANHALA',18,5),(1082,'CSR-D PUBLIC de SINGO',18,5),(1083,'CSR-D PUBLIC de SANAHOULE',18,5),(1084,'CSR-DM PUBLIC de WOMON',18,5),(1085,'CSR-D PUBLIC de PORTIO',18,5),(1086,'CSR-D PUBLIC de KELEGBALA',18,5),(1087,'CSR-D PUBLIC de MONONGO',18,5),(1088,'CSR-D PUBLIC de KPAFONON',18,5),(1089,'CSUS-SSSU PUBLIC DE KOUTO',18,5),(1090,'CSR-D PUBLIC de PONIAKELE',18,5),(1091,'CSR-D PUBLIC de GBINI',18,5),(1092,'CSR-D PUBLIC de ZIASSO',18,5),(1093,'CSR-D PUBLIC de TIORO',18,5),(1094,'CSR-D PUBLIC de KANTARA (KOUTO)',18,5),(1095,'CSR-D PUBLIC de ZANASSO 1 (dist. KOUTO)',18,5),(1096,'CSR-D PUBLIC de FANHANDOUGOU',18,5),(1097,'CSR-DM PUBLIC de MAHALE',18,5),(1098,'CSR-DM PUBLIC de N\'DEOU',18,5),(1099,'EPHD PUBLIC de KOUTO',18,5),(1100,'CSR-DM PUBLIC de TINDARA',18,5),(1101,'CSR-DM PUBLIC de WORA',18,5),(1102,'CSR-DM PUBLIC de ZAGUINASSO',18,5),(1103,'CSR-DM PUBLIC de TINASSO',18,5),(1104,'CSR-DM PUBLIC de NEGUEPIE',19,5),(1105,'CSU-DM PUBLIC DE SOKOURA (DS TENGRELA)',19,5),(1106,'CSU-DM PUBLIC de KANAKONO',19,5),(1107,'CSR-DM PUBLIC de LOMARA',19,5),(1108,'CSR-DM PUBLIC de BOLONA',19,5),(1109,'CSU-DM PUBLIC de DEBETE',19,5),(1110,'CSR-D PUBLIC de DIAMAKANI',19,5),(1111,'CSU-DM PUBLIC de PAPARA',19,5),(1112,'CSR-DM PUBLIC de SAN',19,5),(1113,'EPHD PUBLIC de TENGRELA',19,5),(1114,'CSUS-SSSU PUBLIC de TENGRELA',19,5),(1115,'CENTRE MEDICAL TRINITA',19,5),(1116,'CSR-D PUBLIC de BOUGOULA',19,5),(1117,'CSR-D PUBLIC DE ZELESSO',19,5),(1118,'CSR-D PUBLIC de DOUGBA',19,5),(1119,'CSR-DM PUBLIC de KOULOUSSON',19,5),(1120,'CSU-DM PUBLIC DE TENGRELA',19,5),(1121,'CSR-D PUBLIC de ZANIKAHA',19,5),(1122,'CSR-D PUBLIC de SISSINGUE',19,5),(1123,'CSR-D PUBLIC de DOUBASSO',19,5),(1124,'CSR-D PUBLIC de M\'BELE',19,5),(1125,'CSR-D PUBLIC de POUROU',19,5),(1126,'CSR-DM PUBLIC de POPO',19,5),(1127,'CSR-D PUBLIC de NANIASSO',19,5),(1128,'CSR-D PUBLIC d\' IRIBASSO',19,5),(1129,'CSR-DM PUBLIC de TIONGOLI',19,5),(1130,'CSR-D PUBLIC de ZANASSO',19,5),(1131,'INF-PV KENEYA de TENGRELA',19,5),(1132,'INHP-A PUBLIC de TENGRELA',19,5),(1133,'CSUS-PMI PUBLIC de TENGRELA',19,5),(1134,'ONG ASAL de TENGRELA',19,5),(1135,'CSR-DM PUBLIC d\'ALLANIKRO',20,6),(1136,'MATERNITE PRIVEE MIENRA-AHOULIESSOU',20,6),(1137,'CSR-DM PUBLIC de AKA-KOUAMEKRO',20,6),(1138,'CSR-D PUBLIC de N\'GUYAKRO',20,6),(1139,'CSR-D PUBLIC de YAAKRO',20,6),(1140,'CSR-I PUBLIC de BOLI',20,6),(1141,'EPHD PUBLIC de DIDIEVI',20,6),(1142,'CSR-D PUBLIC de GBANGBOSSOU',20,6),(1143,'CSR-D PUBLIC de KONDROKRO DJASSANOU',20,6),(1144,'CSR-D PUBLIC de KPEBO',20,6),(1145,'CSU-DM PUBLIC de RAVIART',20,6),(1146,'CSU-DM PUBLIC de TIE-N\'DIEKRO',20,6),(1147,'CSU-DM PUBLIC de MOLONOUBLE',20,6),(1148,'CSR-I PUBLIC de N\'DRIKRO',20,6),(1149,'CSR-D PUBLIC de N\'DA AKISSIKRO',20,6),(1150,'CSR-D PUBLIC de N\'ZIKPLI-SESSEKRO',20,6),(1151,'ONG EOUKA EOUN',20,6),(1152,'CSR-D PUBLIC d\' ATTEKRO',20,6),(1153,'CSR-D PUBLIC d\' ALLOCOKRO',20,6),(1154,'ONG LAFED de DIDIEVI',20,6),(1155,'CSR-D PUBLIC de KRAYABO',20,6),(1156,'CSR-DM PUBLIC de KONANSUIKRO',20,6),(1157,'CSR-D PUBLIC de POLONOU',20,6),(1158,'CSR-D PUBLIC d\' ASSIHUE',20,6),(1159,'CSR-D PUBLIC de KOKRO-KOUASSIKRO',20,6),(1160,'CSR-D PUBLIC de KOUASSI-KONGOKRO',20,6),(1161,'INF-LC PUBLIC LYCEE MODERNE de DIDIEVI',20,6),(1162,'CSR -D PUBLIC de PROPRONOU',21,6),(1163,'CSR -DM PUBLIC de ADIKRO',21,6),(1164,'CSR -D PUBLIC de KONGONOU',21,6),(1165,'CSR-D PUBLIC de ASSEMBO',21,6),(1166,'CSR-D PUBLIC de DUIBO',21,6),(1167,'CSU-DM PUBLIC de MOLONOU',21,6),(1168,'CSR-D PUBLIC de KONDEYAOKRO',21,6),(1169,'CSR-DM PUBLIC de AKOI NDENOU',21,6),(1170,'CSR-DM PUBLIC de PRANOUAN',21,6),(1171,'CSR-D PUBLIC de TAKI SALEKRO',21,6),(1172,'EPHD PUBLIC de TIEBISSOU',21,6),(1173,'CSR-D PUBLIC de AMAN SALEKRO',21,6),(1174,'CSR-DM PUBLIC de ASSE N\'GATTAKRO',21,6),(1175,'CSR-DM PUBLIC de N\'GATTADOLIKRO',21,6),(1176,'CSR-D PUBLIC de MINABO',21,6),(1177,'CSU-DM PUBLIC de LOMOKANKRO',21,6),(1178,'CSR-DM PUBLIC de YADIBIKRO',21,6),(1179,'CSR-DM PUBLIC de KOUA-KOUASSIKRO (DOMINIQUE OUATTARA)',21,6),(1180,'CSR-DM PUBLIC de N\'GANGORO A├ÅTOU',21,6),(1181,'ONG SDT',21,6),(1182,'INF-LC PUBLIC Lyc├®e Moderne de TIEBISSOU',21,6),(1183,'CSR-D PUBLIC de GROGRO',21,6),(1184,'CSR-D PUBLIC de N\'VLANKRO',21,6),(1185,'CSR-D PUBLIC de N\'GOIMBO',21,6),(1186,'CSR-D PUBLIC de N\'GANGORO-NANANFOUE',21,6),(1187,'CENTRE MEDICAL LA GRACE DE DIEU (DIST. TIEBISSOU)',21,6),(1188,'CSR-D PUBLIC de HOUMOINSOU',21,6),(1189,'CSR-D PUBLIC DE N\'ZISSIESSOU',21,6),(1190,'CSR-D PUBLIC de TOTOKRO',21,6),(1191,'CSR-D PUBLIC de ABIGUI-APANGOKRO-ASSAMOIKRO',21,6),(1192,'CSR-D PUBLIC de WAWAKRO',21,6),(1193,'CSR-DM PUBLIC de BONIANKRO',21,6),(1194,'CSR-DM PUBLIC de  AHOUGNANSSOU-ALLAHOU',21,6),(1195,'CSR-DM PUBLIC de ATTIENKOFFIKRO',21,6),(1196,'CSU-DM PUBLIC de YAKPABO-SAKASSOU',21,6),(1197,'CSR-DM PUBLIC de  ABOUAKAKRO 2',22,6),(1198,'CSR-D PUBLIC de LAHOUREBO',22,6),(1199,'CSR-D PUBLIC de ADAOU',22,6),(1200,'CSR-D PUBLIC de BERIABOUKRO',22,6),(1201,'CSR-D PUBLIC de TONTONOUKOFFIKRO',22,6),(1202,'MATERNITE PRIVE BETTHEL',22,6),(1203,'CLINIQUE MEDICAL TABITHA',22,6),(1204,'CSR-D PUBLIC de YOBOUEBO',22,6),(1205,'INF-PV PRIVE de NIAMKEKONANKRO',22,6),(1206,'CSU-DM PUBLIC Binawa de TOUMODI',22,6),(1207,'INF-LC PUBLIC Lyc├®e Moderne BAD de TOUMODI',22,6),(1208,'CSU-DM PUBLIC de KOKOUMBO',22,6),(1209,'CSU-DM PUBLIC de ANGODA',22,6),(1210,'EPHD PUBLIC de DJEKANOU',22,6),(1211,'CSR-DM PUBLIC de KONAN-KOKOREKRO',22,6),(1212,'CSU-DM PUBLIC de KPOUEBO',22,6),(1213,'CSR-DM PUBLIC de MORONOU',22,6),(1214,'EPHD PUBLIC de TOUMODI',22,6),(1215,'CSR-DM PUBLIC de BONIKRO',22,6),(1216,'CSR-DM PUBLIC de BRINGAKRO',22,6),(1217,'CSR-DM PUBLIC de ASSOUNVOUE',22,6),(1218,'CSR-DM PUBLIC de LOMO NORD (dist. Toumodi)',22,6),(1219,'CSR-DM PUBLIC de DJANGOMENOU',22,6),(1220,'INF-P PUBLIC Prison Civil MAC de TOUMODI',22,6),(1221,'CSR-DM PUBLIC de DIDABLE',22,6),(1222,'CSR-DM PUBLIC de AKAKRO N\'ZIPLI',22,6),(1223,'CSR-D PUBLIC de KETEKRE BONIKRO',22,6),(1224,'CSR-DM PUBLIC de N\'DOUKAHAKRO',22,6),(1225,'CSR-DM PUBLIC de ZAHAKRO',22,6),(1226,'CSR-DM PUBLIC de ASSAKRA',22,6),(1227,'CSUS-SSSU PUBLIC de TOUMODI',22,6),(1228,'INF-PV PRIVE Le BON BERGER de TOUMODI',22,6),(1229,'CSR-D PUBLIC de AKOUEKOUADIOKRO',22,6),(1230,'INF-LC PUBLIC Coll├¿ge Moderne de TOUMODI',22,6),(1231,'CSR-D PUBLIC de KAHANKRO (dist. TOUMODI)',22,6),(1232,'CSR-D PUBLIC de SAKASSOU (dist. Toumodi)',22,6),(1233,'CSR-D PUBLIC de N\'GUESSANBAKRO',22,6),(1234,'INF-PV PRIVE Tiacoh de TOUMODI',22,6),(1235,'INF-PV PRIVE Sanitas de TOUMODI',22,6),(1236,'INF-PV PRIVE Bouabr├® de TOUMODI',22,6),(1237,'CSR-D PUBLIC de OUAOUAKRO',22,6),(1238,'CLINIQUE MEDICALE ESPERANCE de TOUMODI',22,6),(1239,'CABINET D\'OPTICIEN-LUNETIER REVOLUTION OPTICALE',22,6),(1240,'CSR-D PUBLIC de BENDRESSOU',22,6),(1241,'CSR-D PUBLIC de GBONTI-SEREME',22,6),(1242,'CENTRE MEDICAL TABITHA',22,6),(1243,'CSR-D PUBLIC de N\'GUESSANKRO (dist. TOUMODI)',22,6),(1244,'CSR-D PUBLIC de YOBOUEKRO (dist. TOUMODI)',22,6),(1245,'INF-P PUBLIC Prison Civil MAC de SAN PEDRO',22,6),(1246,'CLINIQUE MEDICALE TABITHA',22,6),(1247,'CSR-DM PUBLIC de GBOHUA',22,6),(1248,'CSR-D PUBLIC de ABLI',22,6),(1249,'CSUS-PMI PUBLIC de TOUMODI',22,6),(1250,'CSR-DM PUBLIC de ASSINZE',22,6),(1251,'CSR-DM PUBLIC de LOUKOU-YAOKRO',22,6),(1252,'CSUS-SSSU SAJ 2 PUBLIC de YAMOUSSOUKRO',23,6),(1253,'CSR-D PUBLIC YOBOUEBO GBELISSOU de YAMOUSSOUKRO',23,6),(1254,'CSU OLIVIA YACE DE N\'GOKRO DE YAMOUSSOUKRO',23,6),(1255,'CENTRE DE SOINS INFIRMIERS JEAN PAUL 2',23,6),(1256,'CLINIQUE MEDICALE MERCY',23,6),(1257,'CSR-DM PUBLIC de LOGBAKRO',23,6),(1258,'CSR-DM PUBLIC de SEMAN',23,6),(1259,'INF-LC PUBLIC ENSTP de YAMOUSSOUKRO',23,6),(1260,'CSR-DM PUBLIC de AKPESSEKRO',23,6),(1261,'CSU-DM PUBLIC de ATTIEGOUAKRO',23,6),(1262,'CSR-DM PUBLIC de KONGOUANOU',23,6),(1263,'CSU-DM PUBLIC de KOSSOU',23,6),(1264,'CSR-DM PUBLIC de OUFFOUE-DJEKRO',23,6),(1265,'CSR-DM PUBLIC de TOUMBOKRO',23,6),(1266,'EPHR PUBLIC de YAMOUSSOUKRO',23,6),(1267,'CSUS-PMI PUBLIC de YAMOUSSOUKRO',23,6),(1268,'CSUS-SSSU SAJ 1 PUBLIC de YAMOUSSOUKRO',23,6),(1269,'CSU-DM PUBLIC de ZATTA',23,6),(1270,'CSUS-SSSU SAJ INPHB PUBLIC de YAMOUSSOUKRO',23,6),(1271,'CSR-D PUBLIC de YABRA',23,6),(1272,'CSR-DM PUBLIC de LABOKRO',23,6),(1273,'CSR-DM PUBLIC de N\'ZERE',23,6),(1274,'CSR-DM PUBLIC de SAKIARE',23,6),(1275,'INF-PV PRIVE CIE de YAMOUSSOUKRO',23,6),(1276,'CMS PRIVE SAINTE ANNE',23,6),(1277,'CSR-D PUBLIC de KROUKROUBO',23,6),(1278,'CSU-D PRIVE AIBEF de YAMOUSSOUKRO',23,6),(1279,'H├öPITAL PSYCHIATRIQUE SAINT VINCENT DE PAUL DE YAMOUSSOUKRO',23,6),(1280,'CSR-DM PUBLIC de BONZI',23,6),(1281,'INF-LC PUBLIC Lyc├®e BAD de YAMOUSSOUKRO',23,6),(1282,'CSR-DM PUBLIC de SAHABO',23,6),(1283,'CSR-DM PUBLIC de N\'GATTAKRO (dist. Yamoussoukro)',23,6),(1284,'CSR-DM PUBLIC de ZAMBAKRO',23,6),(1285,'CSA GARDE REPUBLICAINE de YAMOUSSOUKRO',23,6),(1286,'CSA GSPM de YAMOUSSOUKRO',23,6),(1287,'INF-LC PUBLIC CAFOP de YAMOUSSOUKRO',23,6),(1288,'INF-LC PUBLIC ENSA/IAB de YAMOUSSOUKRO',23,6),(1289,'INF-LC PUBLIC Lyc├®e Mami Adjoua de YAMOUSSOUKRO',23,6),(1290,'CSA GENDARMERIE de YAMOUSSOUKRO',23,6),(1291,'INFIRMERIE PUBLIQUE CREMOS DE YAMOUSSOUKRO',23,6),(1292,'CSA AFA de ZAMABAKRO',23,6),(1293,'CSI BLIPALE de YAMOUSSOUKRO',23,6),(1294,'CSR-D PUBLIC de MAHOUNOU-AKOUE',23,6),(1295,'CSR-D PUBLIC de ALLANGOUA N\'GBESSOU',23,6),(1296,'CENTRE DE SOINS INFIRMIERS La SAINTE TRINITE',23,6),(1297,'CLINIQUE DE LA VIE',23,6),(1298,'MATERNITE PRIVEE BETHEL de YAMOUSSOUKRO',23,6),(1299,'CENTRE DE SOINS Obst├®tricaux La PROVIDENCE',23,6),(1300,'CENTRE DE SOINS INFIRMIERS TOSSETA',23,6),(1301,'SERVICE MEDICO-SOCIAL DE SODERTOUR LACS',23,6),(1302,'NOUVELLE CLINIQUE St AUGUSTIN de YAMOUSSOUKRO',23,6),(1303,'CSR-DM PUBLIC DE TOUNZUEBO',23,6),(1304,'INF-LC PUBLIC MUNICIPAL DE YAMOUSSOUKRO',23,6),(1305,'HOPITAL Sp├®cialis├® PRIVE CONFESSIONEL de KONGOUANOU',23,6),(1306,'CENTRE DE SOINS INFIRMIERS NOTRE DAME DE LOURDES',23,6),(1307,'FSU PRIVE HINNEH de YAMOUSSOUKRO',23,6),(1308,'CENTRE MEDICAL CLOLAY DE YAMOUSSOUKRO',23,6),(1309,'CENTRE DE SOINS INFIRMIERS GRACE DIVINE de YAMOUSSOUKRO',23,6),(1310,'CENTRE DE SOINS Infirmiers YIDJA',23,6),(1311,'CMS PRIVE WALE de TOUMBOKRO',23,6),(1312,'CABINET D\'OPTICIEN-LUNETIER MAJ OPTICIEN',23,6),(1313,'CSU-D PUBLIC R├®sidence du Pr├®sident de YAMOUSSOUKRO',23,6),(1314,'CSR-DM PUBLIC GOUROMINANKRO de YAMOUSSOUKRO',23,6),(1315,'CSR-DM PUBLIC de KACOUBROUKRO',23,6),(1316,'CSR-DM PUBLIC de DJAMALABO',23,6),(1317,'CSA FORCES SPECIALES de YAMOUSSOUKRO',23,6),(1318,'Centre de Soins Obst├®tricaux du Denguel├®',23,6),(1319,'INF-PV LA PITIE de YAMOUSSOUKRO',23,6),(1320,'CSR-D PUBLIC de GOFABO',23,6),(1321,'CSR-D PUBLIC de N\'GBEKRO',23,6),(1322,'INFIRMERIE PRIVEE LA PITIE',23,6),(1323,'CENTRE de SOINS INFIRMIERS NOTRE DAME de LOURDES',23,6),(1324,'CENTRE M├ëDICAL THE NEW LIFE DJOMION',23,6),(1325,'CSU-DM PUBLIC de AFFOUNVASSOU CH├éTEAU',23,6),(1326,'CENTRE MEDICAL EBENEZER',23,6),(1327,'CLINIQUE MEDICO-CHIRURGICALE LA MAIN DE DIEU',23,6),(1328,'CSR-D PUBLIC de SUIBONOU',23,6),(1329,'CENTRE DE SOINS INFIRMIERS BLIPALE',23,6),(1330,'INF-LC PUBLIC INSET de YAMOUSSOUKRO',23,6),(1331,'INF-PV NOTRE DAME D\'AFRIQUE de Yamoussoukro',23,6),(1332,'CSR-D PUBLIC de DUOKRO',23,6),(1333,'CSU-DM PUBLIC de LOLOBO',23,6),(1334,'CSU-DM PUBLIC de NZUESSY (dist. YAMOUSSOUKRO)',23,6),(1335,'CSU-D PUBLIC Dioulakro de YAMOUSSOKRO',23,6),(1336,'CSU-DM PUBLIC Morof├¿ de YAMOUSSOKRO',23,6),(1337,'INF-PV PRIVE CIE de KOSSOU',23,6),(1338,'CLINIQUE MEDICALE ENERGY de YAMOUSSOUKRO',23,6),(1339,'CLINIQUE MEDICO-CHIRURGICALE La GRACE des LACS',23,6),(1340,'H├öPITAL CATHOLIQUE SAINT JOSEPH MOSCATI',23,6),(1341,'ESPACE MEDICO CHIRURGICALE St AUGUSTIN de YAMOUSSOUKRO',23,6),(1342,'GROUPE MEDICAL ST SAUVEUR de YAMOUSSOUKRO',23,6),(1343,'ONG RSB',23,6),(1344,'CENTRE MEDICO-SOCIAL Le WALE de YAMOUSSOUKRO',23,6),(1345,'INF-PV PRIVE CABINET DE SOINS PRE-POST NATAL CT de YAMOUSSOUKRO',23,6),(1346,'CENTRE MEDICAL KOUILAND',23,6),(1347,'ONG ASAPSU',23,6),(1348,'CSUS-CAT PUBLIC de YAMOUSSOUKRO',23,6),(1349,'CMS CONFESSIONNEL Notre Dame de l\'Incarnation de SUIBIAKRO',23,6),(1350,'INFIMERIE PRIVEE SOS VILLAGE D\'enfants de YAMOUSSOUKRO',23,6),(1351,'CM PRIVE Emmanuelle de YAMOUSSOUKRO',23,6),(1352,'CSR-DM PUBLIC d\' ASSANOU de YAMOUSSOKRO',23,6),(1353,'CSU-D PRIVE CONFESSIONNEL St Famille de YAMOUSSOUKRO',23,6),(1354,'CLINIQUE MEDICALE ALLIANCE',23,6),(1355,'CSR D PUBLIC DE KAN SOKOURA',24,7),(1356,'EPHD PUBLIC de DIANRA',24,7),(1357,'CSR-DM PUBLIC de FARABA',24,7),(1358,'CSR-DM PUBLIC de YERETIELLE',24,7),(1359,'CSU-DM PUBLIC de DIANRA-VILLAGE',24,7),(1360,'CSR-D PUBLIC de SIANKOUNON',24,7),(1361,'CSU-PC JOSEPH ALLAMONO DIANRA-VILLAGE',24,7),(1362,'CSR-DM PUBLIC de OUAHIERE',24,7),(1363,'CSR-DM PUBLIC de SONONZO',24,7),(1364,'CSR-DM PUBLIC de LENGUEDOUGOU',24,7),(1365,'CSR-D PUBLIC de DALAGBE',24,7),(1366,'CSR-D PUBLIC de TAMAFOUROU',24,7),(1367,'CSR-D PUBLIC de GBONDIELE',24,7),(1368,'CSR-D PUBLIC de LOKOLO',24,7),(1369,'CLINIQUE M├ëDICALE de DIANRA',24,7),(1370,'CSR-D PUBLIC de KAN SOKOURA',24,7),(1371,'CSR D KOROTOU',24,7),(1372,'CSR D N\'GUISSIDOUGOU',24,7),(1373,'CSR D GBOMINASSO',24,7),(1374,'CSR-D PUBLIC DE TULE',25,7),(1375,'CSR-DM PUBLIC de SOUKOUROUGBAN',25,7),(1376,'EPHD PUBLIC de KOUNAHIRI',25,7),(1377,'CSR-D PUBLIC de AGBAHOU',25,7),(1378,'CSR-DM PUBLIC de KOROKOPLA',25,7),(1379,'CSR-D PUBLIC de FOUTOUNOU',25,7),(1380,'CSU-DM PUBLIC de KONGASSO',25,7),(1381,'CSR-D PUBLIC de LEASSO',25,7),(1382,'CSR-D PUBLIC de TOUBALO',25,7),(1383,'CSR-DM PUBLIC de TRAFESSO',25,7),(1384,'CSUS-SSSU PUBLIC DE KOUNAHIRI',25,7),(1385,'CSR-DM PUBLIC de BOAYAOKRO',25,7),(1386,'CSR-D PUBLIC de KOUATTA',25,7),(1387,'CSR-D PUBLIC de BAMBALOUMA',25,7),(1388,'CSR-D PUBLIC de GBEMA',25,7),(1389,'CSUS-PMI PUBLIC de KOUNAHIRI',25,7),(1390,'CSR D-PUBLIC de BARADOUGOU- DIERRE',26,7),(1391,'CSR D-PUBLIC de NONKOUDOUGOU',26,7),(1392,'CSR-D PUBLIC de BIKASSI 1',26,7),(1393,'EPHD PUBLIC de MANKONO',26,7),(1394,'CSU-DM PUBLIC de SARHALA',26,7),(1395,'CSU-DM PUBLIC de BOUANDOUGOU',26,7),(1396,'CSR-DM PUBLIC de DANDOUGOU',26,7),(1397,'CSU-DM PUBLIC de TIENINGBOUE',26,7),(1398,'CSR-DM PUBLIC de KAMORO',26,7),(1399,'CSR-D PUBLIC de DAWARA',26,7),(1400,'CSR-D PUBLIC de KOBADALLAH',26,7),(1401,'CSR-D PUBLIC de KOUASSIDOUGOU',26,7),(1402,'CSR-DM PUBLIC de NAKARA',26,7),(1403,'CSR-DM PUBLIC de OUSSOUGOULA',26,7),(1404,'ONG BOBOSSO TIENIGBOUE',26,7),(1405,'ONG SESAMP-CI de SOUNDOUGOUBA',26,7),(1406,'ONG TAMAGA DE BIELOU',26,7),(1407,'CSR-DM PUBLIC de DIALAKORO',26,7),(1408,'CSR-D PUBLIC de PANIKO',26,7),(1409,'CSR-D PUBLIC de SOMOKORO',26,7),(1410,'CSR-D PUBLIC de BADA',26,7),(1411,'CSR-D PUBLIC DE LIGBISSO',26,7),(1412,'CSR-D PUBLIC DE SATAMA',26,7),(1413,'CSUS-PMI PUBLIC DE MANKONO',26,7),(1414,'CSR-D PUBLIC de MISSIDOUGOU',26,7),(1415,'CSR-D PUBLIC de DIENEDIAN',26,7),(1416,'CSR-D PUBLIC de MISSIRIKORO',26,7),(1417,'CSR-DM PUBLIC de FIZANKORO',26,7),(1418,'CSR-D PUBLIC de KARAMOKOLA',26,7),(1419,'CSUS-CAT PUBLIC de MANKONO',26,7),(1420,'CSR-D PUBLIC de KOUGBERE',26,7),(1421,'CSR-D PUBLIC de BRAHIMA',26,7),(1422,'CSR-D PUBLIC de GONA',26,7),(1423,'CSR-D PUBLIC de NIANGOURALA-TIENE',26,7),(1424,'CSR-D PUBLIC de KODOUM',26,7),(1425,'CSR-D PUBLIC de BOBOSSO-TIENINGBOUE',26,7),(1426,'CSR-D PUBLIC de DABAKALATOU',26,7),(1427,'CSR-D PUBLIC de GBOROZOMBA',26,7),(1428,'CSR-D PUBLIC de DJEDOUGOUSSO',26,7),(1429,'CSR-D PUBLIC de FILASSO',26,7),(1430,'CSR-D PUBLIC de POKOUNDOUGOU',26,7),(1431,'CSR-DM PUBLIC de KPESSO',26,7),(1432,'CSR-DM PUBLIC de BIELOU',26,7),(1433,'CSR-DM PUBLIC de DANTOGO',26,7),(1434,'CSR-DM PUBLIC de SIRIHO',26,7),(1435,'CSC-ND CONSOLATA de MARANDALLAH',26,7),(1436,'CSR-DM PUBLIC de NINAKIRI',26,7),(1437,'INF-LC PUBLIC Lyc├®e Moderne BAD de TIENINGBOUE',26,7),(1438,'CSR-DM PUBLIC de SAMOROSSO-TOMONO',26,7),(1439,'CSR-DM PUBLIC de FIZANLOUMA',26,7),(1440,'CSR-DM PUBLIC de OUEDALLAH',26,7),(1441,'CSU-DM PUBLIC de MARANDALLAH',26,7),(1442,'CSR-D PUBLIC de NIANKABI',26,7),(1443,'CSUS/SSSU-SAJ PUBLIC de MANKONO',26,7),(1444,'CSR-D PUBLIC de TANTAMA',27,8),(1445,'CSR-D PUBLIC de TCHATIEDOUO',27,8),(1446,'CSUS-PMI PUBLIC de BOUNA',27,8),(1447,'CSR-D PUBLIC de KOKPINGUE',27,8),(1448,'CSR-DM PUBLIC de PANZARANI',27,8),(1449,'CSR-D PUBLIC de NIANDEGUE',27,8),(1450,'CSR-DM PUBLIC de BOUKO',27,8),(1451,'CSR-DM PUBLIC de ONDEFIDOUO',27,8),(1452,'CSR-D PUBLIC de KINTA',27,8),(1453,'CSR-D PUBLIC de POUAN',27,8),(1454,'CSR-D PUBLIC de VARGBO I',27,8),(1455,'CSR-D PUBLIC de VONKORO',27,8),(1456,'CSR-D PUBLIC de YOUTOURDOUO',27,8),(1457,'CSR-M PUBLIC de VARGBO II',27,8),(1458,'CSU-D PUBLIC DE BOUNA',27,8),(1459,'INF-P PUBLIC Prison Civil MAC de BOUNA',27,8),(1460,'CSR-D PUBLIC de SANGUINARI',27,8),(1461,'CSR-D PUBLIC de KOFLANDE',27,8),(1462,'CSR-D PUBLIC de DAPIDOUO',27,8),(1463,'CSR-D PUBLIC de YOLONGO',27,8),(1464,'CSR-D PUBLIC de YOUNDOUO',27,8),(1465,'CSR-D PUBLIC DE BANIA',27,8),(1466,'CSR-D PUBLIC DE MASSITEON',27,8),(1467,'CSR-D PUBLIC d\' ASSOUM 1',27,8),(1468,'CSR-D PUBLIC de KERMATEDOUO',27,8),(1469,'CSUS-CAT PUBLIC de BOUNA',27,8),(1470,'CSR-D PUBLIC de DIHINTEDOUO',27,8),(1471,'CSR-M PUBLIC d\'ASSOUM 2',27,8),(1472,'CSR-D PUBLIC de SITEDOUO',27,8),(1473,'CSR-D PUBLIC de KONTODOUO',27,8),(1474,'CSU-I PUBLIC de BOUNA',27,8),(1475,'CSR-D PUBLIC de GBORONKILDOUO',27,8),(1476,'CSR-D PUBLIC de NOMIDOUO',27,8),(1477,'INFIRMERIE PRIVEE CONFESSIONNELLE CARDINAL BERNARD YAGO de BOUNA',27,8),(1478,'CSR-D PUBLIC de BROMAKOTE (dist. BOUNA)',27,8),(1479,'CSR-D PUBLIC de DIKOTEDOUO',27,8),(1480,'CSR-D PUBLIC de DABIELDOUO',27,8),(1481,'CSR-D PUBLIC de SYALEDOUO',27,8),(1482,'EPHD PUBLIC de BOUNA',27,8),(1483,'CSUS-SSSU PUBLIC de BOUNA',27,8),(1484,'CSR-D PUBLIC de PIAYE',27,8),(1485,'CSR-D PUBLIC de LOMIDOUO',27,8),(1486,'CSR-D PUBLIC de SOTITEDOUO',27,8),(1487,'CSR-D PUBLIC de SEPIDOUO',27,8),(1488,'CSR-D PUBLIC de KALTOUDOUO',27,8),(1489,'CSR-D PUBLIC de BAYANA',28,8),(1490,'EPHD PUBLIC de DOROPO',28,8),(1491,'CSR-D PUBLIC de ANGAYE',28,8),(1492,'CSR-M PUBLIC de SAYE',28,8),(1493,'CSR-DM PUBLIC de VARALE',28,8),(1494,'CSR-D PUBLIC de DOGBE',28,8),(1495,'CSR-D PUBLIC de GNANDOTINKOYE',28,8),(1496,'CSR-D PUBLIC de LANKIO',28,8),(1497,'CSR-D PUBLIC DE LATROUGO',28,8),(1498,'CSR-DM PUBLIC de NIAMOIN',28,8),(1499,'CSR-D PUBLIC de KODO',28,8),(1500,'CSR-D PUBLIC de LAGBO',28,8),(1501,'CSR-D PUBLIC de SANSANDOUO',28,8),(1502,'CSR-D PUBLIC de LOUKOURA',28,8),(1503,'CSR-D PUBLIC de TOTOBI',28,8),(1504,'CSUS-SSSU PUBLIC de DOROPO',28,8),(1505,'HG CONFESSIONNEL BAPTISTE LIBRE de DOROPO',28,8),(1506,'CSR-DM PUBLIC de DANOA',28,8),(1507,'CSR-D PUBLIC de KOUNZIE',28,8),(1508,'CSR-DM PUBLIC de KALAMON',28,8),(1509,'CSR-D PUBLIC de TINGO-YALO',28,8),(1510,'CMS PRIVE Les Flamboyants de DOROPO',28,8),(1511,'CSR-D PUBLIC de TOUNGBO YAGA',29,8),(1512,'CSR-D PUBLIC de TALAHINI',29,8),(1513,'CSR-D PUBLIC de SIRIKI-BANGO',29,8),(1514,'CSUS-SSSU PUBLIC DE NASSIAN',29,8),(1515,'CSR-DM PUBLIC DE BROMBIREDOUO',29,8),(1516,'CSR-D PUBLIC de BANVAYO',29,8),(1517,'CSR-D PUBLIC de DEPINGO',29,8),(1518,'CSR-D PUBLIC de SENDE-ANVEYO',29,8),(1519,'CSR-D PUBLIC d\' ANGOBILA',29,8),(1520,'CSR-D PUBLIC de KROMAMBIRA',29,8),(1521,'CSR-D PUBLIC de BONDOYO',29,8),(1522,'CSR-DM PUBLIC de KAKPIN',29,8),(1523,'EPHD PUBLIC de NASSIAN',29,8),(1524,'CSR-DM PUBLIC de PARHADI',29,8),(1525,'CSU-D PUBLIC de SOMINASSE',29,8),(1526,'CSR-D PUBLIC de LAMBIRA',29,8),(1527,'CSU-DM PUBLIC de KOTOUBA',29,8),(1528,'CSR-D PUBLIC de BOGOFA',29,8),(1529,'CSR-DM PUBLIC de MORO-MORO',30,8),(1530,'CSR-D PUBLIC de KALAN',30,8),(1531,'CSR-DM PUBLIC de FEKI',30,8),(1532,'EPHD PUBLIC de TEHINI',30,8),(1533,'CSR-DM PUBLIC de BAVE',30,8),(1534,'CSU-DM PUBLIC de GOGO',30,8),(1535,'CSR-DM PUBLIC de KOUEBONOU',30,8),(1536,'CSR-DM PUBLIC de KOINTA',30,8),(1537,'CSR-DM PUBLIC de BOLE',30,8),(1538,'CSR-D PUBLIC de GOVITAN',30,8),(1539,'CSR-D PUBLIC de LAGBO-TADJOTE',30,8),(1540,'CSUS-SSSU PUBLIC de TEHINI',30,8),(1541,'CSU-DM PUBLIC de TOUGBO',30,8),(1542,'CSR-M PUBLIC de ZOMPLOU',31,9),(1543,'MATERNITE PRIVEE LA PAIX DE DANHANDROU',31,9),(1544,'CDT-DS PUBLIC de BLOLEQUIN',31,9),(1545,'CSR-D PUBLIC de CHANTIER COLONEL',31,9),(1546,'CSU-D PUBLIC de DOKE',31,9),(1547,'CSR-D PUBLIC de TINHOU',31,9),(1548,'CSR-D PUBLIC de DANDROU',31,9),(1549,'CSR-DM PUBLIC de GUIBOBLY',31,9),(1550,'CSR-DM PUBLIC de TOMEPLEU',31,9),(1551,'CSR-D PUBLIC de PETIT GUIGLO(dist. BLOLEQUIN)',31,9),(1552,'CSUS-SSSU PUBLIC de BLOLEQUIN',31,9),(1553,'CSR-DM PUBLIC de DEPOUTA',31,9),(1554,'CSR-DM PUBLIC de PETIT BOUAKE (dist. BLOLEQUIN)',31,9),(1555,'CSR-D PUBLIC de DOUANDROU',31,9),(1556,'CSR de TIEPLEU',31,9),(1557,'CSR-M PUBLIC de BLEDI DIEYA',31,9),(1558,'CSR-DM PUBLIC de DIBOKE',31,9),(1559,'EPHD PUBLIC de BLOLEQUIN',31,9),(1560,'CSU-D PUBLIC de ZEAGLO',31,9),(1561,'CMS HAPPYNES de GUIGLO',32,9),(1562,'CSR-D PUBLIC de MONA',32,9),(1563,'CSR-D PUBLIC de GBLAPLEU',32,9),(1564,'CSUS-PMI PUBLIC de GUIGLO',32,9),(1565,'CSR-DM PUBLIC de BEDI-GOAZON',32,9),(1566,'CSR-DM PUBLIC DE ZRO',32,9),(1567,'CSR-DM PUBLIC DE GOYA 1',32,9),(1568,'CSUS-CAT PUBLIC de Guiglo',32,9),(1569,'CSR-D PUBLIC de BEABLO',32,9),(1570,'CSR-D PUBLIC de KRIDY',32,9),(1571,'CSUS- D PUBLIC CENTRE DE SANTE DES ARMEES DE GUIGLO',32,9),(1572,'CLINIQUE Sainte Bernad├®e de Guiglo',32,9),(1573,'CENTRE MEDICO-SOCIAL CEEDEB',32,9),(1574,'CSR-D PUBLIC de BEOUA',32,9),(1575,'CSR-D PUBLIC de BEHEBO (V15)',32,9),(1576,'CLINIQUE M├ëDICALE du CAVALLY de GUIGLO',32,9),(1577,'CSU-DM PUBLIC de NICLA',32,9),(1578,'CSR-M PUBLIC de GLOPAOUDY',32,9),(1579,'CSR-DM PUBLIC de DITROUDRA BEOUE',32,9),(1580,'CSR-DM PUBLIC DE TROYA 2',32,9),(1581,'CSR-DM PUBLIC DE GUINKIN',32,9),(1582,'CSR-D PUBLIC de PETIT-GUIGLO',32,9),(1583,'CSU-D PRIVE CLINIQUE MEDICALE ESPERANCE DE GUIGLO',32,9),(1584,'EPHR PUBLIC de GUIGLO',32,9),(1585,'CSUS-SSSU PUBLIC de GUIGLO',32,9),(1586,'CSR-DM PUBLIC de NIZAHON',32,9),(1587,'CSR-DM PUBLIC de ZOUAN',32,9),(1588,'CMS PRIVE THANRY de GUIGLO',32,9),(1589,'CSR-DM PUBLIC de PAULE OULA',33,9),(1590,'CSU-DM PUBLIC de TAI',33,9),(1591,'CSR-D PUBLIC S┼ÆURS MARIE CONSOLATRICE de ZAGNE',33,9),(1592,'CSR-DM PUBLIC de SAKRE',33,9),(1593,'CSR-DM PUBLIC de DJIDOUBAYE',33,9),(1594,'CSR-D PRIVE Compagnie H├®viocole de ZAGNE',33,9),(1595,'CSU-I PUBLIC de TAI',33,9),(1596,'CSR-DM PUBLIC de ZA├ÅPOBLY',33,9),(1597,'EPHD PUBLIC de TAI',33,9),(1598,'CSR-D PUBLIC d\' AKEKRO',33,9),(1599,'CSR-D PUBLIC de TIEOULE-OULA',33,9),(1600,'CSR-DM PUBLIC de KEIBLY',33,9),(1601,'CSU-DM PUBLIC de ZAGNE',33,9),(1602,'CSR-D PUBLIC de ZOGUINE',34,9),(1603,'CSR-M PUBLIC de BASOBLI',34,9),(1604,'CSUS-SSSU PUBLIC de TOULEPLEU',34,9),(1605,'CSR-DM PUBLIC de KOARHO',34,9),(1606,'CSR-D PUBLIC DE PAHOUBLY',34,9),(1607,'CSR-D PUBLIC DE BOHOBLY',34,9),(1608,'CSR-D PUBLIC de BOHIBLY',34,9),(1609,'CSR-DM PUBLIC de ZIOMBLY',34,9),(1610,'CSR-D PUBLIC de DENAN',34,9),(1611,'ICT BSO TOULEPLEU',34,9),(1612,'CSU-DM PUBLIC de BAKOUBLY',34,9),(1613,'CSR-DM PUBLIC de SAHIBLY',34,9),(1614,'CSU-DM PUBLIC de TOULEPLEU',34,9),(1615,'CSR-D PUBLIC de POYABLI',34,9),(1616,'CSU-D PUBLIC de MEO',34,9),(1617,'CSU-DM PUBLIC de NEZOBLY',34,9),(1618,'CSR-D PUBLIC de TOYEBLY',34,9),(1619,'CSU-DM PUBLIC de PEHE',34,9),(1620,'CSU-D PUBLIC de TIOBLY',34,9),(1621,'EPHD PUBLIC de TOULEPLEU',34,9),(1622,'CSR-D PUBLIC PEKANHOUEBLY de TOULEPLEU',34,9),(1623,'CSR-D PUBLIC KLAON de TOULEPLEU',34,9),(1624,'CSR-DM PUBLIC de TOUBA-TRON',35,10),(1625,'CSR-DM PUBLIC de SOKOURABA TOUDOUGOU',35,10),(1626,'CSR-D PUBLIC de TIENNY (Dist. KANIASSO)',35,10),(1627,'CSR-D PUBLIC de SEME',35,10),(1628,'CSR-DM PUBLIC de OUASSANGALASSO',35,10),(1629,'CSR-D PUBLIC de KOHOMA',35,10),(1630,'CSR-D PUBLIC de FIELA',35,10),(1631,'CSR-D PUBLIC de BOGODOUGOU',35,10),(1632,'CSR-D PUBLIC de FANFALA',35,10),(1633,'CSR-D PUBLIC de M\'BEBLALA',35,10),(1634,'CSR-D PUBLIC de KOUROULINGUE',35,10),(1635,'CSU-DM PUBLIC de GOULIA',35,10),(1636,'CSU-DM PUBLIC de MAHANDIANA-SOKOURANI',35,10),(1637,'CSR-D PUBLIC de MANADOUN',35,10),(1638,'CSR-D PUBLIC de OUELLI',35,10),(1639,'EPHD PUBLIC de KANIASSO',35,10),(1640,'CSR-D PUBLIC de WAHIRE',35,10),(1641,'CSR-D PUBLIC de BANANKORO',35,10),(1642,'CSR-DM PUBLIC de SANANFEREDOUGOU',35,10),(1643,'CSR-D PUBLIC de TAHARA',35,10),(1644,'CSR-D PUBLIC de GBEYA',35,10),(1645,'CSR-D PUBLIC de KARALA',35,10),(1646,'CSR-D PUBLIC de NAFADOUGOU',35,10),(1647,'CSR-D PUBLIC de KORO-OULE',35,10),(1648,'CSR-D PUBLIC  de TIENNY',36,10),(1649,'CSR-D PUBLIC de SANZANOU',36,10),(1650,'CSR-D PUBLIC de KOTOULA',36,10),(1651,'EPHD PUBLIC de MINIGNAN',36,10),(1652,'CSU-D PUBLIC de SOKORO',36,10),(1653,'CSU-DM PUBLIC de KIMBIRILA-NORD',36,10),(1654,'CSR-D PUBLIC de SOKOURABA FOLO',36,10),(1655,'CSU-DM PUBLIC de KOUBAN',36,10),(1656,'CSR-D PUBLIC de GOUENZOU',36,10),(1657,'CSR-D PUBLIC de KABANGBOUE',36,10),(1658,'CSU-DM PUBLIC de TIENKO',36,10),(1659,'CSU-DM PUBLIC de MINIGNAN',36,10),(1660,'CSR-D PUBLIC de NAGUINA',36,10),(1661,'CSR-D PUBLIC de KENINGOUARA (dist. MINIGNAN)',36,10),(1662,'CSR-DM PUBLIC de NABAGALA',36,10),(1663,'CSR-DM PUBLIC de NIAMINA',36,10),(1664,'CSUS-CAT PUBLIC de MINIGNAN',36,10),(1665,'CSUS-SSSU PUBLIC de MINIGNAN',36,10),(1666,'CSR-D PUBLIC de FAHANLA',36,10),(1667,'CSR-D PUBLIC de DIANDEGUELA',36,10),(1668,'CSR-D PUBLIC de BOUGOUSSA',36,10),(1669,'CSR-D PUBLIC de KONGOHILA',36,10),(1670,'CSR-D PUBLIC de MADINA',36,10),(1671,'CSR-D PUBLIC de AKOUNDA',37,11),(1672,'CSR-D PUBLIC de ABOUAKRO',37,11),(1673,'CSUS-SSSU PUBLIC de BEOUMI',37,11),(1674,'CSUS-PMI PUBLIC de BEOUMI',37,11),(1675,'CSU-DM PUBLIC de KONDROBO',37,11),(1676,'CSR-D PUBLIC de ASSENZE',37,11),(1677,'CSR-DM PUBLIC de DIEVIESSOU',37,11),(1678,'CSR-D PUBLIC de AHOKOKRO',37,11),(1679,'CSR-DM PUBLIC de KONGODJAN',37,11),(1680,'CSR-DM PUBLIC de KOUEBO-DAN',37,11),(1681,'CSR-DM PUBLIC de FARI M\'BABO',37,11),(1682,'CSR-DM PUBLIC de SEOULE',37,11),(1683,'CSR-D PUBLIC de PETENOU',37,11),(1684,'CSR-DM PUBLIC de LINGUEBO',37,11),(1685,'CSR-M PUBLIC de NIAMBRUN',37,11),(1686,'CSR-D PUBLIC de PLIBO',37,11),(1687,'CSR-DM PUBLIC de BAKISSOU',37,11),(1688,'CSR-DM PUBLIC de AFOTOBO',37,11),(1689,'CSU-DM PUBLIC de ANDO-KEKRENOU',37,11),(1690,'CSR-D PUBLIC de ASSENGOU-NGOTRAN',37,11),(1691,'EPHD PUBLIC de BEOUMI',37,11),(1692,'CSR-DM PUBLIC de BOUREBO',37,11),(1693,'CSU-DM PUBLIC de BODOKRO',37,11),(1694,'CSR-DM PUBLIC de GOLI KPANGBASSOU',37,11),(1695,'CSU-DM PUBLIC de MARABADIASSA',37,11),(1696,'CSU-DM PUBLIC de NGUESSANKRO',37,11),(1697,'CSU-DM PUBLIC de LOLOBO (dist. BEOUMI)',37,11),(1698,'CSR-D PUBLIC de DIANHOUN',37,11),(1699,'CSR-DM PUBLIC de KONGOBO',37,11),(1700,'INF-PV PRIVE Bandama de BEOUMI',37,11),(1701,'INF-PV PRIVE Fofana de BEOUMI',37,11),(1702,'CSR-D PUBLIC de MESSOUKRO',37,11),(1703,'CSR-D PUBLIC ALLEKRO de BEOUMI',37,11),(1704,'CSR-DM PUBLIC de ANGOUA YAOKRO',38,11),(1705,'CSR-D PUBLIC de KOLOGONOUAN',38,11),(1706,'CSU-DM PUBLIC de LANGUIBONOU',38,11),(1707,'CSR-DM PUBLIC de SAOUNDI',38,11),(1708,'CSR-DM PUBLIC de TIKAKRO',38,11),(1709,'CSR-DM PUBLIC de DELAKRO',38,11),(1710,'CSR-DM PUBLIC de SAHEBO (s/p Languibonou)',38,11),(1711,'CSR-DM PUBLIC de KLEMEKLO (s/p LANGUIBONOU)',38,11),(1712,'CSR-D PUBLIC de TAKRA-ADIEKRO',38,11),(1713,'CSR-DM PUBLIC de ABOLIKRO',38,11),(1714,'CSR-D PUBLIC de ANGOKOUN KPANGBASSOU',38,11),(1715,'CSR-DM PUBLIC de BOUKEBO',38,11),(1716,'CSR-DM PUBLIC de SINZEKRO (s/p DIABO)',38,11),(1717,'CSR-DM PUBLIC DE BAMELA ( S/P BOTRO)',38,11),(1718,'CSUS-SSSU PUBLIC DE BOTRO',38,11),(1719,'CSR-DM PUBLIC de KONANKRO',38,11),(1720,'CSR-D PUBLIC de CSR KIMOUKRO-KONDEINOU',38,11),(1721,'CSR TIKAKRO',38,11),(1722,'CSR KONDOUBO',38,11),(1723,'DR N\'GUATTAKOFFIKRO',38,11),(1724,'EPHD PUBLIC de BOTRO',38,11),(1725,'CSR-DM PUBLIC de KROFOINSOU',38,11),(1726,'CSU-DM PUBLIC de DIABO',38,11),(1727,'CSR-DM  PUBLIC de ALLOMANOU',39,11),(1728,'EPHR PUBLIC de BOUAKE',39,11),(1729,'CSR-DM PUBLIC de MBRAKRO',39,11),(1730,'CSR-DM PUBLIC de BOUNDA (s/p de Brobo)',39,11),(1731,'CSR-D PUBLIC de KAHANKRO (dist. BOUAKE NORD EST)',39,11),(1732,'CSU-M PUBLIC de BOUAKE SOKOURA',39,11),(1733,'CSR-DM PUBLIC de MAMINI',39,11),(1734,'CSR-D PUBLIC de SAMINIKRO',39,11),(1735,'INF-PV PRIVE Sainte Marie 3 de BOUAKE SOKOURA',39,11),(1736,'INF-PV PRIVE St David de BOUAKE BELLE-VILLE',39,11),(1737,'INF-PV PRIVE S├®couriste de BOUAKE BELLE-VILLE',39,11),(1738,'CSU-M PRIVEE TOURE BELLEVILLE',39,11),(1739,'CMA 3├¿me BATAILLON D\'INFANTERIE BOUAKE',39,11),(1740,'ONG PRIVE AIME TON PROCHAIN (ATP)',39,11),(1741,'POLYCLINIQUE BELLEVILLE',39,11),(1742,'CSR-D PUBLIC de YAPOKOUAKOUKRO',39,11),(1743,'CLINIQUE Priv├®e Tour├®',39,11),(1744,'CSU-DM PUBLIC COMMUNAUTAIRE de KOTIAKOFFIKRO',39,11),(1745,'CSUS-SSSU PUBLIC de BOUAKE NORD-EST',39,11),(1746,'CSR-D PUBLIC de LANGBASSOU',39,11),(1747,'CLINIQUE SAINT SAUVEUR OLIENOU de BOUAKE',39,11),(1748,'CENTRE MEDICO-SOCIAL SAINTE ANNE de BOUAKE',39,11),(1749,'INFIMERIE SERVICE CIVIQUE de BELLEVILLE 1 (dist. BOUAKE NORD-EST)',39,11),(1750,'CSU-DM PUBLIC de MINANKRO',39,11),(1751,'CENTRE de SANTE SAINT CAMILLE de BELLEVILLE',39,11),(1752,'INFIMERIE SERVICE CIVIQUE de BELLEVILLE 2 (dist. BOUAKE NORD-EST)',39,11),(1753,'CSR-DM PUBLIC de TANOU SAKASSOU',39,11),(1754,'CSUS-SSSU 4 PUBLIC de BOUAKE',39,11),(1755,'CSR-D PUBLIC de AKAKRO (s/p Bouak├® Nord-Est)',39,11),(1756,'CSR-DM PUBLIC de BAMORO',39,11),(1757,'CSUS-PMI PUBLIC de BOUAKE SOKOURA',39,11),(1758,'CSU-DM PUBLIC de BROBO',39,11),(1759,'CSU-DM PUBLIC de BOUAKE BELLE-VILLE',39,11),(1760,'HG PRIVE HMI de ATTIENKRO',39,11),(1761,'FSU PUBLIC de DIEZOUKOUAMEKRO',40,11),(1762,'CSR-DM PUBLIC de BROUKRO-VILLAGE',40,11),(1763,'CSR-DM PUBLIC de YOBOUEKRO',40,11),(1764,'CSU-DM PUBLIC de TOLLAKOUADIOKRO',40,11),(1765,'CENTRE MEDICAL EDEN BOUAKE',40,11),(1766,'EXCELLENCE CENTRE MEDICAL',40,11),(1767,'CSUS-SSSU PUBLIC de BOUAKE 3-DAR-ES-SALAM',40,11),(1768,'CSR-DM PUBLIC de BENDEKOUASSIKRO',40,11),(1769,'FSU PUBLIC de AHOUGNANSOU',40,11),(1770,'CSU-DM PUBLIC de BOUAKE-DAR-ES-SALAM',40,11),(1771,'INF-P PUBLIC INFAS de BOUAKE NORD-OUEST',40,11),(1772,'CSU-D PRIVECOMMUNAUTAIRE CHEED',40,11),(1773,'INFIRMERIE du CROU',40,11),(1774,'CLINIQUE Reine Pokou',40,11),(1775,'INF-P PUBLIC Prison Civil Maison P├®nale (MAC) de BOUAKE',40,11),(1776,'CSA ECOLE NATIONALE DES SOUS-OFFICIERS D\'ACTIVE BOUAKE',40,11),(1777,'CSA 1er BATAILLON DU GENIE BOUAKE',40,11),(1778,'CSA BASE AERIENNE de BOUAKE',40,11),(1779,'CSR-DM PUBLIC d\' ALLAKRO',40,11),(1780,'CSU-D PRIVE - ONG ENDA-SANTE CI',40,11),(1781,'CSR-DM PUBLIC de ATTIENKONANKRO',40,11),(1782,'CLINIQUE LA PROVIDENCE',40,11),(1783,'POLYCLINIQUE BETHESDA de BOUAKE',40,11),(1784,'MATERNITE PRIVEE SAINTE RITA de DAR-ES-SALAM BOUAKE',40,11),(1785,'CLINIQUE OLYMPIQUE de BOUAKE',40,11),(1786,'MATERNITE PRIVEE MA SANTE de BOUAKE',40,11),(1787,'MATERNITE PRIVEE AMOUR D\'UNE MERE de DAR-ES-SALAM BOUAKE',40,11),(1788,'CLINIQUE CENTRE MEDICAL BARAKAT',40,11),(1789,'CSUS-CAT PUBLIC de BOUAKE OUEST',40,11),(1790,'CSR-DM PUBLIC de KONANKRO MIZRON',40,11),(1791,'CM PRIVE Cabinet m├®dical de BOUAKE-DAR-ES-SALAM',40,11),(1792,'ONG CSCI DAR-ES-SALAM de BOUAKE',40,11),(1793,'INF-PV PRIVE Allanogoya de BOUAKE-DAR-ES-SALAM',40,11),(1794,'INF-PV PRIVE CABINET DE SOINS INFIRMIERS SALAM',40,11),(1795,'INF-PV PRIVE du Centre de BOUAKE-DAR-ES-SALAM',40,11),(1796,'EPHN PUBLIC de BOUAKE',40,11),(1797,'CSR-DM PUBLIC de KPANGBAMBO',40,11),(1798,'CSU-D PRIVE-ONG AKWABA de BOUAKE OUEST',40,11),(1799,'CSU-DM PRIVE-ONG Centre SAS BOUAKE OUEST',40,11),(1800,'CM PRIVE Clinique du Centre de KAMOUNOUKRO',40,11),(1801,'CM PRIVE Clinique Ste Marie Anne de DEZOUKOUAMEKRO',40,11),(1802,'CM PRIVE NANAN (CMENA) de N\'GATTAKRO',40,11),(1803,'INF-PV PRIVE Renaissance de DJEZOUKOUAMEKRO',40,11),(1804,'INF-PV PRIVE CPM de DJEZOUKOUAMEKRO',40,11),(1805,'INF-PV PRIVE CPM de la paix de BROUKRO',40,11),(1806,'INF-PV PRIVE Libert├® de KAMOUNOUKRO',40,11),(1807,'HGS-PSC PUBLIC Psychiatrique N\'gattakro de BOUAKE NORD',40,11),(1808,'CM PRIVE le Refuge de BOUAKE NORD-OUEST',40,11),(1809,'CMC Gonfreville de BOUAKE NORD-OUEST',40,11),(1810,'CSU-DM PUBLIC de BROUKRO',40,11),(1811,'CMS CONFESSIONNEL P├®diatrique notre Dame de la Visitation de N\'GATTAKRO',40,11),(1812,'CMS CONFESSIONNEL M├®dico-Chirurgical Jean Baptiste Vtelot de BOUAKE',40,11),(1813,'CSR-DM PUBLIC d\'ATTAKRO',41,11),(1814,'MATERNITE GRACE DIVINE',41,11),(1815,'CSR-D PUBLIC de KONZO',41,11),(1816,'CSR-DM PUBLIC de KONGODEKRO',41,11),(1817,'CSR-D PUBLIC de GARE-KAN',41,11),(1818,'CSR-D PUBLIC de LENGBRE',41,11),(1819,'CSR-DM PUBLIC de KOUASSIBLEKRO',41,11),(1820,'CSU-DM PUBLIC de BOUAKE-NIMBO',41,11),(1821,'CM PRIVE ONG AIPS',41,11),(1822,'CSU-D PUBLIC de BOUAKE COMMERCE',41,11),(1823,'CSU-DM PUBLIC AIR France de BOUAKE SUD',41,11),(1824,'CSR-DM PUBLIC de ASSOUAKRO',41,11),(1825,'CLINIQUE Ste Madeleine',41,11),(1826,'CLINIQUE MEDICALE de BOUAKE',41,11),(1827,'CLINIQUE Ste Fraternit├®',41,11),(1828,'CLINIQUE St Martin',41,11),(1829,'FSU PUBLIC de BOUAKE KOKO',41,11),(1830,'CSA 3e COMPAGNIE GSPM BOUAKE',41,11),(1831,'CSA 3├¿me LEGION GENDARMERIE BOUAKE',41,11),(1832,'CSR-D PUBLIC de M\'LAN KOUASSIKRO',41,11),(1833,'CABINET D\'OPTICIEN-LUNETIER HARTHYS VISION',41,11),(1834,'CSR-DM PUBLIC d\' AGBAGNANSSOU',41,11),(1835,'CLINIQUE PRIVEE SAINT JOSUE',41,11),(1836,'CSU-D PRIVE Notre Dame des Ap├┤tres de BOUAKE SUD',41,11),(1837,'CSR-D PUBLIC DE KATIENOU (dist. BOUAKE-SUD)',41,11),(1838,'CENTRE DE REINSERTION DES MINEURS DE BOUAKE (CRM-B)',41,11),(1839,'CSR-D PUBLIC de TIEPLE',41,11),(1840,'INF-P PUBLIC Prison Civil MACB de BOUAKE',41,11),(1841,'INFIRMERIE PRIVEE OLAM',41,11),(1842,'CSU-DM CONFESSIONNEL Catholique de DJEBONOUA',41,11),(1843,'CSR-DM PUBLIC de PETESSOU',41,11),(1844,'CMS PRIVE-ONG AIBEF Antenne de BOUAKE SUD',41,11),(1845,'CSUS-SSSU PUBLIC (I) de BOUAKE COMMERCE',41,11),(1846,'CSUS-SSSU PUBLIC (II) de BOUAKE-NIMBO',41,11),(1847,'CSU-DM PUBLIC de DJEBONOUA',41,11),(1848,'HG CONFESSIONNEL Ste Camille de BOUAKE-SUD',41,11),(1849,'ONG OASIS ACTION',41,11),(1850,'ONG AIME TON PROCHAIN (ONG ATP)',41,11),(1851,'CMS PRIVE-ONG RSB de BOUAKE-SUD',41,11),(1852,'CSR-DM PUBLIC de NANGLAIS',42,11),(1853,'CSR-D PUBLIC de SOUAFOUE-DJEHOU',42,11),(1854,'CSR-DM PUBLIC de ANGAMANKRO',42,11),(1855,'CSR-DM PUBLIC de KONANMOUKRO',42,11),(1856,'CSR-D PUBLIC de GOLIBLENOU',42,11),(1857,'CSR-D PUBLIC de KPATO',42,11),(1858,'CSR-DM PUBLIC de ADJEKRO',42,11),(1859,'CSR-DM PUBLIC de ANO-ZUME',42,11),(1860,'CSU-DM PUBLIC de ASSIRIKRO',42,11),(1861,'CSR-DM PUBLIC de ASSANDRE',42,11),(1862,'CSU-DM PUBLIC de AYAOU-SOKPA',42,11),(1863,'CSR-DM PUBLIC de FOTO-KOUAMEKRO',42,11),(1864,'CSR-DM PUBLIC de N\'GUESSAN POKOUKRO',42,11),(1865,'EPHD PUBLIC de SAKASSOU',42,11),(1866,'CSR-DM PUBLIC de KONGO',42,11),(1867,'CSU-DM PUBLIC de SRAN-BONDOSSOU',42,11),(1868,'CSR-DM PUBLIC de SOKOBO',42,11),(1869,'CSR-D PUBLIC de KANANGOPLI',42,11),(1870,'CSUS-SSSU PUBLIC de SAKASSOU',42,11),(1871,'CSR-DM PUBLIC de SRAN-BELAKRO',42,11),(1872,'CSR-DM PUBLIC de SOUAFOUE DJANHAN',42,11),(1873,'CSR-DM PUBLIC de KANGRE',42,11),(1874,'CSR-DM PUBLIC de YABLASSOU',42,11),(1875,'CSR-D PUBLIC de ANDOFOUE-BONOU',42,11),(1876,'CSU-DM PRIVE MAMI AM\'LAN DE SAKASSOU',42,11),(1877,'CSR-D PUBLIC d\' ANDOBO-ALLUIBO',42,11),(1878,'CSR-DM PUBLIC de ALLOKO-DJEKRO',42,11),(1879,'CSR-DM PUBLIC de SOLLA-BONIKRO',42,11),(1880,'CSR-DM PUBLIC de KONANKRO (s/p Sakassou)',42,11),(1881,'H├öPITAL SP├ëCIALIS├ë Notre Dame du Carmel de SAKASSOU',42,11),(1882,'CSU-D PRIVE Sainte Martine de SAKASSOU',42,11),(1883,'CSR-DM PUBLIC de ODIAYE',42,11),(1884,'CSR-DM PUBLIC de KANANGO-AHOBE',42,11),(1885,'CSU-DM PUBLIC de TOUMODI SAKASSOU',42,11),(1886,'CSU-D PRIVE-ONG AIPEF-SANTE de SAKASSOU',42,11),(1887,'CSUS-SSSU PUBLIC de FRESCO',43,12),(1888,'CSR-D PUBLIC de ZEGBAN',43,12),(1889,'CMS CONFESSIONNEL M├¿re Franciska de GBAGBAM',43,12),(1890,'CSR-D PUBLIC de LOBOGROU',43,12),(1891,'CSR-D PUBLIC de LOULOUDOU',43,12),(1892,'CSR-D PUBLIC de YAKASSE (dist. FRESCO)',43,12),(1893,'CSR-D PUBLIC de YOBERI',43,12),(1894,'CSR-D PUBLIC de ZUZUOKO',43,12),(1895,'CSR-DM PUBLIC de GOMENEBERI',43,12),(1896,'CSR-D PUBLIC de PETIT BONDOUKOU (dist. FRESCO)',43,12),(1897,'CSR-D PUBLIC de OKROMODOU',43,12),(1898,'CSR-D PUBLIC de DIOMANDE CARREFOUR (s/p Fresco)',43,12),(1899,'CSR-DM PUBLIC de DASSIOKO',43,12),(1900,'CSU-DM PUBLIC de GBAGBAM',43,12),(1901,'EPHD PUBLIC de FRESCO',43,12),(1902,'CSU-DM PUBLIC de DAHIRI',43,12),(1903,'CSR-D PUBLIC de ZERIBERI',43,12),(1904,'CSR-DM PUBLIC de PAULY-CARREFOUR',44,12),(1905,'CSU-DM PUBLIC de LOBAKUYA',44,12),(1906,'CSR-DM PUBLIC de LOHIRI GODIE',44,12),(1907,'CSR-DM PUBLIC de BREGREADJI',44,12),(1908,'CSR-D PUBLIC de BEYO (DIST. SASSANDRA)',44,12),(1909,'CSR-D PUBLIC de BOUTOUBRE 2',44,12),(1910,'CSR-D PUBLIC de GROUDOU',44,12),(1911,'CSR-D PUBLIC de CORRIDOR SASSANDRA',44,12),(1912,'CSR-DM PUBLIC de PAULY BROUSSE',44,12),(1913,'CSR-D PRIVE FFS (Femme Famille Solidarit├®) de SASSANDRA',44,12),(1914,'CSR-DM PUBLIC de GOBROKO',44,12),(1915,'CSU-DM PUBLIC de GRIHIRI',44,12),(1916,'CSU-DM PUBLIC de DAKPADOU',44,12),(1917,'CSR-DM PUBLIC de KOKOLOPOZO',44,12),(1918,'CSR-DM PUBLIC de KOUKOHIDOU',44,12),(1919,'CSR-DM PUBLIC de GNAGO 2',44,12),(1920,'CSR-DM PUBLIC de NIAPIDOU',44,12),(1921,'CSR-DM PUBLIC de NIEGROUBOUE',44,12),(1922,'CSR-DM PUBLIC de SAFA-MANOIS',44,12),(1923,'CSU-DM PUBLIC de SAGO',44,12),(1924,'EPHD PUBLIC de SASSANDRA',44,12),(1925,'CSUS-SSSU PUBLIC de Sassandra',44,12),(1926,'CSR-DM PUBLIC de GRAND-DREVIN',44,12),(1927,'CSR-DM PUBLIC de NIABABLY',44,12),(1928,'CDT-DS Sassandra',44,12),(1929,'CSR-DM PUBLIC de GNAGO 1',44,12),(1930,'CENTRE MEDICAL St ANDRE',44,12),(1931,'CSR-DM PUBLIC de SAHOUA',44,12),(1932,'INF-LC PUBLIC Lyc├®e Moderne de SASSANDRA',44,12),(1933,'CSR-DM PUBLIC de GUEDIKPO',44,12),(1934,'CSR-D CONFESSIONNEL de SAGO',44,12),(1935,'CSR-DM PUBLIC de ZEGREBOUE',44,12),(1936,'CSR-DM PUBLIC de LOUHIRIKODIA',44,12),(1937,'CSR-DM PUBLIC de ZAEBRE',44,12),(1938,'CSR-DM PUBLIC de GREGUIBRE',44,12),(1939,'CSR-D PUBLIC de BASSA',44,12),(1940,'CSR-D PUBLIC de LOVERSEKRO',44,12),(1941,'CENTRE MEDICO-SOCIAL CROIX ROUGE',44,12),(1942,'CSR-DM PUBLIC de KPATA-ABIDOU',44,12),(1943,'CSR-DM PUBLIC de GAROUBRE',44,12),(1944,'CSR-DM PUBLIC de DIAKOUAKOUKRO',44,12),(1945,'CSUS-CAT PUBLIC de SASSANDRA',44,12),(1946,'CSR-DM PUBLIC de SIALOUKRO',44,12),(1947,'CSR-DM PUBLIC de DJOROPLO',44,12),(1948,'CSR-D PUBLIC de DAGBEGO 2',44,12),(1949,'CSR-D PUBLIC de LABAKUYA',44,12),(1950,'CSR-D PUBLIC de BOUTOUBRE 1',44,12),(1951,'CSR-D PUBLIC de KOUATE',44,12),(1952,'CSU-DM PUBLIC de SASSANDRA',44,12),(1953,'CSR-D PUBLIC de DIAGRO',44,12),(1954,'CSR-D PUBLIC d\' INAHIRI',44,12),(1955,'CSU-DM PUBLIC de MEDON',44,12),(1956,'CMS PRIVE de BOLO',44,12),(1957,'CSR-DM PUBLIC de LIPOYO',44,12),(1958,'CSR-DM PUBLIC de GAOULOU',44,12),(1959,'INF-P PUBLIC Maison Arr├¬t de SASSANDRA',44,12),(1960,'CSR-DM PUBLIC de ADEBEM',44,12),(1961,'CSR-DM PUBLIC de TIAZALE',44,12),(1962,'CSR-DM PUBLIC de GBALOKUYA',44,12),(1963,'INF-LC PUBLIC Lyc├®e Moderne de BONDOUKOU',45,13),(1964,'CENTRE DE SOINS INFIRMIERS ├ö├ç├┐\'le professionnel\'\'',45,13),(1965,'CSR-DM PUBLIC de ADOUMKROM',45,13),(1966,'CSR-D PUBLIC de POUGOUVAGNE',45,13),(1967,'CSR-D PUBLIC de DUA-KOUAME',45,13),(1968,'CSR-DM PUBLIC de WAKIALA',45,13),(1969,'CSR-D PUBLIC de TISSIE',45,13),(1970,'INF-LC PUBLIC Lyc├®e Duakobenan de BONDOUKOU',45,13),(1971,'CSR-DM PUBLIC de SONGORI',45,13),(1972,'CSR-DM PUBLIC de MARAHUI',45,13),(1973,'CSR-DM PUBLIC de KOBOKO',45,13),(1974,'CSU-D PRIVE-ONG LAFED Manahim de BONDOUKOU',45,13),(1975,'CSR-D PUBLIC de APPIMADOUM',45,13),(1976,'CSR-DM PUBLIC de KOUASSI N\'DAWA',45,13),(1977,'CSR-DM PUBLIC de FLAKIEDOUGOU',45,13),(1978,'CSR-D PUBLIC de BOROMBA',45,13),(1979,'CSU-DM PUBLIC de SOKO',45,13),(1980,'CSUS-CAT PUBLIC de BONDOUKOU',45,13),(1981,'INF-P PUBLIC Prison Civil de BONDOUKOU',45,13),(1982,'CSR-D PUBLIC de KAMALA',45,13),(1983,'CSR-DM PUBLIC de GBANHUI',45,13),(1984,'CSR-M PUBLIC de DINGBI',45,13),(1985,'CSR-D PUBLIC de LAOUDIGAN',45,13),(1986,'CSR-D PUBLIC de SAN-PORO',45,13),(1987,'CSR-D PUBLIC de TEFRODOUO',45,13),(1988,'ONG PRIVE notre Grenier de BONDOUKOU',45,13),(1989,'HOPITAL PRIVE CONFESSIONNEL Sainte-Marie',45,13),(1990,'CSU-D CONFESSIONNEL Catholique Saint Camille de BONDOUKOU',45,13),(1991,'CSR-M PUBLIC de BANDOLE',45,13),(1992,'ICT BSE BONDOUKOU',45,13),(1993,'CSR-D PUBLIC de YAOKOKOROKO',45,13),(1994,'CSR-DM PUBLIC de DJIMPOUNINDOUO',45,13),(1995,'CABINET D\'OPTICIEN-LUNETIER AUGUSTE VISION',45,13),(1996,'CSU-D PUBLIC de BONDOUKOU',45,13),(1997,'CSU-DM PUBLIC de YEZIMALA',45,13),(1998,'CSR-D PUBLIC de TILBONEDOUO',45,13),(1999,'SERVICE DE SANTE DERMATO-LEPRE BONDOUKOU',45,13),(2000,'CSU-D PUBLIC GMI de BONDOUKOU',45,13),(2001,'CLINIQUE MEDICALE SAINT-JOSEPH',45,13),(2002,'CLINIQUE MEDICALE SAINTE AGNES de BONDOUKOU',45,13),(2003,'ONG PRIVE CI-DEV de BONDOUKOU',45,13),(2004,'CSR-D PUBLIC de AMOITINI',45,13),(2005,'CLINIQUE M├ëDICALE SAINTE AGNES',45,13),(2006,'CSR-DM PUBLIC de KIENDI-OUALOGO',45,13),(2007,'CSR-DM PUBLIC de KOHODIO',45,13),(2008,'CSR-D PUBLIC de MOTIAMO',45,13),(2009,'CLINIQUE MEDICALE SAINTE AGNES',45,13),(2010,'CSR-D PUBLIC de DEBA',45,13),(2011,'EPHR PUBLIC de BONDOUKOU',45,13),(2012,'CSUS-SSSU PUBLIC de BONDOUKOU',45,13),(2013,'CSU-DM PUBLIC de BONDO',45,13),(2014,'CSR-M PUBLIC de DINAOUDI',45,13),(2015,'CSR-D PUBLIC de DONVAGNE',45,13),(2016,'EPHD PUBLIC de GOUMERE',45,13),(2017,'CSR-DM PUBLIC de HEREBO',45,13),(2018,'CSR-D PUBLIC de MAGAM',45,13),(2019,'CSR-M PUBLIC de PINDA-BOROKO',45,13),(2020,'CSU-DM PUBLIC de SAPLI-SEPINGO',45,13),(2021,'CSU-DM PUBLIC de SOROBANGO',45,13),(2022,'CSU-DM PUBLIC de TABAGNE',45,13),(2023,'CSR-DM PUBLIC de TAMBI',45,13),(2024,'CSU-DM PUBLIC de TAOUDI',45,13),(2025,'CSR-DM PUBLIC de TOROSSANGUEHI',45,13),(2026,'CSU-DM PUBLIC de LAOUDI-BA',45,13),(2027,'INF-M PUBLIC Militaire de BONDOUKOU',45,13),(2028,'CSR-D PUBLIC de TAGADI',45,13),(2029,'CSR-D PUBLIC de KIRAMISSE',45,13),(2030,'CSR-D PUBLIC de SEREOUDE',45,13),(2031,'CSR-D PUBLIC de KOUASSI-KOUMAN',45,13),(2032,'CSR-D PUBLIC de KOUAFO',45,13),(2033,'CSU-DM PRIVE CIP-CAMES de BONDOUKOU',45,13),(2034,'CSUS-PMI PUBLIC de BOUDOUKOU',45,13),(2035,'CSR-D PUBLIC de KANGUELE',45,13),(2036,'CSR-D PUBLIC de DEBANGO',45,13),(2037,'CSR-DM PUBLIC de MARAHUI-AHINIFIE',45,13),(2038,'CSR-DM PUBLIC de AMODI',45,13),(2039,'CSR-DM PUBLIC de KARAKO',45,13),(2040,'CSR-M PUBLIC de SAPIA',45,13),(2041,'CSR-D PUBLIC de PETEYE',45,13),(2042,'CSR-D PUBLIC de KPANAN',45,13),(2043,'CENTRE DE SANTE COMMUNAUTAIRE M├¿re et Enfant Koria/Kounfao',46,13),(2044,'CENTRE MEDICO-SOCIAL DE KOUNFAO',46,13),(2045,'CSR-DM PUBLIC de DJORO-DJORO',46,13),(2046,'CSU-DM PUBLIC de KOUASSI-DATEKRO',46,13),(2047,'CSU-DM PUBLIC de KRAKRO',46,13),(2048,'CSR-DM PUBLIC de YAKASSE-BINI',46,13),(2049,'CSR-DM PUBLIC de ADOUKRO',46,13),(2050,'CSR-DM PUBLIC de KOTOGWANDA',46,13),(2051,'EPHD PUBLIC de KOUN-FAO',46,13),(2052,'CSR-DM PUBLIC de N\'DAKRO',46,13),(2053,'CSU-DM PUBLIC de TANKESSE',46,13),(2054,'CSU-DM PUBLIC de TIENKOIKRO',46,13),(2055,'CSR-DM PUBLIC de OUATTE',46,13),(2056,'CSR-DM PUBLIC de AMEYAOKRO',46,13),(2057,'CSR-D PUBLIC de KOTRONOU',46,13),(2058,'CSR-DM PUBLIC de DEIMBA',46,13),(2059,'CSU-DM PUBLIC de KOKOMIAN',46,13),(2060,'FSU COMMUNAUTAIRE PRIVE de TANKESSE',46,13),(2061,'INF-LC PUBLIC Lyc├®e BAD de KOUN-FAO',46,13),(2062,'CSR-D PUBLIC de DOMORROSSI',46,13),(2063,'CSR-D PUBLIC d\'ASSUAMAKRO',46,13),(2064,'CSR-D PUBLIC de TAKIKRO (s/p Tienkoikro)',46,13),(2065,'CSR-DM PUBLIC de N\'GUESSAN-BRINDOUKRO',46,13),(2066,'CSR-D PUBLIC de N\'GORATTO',46,13),(2067,'CSR-DM PUBLIC de PENGAKRO',46,13),(2068,'CSR-D PUBLIC DE KOUAKOUKRAKRO',46,13),(2069,'CSR-D PUBLIC de ASSINDI',46,13),(2070,'CSR-DM PUBLIC d\' AKRAISSIKRO',46,13),(2071,'CSR-D PUBLIC de DOKANOU',46,13),(2072,'CSR-D PUBLIC de KOTOKOU AYERA',46,13),(2073,'CSR-DM PUBLIC de KOTOKOU AYERA',46,13),(2074,'CSR-D PUBLIC de SENANDE',46,13),(2075,'CSR-DM PUBLIC de MISSOUMIHIAN I',46,13),(2076,'CSUS-SSSU PUBLIC de KOUN-FAO',46,13),(2077,'CSR-DM d\'ABOKRO',46,13),(2078,'CSR-D PUBLIC de KORIA',46,13),(2079,'DR MADAM',47,13),(2080,'DR KOUAKOUKANKRO',47,13),(2081,'CSR-DM PUBLIC de NAMASSI',47,13),(2082,'CSR-D PUBLIC de KAMELE',47,13),(2083,'CSR-DM PUBLIC de SANGUEHI',47,13),(2084,'CSR-D PUBLIC de KEMEDI',47,13),(2085,'CSR-DM PUBLIC de DALEWARE',47,13),(2086,'CSR-D PUBLIC de GBANGBO',47,13),(2087,'CSR-DM PUBLIC de BANDAKAGNY TOMORA',47,13),(2088,'CSR-DM PUBLIC de BANDAKAGNI-SOKOURA',47,13),(2089,'CSU-DM PUBLIC de DIMANDOUGOU',47,13),(2090,'EPHD PUBLIC de SANDEGUE',47,13),(2091,'CSU-DM PUBLIC de YOROBODI',47,13),(2092,'CSR-DM PUBLIC de AWA├ÅKRO',47,13),(2093,'CSR-DM PUBLIC de MASSADOUGOU',47,13),(2094,'CSR-DM PUBLIC de SIASSO',48,13),(2095,'CSR-DM PUBLIC d\' IGUELA',48,13),(2096,'CSU-DM PUBLIC de DIAMBA',48,13),(2097,'CSR-DM PUBLIC de ESSIKRO',48,13),(2098,'CSR-DM PUBLIC de FISSA',48,13),(2099,'CSR-DM PUBLIC de GUIENDE',48,13),(2100,'CSR-DM PUBLIC de PALA',48,13),(2101,'EPHD PUBLIC de TANDA',48,13),(2102,'CSU-DM PUBLIC de TIEDIO',48,13),(2103,'CSR-D PUBLIC de TANGAMOUROU',48,13),(2104,'CSR-DM PUBLIC de KOROBO',48,13),(2105,'CSR-D PUBLIC de ABOKOUMAN',48,13),(2106,'CSR-D PUBLIC de TEHUI',48,13),(2107,'CDT-DS Tanda',48,13),(2108,'CSR-D PUBLIC de BOUKO',48,13),(2109,'CSR-DM PUBLIC de BROUKRO (dist. TANDA)',48,13),(2110,'CSR-D PUBLIC DE ANANVOUENOU',48,13),(2111,'CENTRE MEDICAL ASSISTANCE MEDICO-TECHNIQUE (DIST. TANDA)',48,13),(2112,'CSUS-SSSU PUBLIC DE TANDA',48,13),(2113,'CSR-D PUBLIC de LAMOLI',48,13),(2114,'CSR-D PUBLIC de NAGAFOU',48,13),(2115,'CSR-D PUBLIC de TECKO',48,13),(2116,'CENTRE SOCIAL de TANDA',48,13),(2117,'CSR-D PUBLIC de TEGOHUINI',48,13),(2118,'CSR-DM PUBLIC de LOMO',48,13),(2119,'CSU-DM PUBLIC de AMANVI',48,13),(2120,'CSR-D PUBLIC de GONDIA',48,13),(2121,'DISPENSAIRE RURAL DADIASSE ABRIKOKRO',49,13),(2122,'CSR-D PUBLIC de ASSUETIA-KESSE',49,13),(2123,'CSR-D PUBLIC de SOUROMANI',49,13),(2124,'CSU-DM PUBLIC de ASSUEFRY',49,13),(2125,'CSR-DM PUBLIC de DADIASSE',49,13),(2126,'EPHD PUBLIC de TRANSUA',49,13),(2127,'CSR-DM PUBLIC de KOUASSIA-NIAGUINI',49,13),(2128,'CSR-D PUBLIC de DIEDOU-PAMBASSO',49,13),(2129,'CSR-D PUBLIC de KOUAHINIKRO',49,13),(2130,'CSR-D PUBLIC de AHUITIESSO',49,13),(2131,'CSR-D PUBLIC de MEREKOU',49,13),(2132,'CSR-D PUBLIC de PRITI 1',49,13),(2133,'CSR-D PUBLIC de ADANDIA',49,13),(2134,'CSR-D PUBLIC de AROSSUA',49,13),(2135,'CSR-D PUBLIC de KASSAN',49,13),(2136,'CSR-D PUBLIC de KEKERENI',49,13),(2137,'CSR-D PUBLIC de MANTOUKOUA-ADIAMARA',49,13),(2138,'CSR-D PUBLIC de N\'ZUASSE',49,13),(2139,'CSR-D PUBLIC de POKO',49,13),(2140,'CSR-D PUBLIC de PRITI 2',49,13),(2141,'CSR-D PUBLIC de KOUADIOKISSIKRO',49,13),(2142,'CSR-D PUBLIC DE KOUASSI SERANOU',49,13),(2143,'CSR-DM PUBLIC DE YAOKUMKRO',49,13),(2144,'CSR-D PUBLIC de YAKASSE AKIDOM',49,13),(2145,'CSR-D PUBLIC YAO NANGO',49,13),(2146,'CLINIQUE MEDICALE SOM YIKRI',50,14),(2147,'CSR-D PUBLIC Pouponni├¿re de DABOU',50,14),(2148,'HG CONFESSIONNEL Protestant de DABOU',50,14),(2149,'CSR-DM PUBLIC de VIEIL AKLODJ',50,14),(2150,'CSU-DM PUBLIC de DEBRIMOU',50,14),(2151,'CSR-DM PUBLIC de BOUBOURY',50,14),(2152,'CSR-DM PUBLIC de KPASS',50,14),(2153,'CSR-D PUBLIC Savane de DABOU',50,14),(2154,'CSR-D PUBLIC de OPOYOUNEM',50,14),(2155,'CSR-DM PUBLIC de AHOUYA N\'DOUMIKRO',50,14),(2156,'CSR-DM PUBLIC de N\'GATTY',50,14),(2157,'CSR-DM PUBLIC de NIAMIAMBO',50,14),(2158,'CSR-DM PUBLIC de BOHN',50,14),(2159,'CSR-DM PUBLIC de COSROU',50,14),(2160,'CSUS-SSSU PUBLIC de DABOU',50,14),(2161,'CSU-DM PUBLIC de IRA',50,14),(2162,'CSR-DM PUBLIC de ARMEBE',50,14),(2163,'CSR-DM PUBLIC de NIGUI-NANOU',50,14),(2164,'CMS PRIVE Palmci de COSROU',50,14),(2165,'CSR-DM PUBLIC de NOUVEL OUSROU',50,14),(2166,'CSR-DM PUBLIC de ORBAFF',50,14),(2167,'CSU-DM PUBLIC de TOUPAH',50,14),(2168,'CSR-DM PUBLIC de VIEUX BADIEN',50,14),(2169,'CSR-DM PUBLIC de YASSAP A',50,14),(2170,'EPHD PUBLIC de DABOU',50,14),(2171,'CSU-DM PUBLIC de LOPOU',50,14),(2172,'CSR-DM PUBLIC DE TIAHA',50,14),(2173,'CSR-DM PUBLIC DE VIEIL OUSROU',50,14),(2174,'CMS PRIVE de PAKIDIE',50,14),(2175,'CENTRE DE SOINS PRIVE COMMUNAUTAIRE GOLF',50,14),(2176,'CMS PRIVE PALMERAIE',50,14),(2177,'CSUS-CAT PUBLIC de DABOU',50,14),(2178,'CSU-DM PUBLIC WROD de DABOU',50,14),(2179,'CSR-DM PUBLIC de MOPOYEM',50,14),(2180,'CSR-DM PUBLIC de AGBAILLE',50,14),(2181,'CSR-D PUBLIC de YOMIDJI',50,14),(2182,'CSR-D PUBLIC de KOTOKODJI',50,14),(2183,'CSR-D PUBLIC d\' AGNIMAMGBO',50,14),(2184,'CLINIQUE ISRAEL',50,14),(2185,'CMS PRIVE ABOUATMESS EL RAPHA 2',50,14),(2186,'INF-PV PRIVE March├® de DABOU',50,14),(2187,'CSR-D CONFESSIONNEL Notre Dame de l\'Incarnation de LOPOU',50,14),(2188,'CMS PRIVE Saph de TOUPAH',50,14),(2189,'CSR-D PUBLIC de PETIT BADIEN',50,14),(2190,'CSR-D PUBLIC MAC de DABOU',50,14),(2191,'CSR-D CONFECTIONNEL Notre Dame de l\'Incarnation de LOPOU',50,14),(2192,'CSR-DM PUBLIC de PANDAH',50,14),(2193,'CSR-D PUBLIC DE AHOUGNANSSOU',51,14),(2194,'CSR-DM PUBLIC DE DJIDJIKRO',51,14),(2195,'CMS PHCI de TIEVIESSOU',51,14),(2196,'CSU-D PUBLIC de AHOUANOU',51,14),(2197,'CSU-DM PUBLIC de EBOUNOU',51,14),(2198,'CSR-DM PUBLIC de AHOUGNANFOUTOU',51,14),(2199,'CSUS-SSSU PUBLIC de GRAND-LAHOU',51,14),(2200,'CSR-DM PUBLIC de LAHOU-KPANDA',51,14),(2201,'CSR-DM PUBLIC de TIOKO',51,14),(2202,'CSR-D PUBLIC de BELLE-VILLE (s/p Grand-Lahou)',51,14),(2203,'CSR-D PUBLIC de DIATEKET',51,14),(2204,'CSR-D PUBLIC de TAMABO-DONGBO',51,14),(2205,'CSR-DM PUBLIC de TOUKOUZOU',51,14),(2206,'CSR-D PUBLIC de KROKROM',51,14),(2207,'CSUS-CDV PUBLIC de GRAND-LAHOU',51,14),(2208,'CSU-D PUBLIC Ecole de P├¬che de GRAND-LAHOU',51,14),(2209,'INF-PV PRIVE March├® de GRAND-LAHOU',51,14),(2210,'INF-PV PRIVE Plantation Industrielle GRAND-LAHOU',51,14),(2211,'CSR-D PUBLIC DE NIANDA (Dist-Grand Lahou)',51,14),(2212,'CSR-D PUBLIC DE NANDIBO 2',51,14),(2213,'INF-PV PRIVE Plantation Industrielle TAMAKO',51,14),(2214,'CSUS-PMI PUBLIC de GRAND-LAHOU',51,14),(2215,'CSR-D PUBLIC de DOKPODON',51,14),(2216,'CSR-D PUBLIC d\'ADJEKONANKRO',51,14),(2217,'CSR-D PUBLIC de LIKPILASSIE',51,14),(2218,'CSR-D PUBLIC de GBEDJENOU',51,14),(2219,'CSR-DM PUBLIC de LIBOLI',51,14),(2220,'CSR-D PUBLIC de DIBOU',51,14),(2221,'CSR-DM PUBLIC de BACANDA',51,14),(2222,'CSR-DM PUBLIC de BRAFFEDON',51,14),(2223,'EPHD PUBLIC de GRAND-LAHOU',51,14),(2224,'CSR-DM PUBLIC de TIEVIESSOU',51,14),(2225,'CMS PRIVE de YOCOBOUE PI',51,14),(2226,'CMS PRIVE de TAMABO',51,14),(2227,'CSU-DM PUBLIC de IROBO',52,14),(2228,'CSR-DM PUBLIC de ABREBY',52,14),(2229,'CSR-DM PUBLIC de SASSAKO BEGNINI',52,14),(2230,'CSR-DM PUBLIC de AVAGOU',52,14),(2231,'CSR-DM PUBLIC de KOUVE',52,14),(2232,'CSR-DM PUBLIC de ATTOUTOU A',52,14),(2233,'INF-LC PUBLIC Lyc├®e Municipal de JACQUEVILLE',52,14),(2234,'INF-PV PRIVE Sicor de JACQUEVILLE',52,14),(2235,'CMS PRIVE Centre M├®dical PALMCI de IROBO',52,14),(2236,'CSR-DM PUBLIC de ATTOUTOU B',52,14),(2237,'CSR-DM PUBLIC de ABRACO',52,14),(2238,'CSR-DM PUBLIC de ADDAH',52,14),(2239,'EPHD PUBLIC de JACQUEVILLE',52,14),(2240,'CSR-DM PUBLIC de NIGUI-ASSOKO',52,14),(2241,'CSR-DM PUBLIC de NIGUI-SAFF',52,14),(2242,'CSR-DM PUBLIC de TIAGBA',52,14),(2243,'CSUS-SSSU PUBLIC de JACQUEVILLE',52,14),(2244,'CSR-DM PUBLIC DE ADJUE',52,14),(2245,'CSR-DM PUBLIC d\' AKROU',52,14),(2246,'CSR-DM PUBLIC de TABOTH',52,14),(2247,'CSR-DM PUBLIC de NDJEM',52,14),(2248,'CSR-DM PUBLIC de ADESSE',52,14),(2249,'INF-LC PUBLIC CMMIJ de JACQUEVILLE',52,14),(2250,'INF-PV PRIVE Diomand├® Memassi de IROBO',52,14),(2251,'INF-PV PRIVE Sainte Anne de Cosroly de TIEGBA-PI',52,14),(2252,'CMS PRIVE Palmci de TIEGBA PI',52,14),(2253,'CSR-D PUBLIC de BANGUEHI',53,15),(2254,'CSU-D PUBLIC de GUINGLO TAHOUAKE',53,15),(2255,'CSR-D PUBLIC de BABLY',53,15),(2256,'CSU-DM PUBLIC DE BANGOLO CARREFOUR',53,15),(2257,'CSUS-PMI PUBLIC de BANGOLO',53,15),(2258,'CSR-D PUBLIC de BAHIBLY',53,15),(2259,'CSR-D PUBLIC de PINHOU (dist. BANGOLO)',53,15),(2260,'CSR-D PUBLIC de DIEBLY',53,15),(2261,'CSR-D PUBLIC de GLOUBLY',53,15),(2262,'CSR-D PUBLIC de GRAND PIN',53,15),(2263,'CSR-D PUBLIC de DIAHONDI',53,15),(2264,'EPHD PUBLIC de BANGOLO',53,15),(2265,'CSU-D PUBLIC de DIEOUZON',53,15),(2266,'CSR-D PUBLIC de DIAPLEAN',53,15),(2267,'CSR-D PUBLIC de DIOUROUZON ZEO',53,15),(2268,'CSU-D PUBLIC de GOHOUO ZAGNA',53,15),(2269,'CSR-DM PUBLIC de GUEZON TAHOUAKE',53,15),(2270,'CSU-DM PUBLIC de ZEO',53,15),(2271,'CSU-D PUBLIC de ZOU',53,15),(2272,'CSR-D PUBLIC de ZEREGBO',53,15),(2273,'CSR-D PUBLIC de GLOPLOU',53,15),(2274,'CSR-D PUBLIC de DAH KAHEN',53,15),(2275,'CSR-D PUBLIC de BEOUE',53,15),(2276,'CSU-D PUBLIC de BLENIMEOUIN',53,15),(2277,'CSU-D PUBLIC de KAHEN-ZARABAON',53,15),(2278,'CSR-D PUBLIC de ZIONDROU ZIBO',53,15),(2279,'CSR-DM PUBLIC de BEOUE-ZIBIAO',53,15),(2280,'CSR-DM PUBLIC de GUEHOUO',53,15),(2281,'CSU-D PUBLIC DIAYE BERNARD de DUEKOUE',54,15),(2282,'EPHD PUBLIC de DUEKOUE',54,15),(2283,'CSR-D PUBLIC de DIBOBLY',54,15),(2284,'CSU-D PUBLIC de GUEZON',54,15),(2285,'CSR-D PUBLIC de PINHOU (dist. DUEKOUE)',54,15),(2286,'CSR-D PUBLIC de FENGOLO (s/p Du├®kou├®)',54,15),(2287,'CSR-D PUBLIC de DIAHOUIN',54,15),(2288,'CSR-D PUBLIC de TOA ZEO',54,15),(2289,'CSR-D PUBLIC de NIAMBLY',54,15),(2290,'CSR-D PUBLIC de BOHOUSSOUKRO',54,15),(2291,'CSR-D PUBLIC de FOUEDOUGOU',54,15),(2292,'CSR-D PUBLIC de BAOUBLY',54,15),(2293,'CSR-D PUBLIC de LEDJAN V14',54,15),(2294,'CMS PRIVE AIBEF de DUEKOUE',54,15),(2295,'CSU-D CONFESSIONNEL DES S┼ÆURS SALESIENNES',54,15),(2296,'CSR-D PUBLIC de BLODY',54,15),(2297,'CSR-D PUBLIC de GLAOU',54,15),(2298,'CSR-D PUBLIC de DAHOUA',54,15),(2299,'CSR-D PUBLIC de PONAN OUINLO',54,15),(2300,'CSR-D PUBLIC de GREIKRO',54,15),(2301,'CSR-D PUBLIC de AMANI MICHELKRO',54,15),(2302,'CSR-D PUBLIC de GOZON (dist. DUEKOUE)',54,15),(2303,'CSR-D PUBLIC de PETIT GUIGLO (dist. DUEKOUE)',54,15),(2304,'CSR-D PUBLIC de YROUZON',54,15),(2305,'CSR-D PUBLIC de BINAO',54,15),(2306,'CSU-DM PUBLIC de BAGOHOUO',54,15),(2307,'CSR-D PUBLIC DE PAPADOUGOU',54,15),(2308,'CSU-M PUBLIC DE KOKOMAN',54,15),(2309,'CSR-DM PUBLIC DE LOKOSSO',54,15),(2310,'CMS PRIVE THANRY de DUEKOUE',54,15),(2311,'CSUS-CAT PUBLIC de DUEKOUE',54,15),(2312,'CSR-D PUBLIC de TOBLY BANGOLO',54,15),(2313,'CSR-D PUBLIC de GUINGLO-ZIA',54,15),(2314,'CSR-D PUBLIC de PONAN VAHI',54,15),(2315,'CSUS-PMI PUBLIC de DUEKOUE',54,15),(2316,'CSR-D PUBLIC de KRANZADOUGOU',54,15),(2317,'CSR-D PUBLIC de OUATTARADOUGOU (s/p Gbapleu)',54,15),(2318,'CSR-D PUBLIC de DIOUROUZON',54,15),(2319,'CSUS-SSSU PUBLIC de DUEKOUE',54,15),(2320,'CSU-DM PUBLIC de GBAPLEU',54,15),(2321,'CSU-D PUBLIC de GUEHIEBLY',54,15),(2322,'CSR-D PUBLIC de NIDROU (s/p Bagohouo)',54,15),(2323,'CSR-D PUBLIC de BAHE-SEBON',54,15),(2324,'CSR-DM PUBLIC de TOUANDROU-BEOUE2',55,15),(2325,'CSU-DM PUBLIC de FACOBLY',55,15),(2326,'CSU-DM PUBLIC de SEMIEN',55,15),(2327,'CSR-DM PUBLIC de GUINGLO-GUEZON',55,15),(2328,'EPHD PUBLIC de KOUIBLY',55,15),(2329,'CSU-DM PUBLIC de NIDROU (s/p Nidrou)',55,15),(2330,'CSR-DM PUBLIC de POUMBLY',55,15),(2331,'CSR-DM PUBLIC de TROKPADROU',55,15),(2332,'CSU-DM PUBLIC de TOTRODOU',55,15),(2333,'CSU-DM PUBLIC de KOUA',55,15),(2334,'CSR-DM PUBLIC de KLANGBOLABLY',55,15),(2335,'CSR-DM PUBLIC de KORDROU',55,15),(2336,'CSR-DM PUBLIC de DOUAGUE 2',55,15),(2337,'CSR-D PUBLIC de KONTROU',55,15),(2338,'CSR-D PUBLIC de TACOURABLY',55,15),(2339,'CSR-D PUBLIC de TOUANDROU GBEAN',55,15),(2340,'CSR-DM PUBLIC de ZOUATTA 2',55,15),(2341,'CSR-DM PUBLIC de SOUEBLY-MAYEBLY',55,15),(2342,'CSR-D PUBLIC de SIEBLY',55,15),(2343,'CSR-D PUBLIC de BATIEBLY-TRODROU',55,15),(2344,'CSR-D PUBLIC de FLANSOBLY',55,15),(2345,'CSU-DM PUBLIC DE OUYABLY-GNONDROU',55,15),(2346,'CSR-D PUBLIC DE TIESSAN',55,15),(2347,'CSR-D PUBLIC DE BIBITA',55,15),(2348,'CSR-D PUBLIC de GBEZIO',55,15),(2349,'CSR-D PUBLIC de TEISSON',55,15),(2350,'CSR-D PUBLIC de TIEDROU-KOLEA',55,15),(2351,'CSR-DM PUBLIC de TAOBLY-DOUAGUE',55,15),(2352,'CSR-D PUBLIC de TAOBLY',55,15),(2353,'CSU-DM PUBLIC de TIENY-SEABLY',55,15),(2354,'CSR-DM PUBLIC de GBADROU',55,15),(2355,'CSR-DM PUBLIC de KANEBLY',55,15),(2356,'CSR-DM PUBLIC de SOAKPE-DOUEDY',55,15),(2357,'INF-PV PRIVE Ste Anne SIABLY de FACOBLY',55,15),(2358,'CSU-DM PUBLIC de GUEZON (s/p Facobly)',55,15),(2359,'CSR-DM PUBLIC de PIANDROU',55,15),(2360,'CSR-DM PUBLIC PIEBLY 1 de KOUIBLY',55,15),(2361,'CSU-DM PUBLIC de GAGNOA',56,16),(2362,'CSR-DM PUBLIC de AHIZABRE',56,16),(2363,'CSR-DM PUBLIC de DIABOUO',56,16),(2364,'CSR-DM PUBLIC de GUIBOUO',56,16),(2365,'CSR-D PUBLIC de DODOUGNOA',56,16),(2366,'CSR-D PUBLIC de ABOHIO',56,16),(2367,'CSR-D PUBLIC DE MENEKRE',56,16),(2368,'CSR-DM PUBLIC DE KOBOUO',56,16),(2369,'CSR-D PUBLIC de MABOUO',56,16),(2370,'CSR-D PUBLIC DE WANEWA',56,16),(2371,'CSR-DM PUBLIC DE KOBDJAKUE',56,16),(2372,'CSR-DM PUBLIC de GNATROA',56,16),(2373,'CSR-DM PUBLIC de KRAGBALILIE',56,16),(2374,'CSR-DM PUBLIC de NIAHIRIO',56,16),(2375,'CSR-DM PUBLIC de DALIGUEPA',56,16),(2376,'CSR-D PUBLIC de DALILIE',56,16),(2377,'CSUS-CAT PUBLIC de GAGNOA',56,16),(2378,'INF-P PUBLIC MAC de GAGNOA',56,16),(2379,'CSR-DM PUBLIC de BOBIA',56,16),(2380,'CSR-DM PUBLIC de GNIGBAWA',56,16),(2381,'CSR-DM PUBLIC de GUESSIHIO',56,16),(2382,'CSR-DM PUBLIC de DOUGROUPALEGNOA',56,16),(2383,'CSR-DM PUBLIC de TOUTOUBRE',56,16),(2384,'CLINIQUE FROMAGER POUR LA SANTE ET LE SOCIAL (FSS)',56,16),(2385,'CSU-DM PUBLIC de OLIBRIBOUO',56,16),(2386,'CSR-DM PUBLIC de KRIPAHIO',56,16),(2387,'CSU-DM PUBLIC de GALEBRE',56,16),(2388,'CSR-D PUBLIC de GODELILIE',56,16),(2389,'CSR-DM PUBLIC de GUEMENEDOU',56,16),(2390,'CSU-DM PUBLIC de GNAGBODOUGNOA',56,16),(2391,'CLINIQUE DU FROMAGER de GAGNOA',56,16),(2392,'CLINIQUE DU VERSEAU de GAGNOA',56,16),(2393,'CLINIQUE LE SAMARITAIN de GAGNOA',56,16),(2394,'CLINIQUE MEDICALE LE GHERY de GAGNOA',56,16),(2395,'CSR-D PUBLIC de KAKREDOU',56,16),(2396,'CSR-DM PUBLIC de TIPADIPA',56,16),(2397,'CSU-DM PUBLIC de BAROUHIO',56,16),(2398,'CSR-D PUBLIC de LELEBREKOUA',56,16),(2399,'CSR-D PUBLIC de TCHEDJELET',56,16),(2400,'CSR-D PUBLIC de ZOKOUHIO',56,16),(2401,'CSR-D PUBLIC DE GNAMAGNOA',56,16),(2402,'INF-PRIVEE CIP CAMES de GAGNOA',56,16),(2403,'CSU-D CONFESSIONNEL NDA de GAGNOA',56,16),(2404,'CSR-DM PUBLIC de DIKOUEHIPALEGNOA',56,16),(2405,'CSU-DM PUBLIC de DELBO2',56,16),(2406,'CENTRE SOCIAL de GAGNOA',56,16),(2407,'GRAND CENTRE MEDICAL SAINT CLEMENT',56,16),(2408,'CSR-DM PUBLIC de GBADJE',56,16),(2409,'CSR-DM PUBLIC de GNALEGRIBOUO',56,16),(2410,'CSR-D PUBLIC de DIGBEUGNOA',56,16),(2411,'CSR-D PUBLIC de DAHOPA',56,16),(2412,'CSR-DM PUBLIC de DOUKOUYO',56,16),(2413,'EPHR PUBLIC de GAGNOA',56,16),(2414,'CSU-D PUBLIC de GAGNOA',56,16),(2415,'CSUS-PMI PUBLIC de GAGNOA',56,16),(2416,'CSUS-SSSU PUBLIC de GAGNOA',56,16),(2417,'CSR-DM PUBLIC de LOGOBIA',56,16),(2418,'CSU-DM PUBLIC de SERIHIO',56,16),(2419,'CSR-DM PUBLIC de KOSSEHOA',56,16),(2420,'CSR-DM PUBLIC de BOGREGNOA',56,16),(2421,'CSR-DM PUBLIC de MAHIBOUO',56,16),(2422,'CSR-D PUBLIC de DALIGUEPALEGNOA',56,16),(2423,'CSR-D PUBLIC de PAYOPA',56,16),(2424,'EPHD PUBLIC de GAGNOA',56,16),(2425,'CSR-DM PUBLIC de ONDJAHIO',57,16),(2426,'CSR-DM PUBLIC de MAGBEHIGOUEPA',57,16),(2427,'CSR-DM PUBLIC de NEKEIDE',57,16),(2428,'CSR-DM PUBLIC de OTTEHOA',57,16),(2429,'CSR-DM PUBLIC de DAHIEPA-KEHI',57,16),(2430,'CSU-DM PUBLIC de DIDIA',57,16),(2431,'CSU-DM PUBLIC de YOPOHUE',57,16),(2432,'CSR-DM PUBLIC de ZAHIBOHIO',57,16),(2433,'CSR-DM PUBLIC de LEBAM',57,16),(2434,'CSR-DM PUBLIC de ZOHOA',57,16),(2435,'CSR-DM PUBLIC de PISSEKOU',57,16),(2436,'CSU-DM PUBLIC de BROUDOUME',57,16),(2437,'CSR-DM PUBLIC de MAMA',57,16),(2438,'CSR-DM PUBLIC de SIEGOUEKOU',57,16),(2439,'CSR-DM PUBLIC de ZEBIZEKOU',57,16),(2440,'CSR-DM PUBLIC de DRIBOUO',57,16),(2441,'CSR-DM PUBLIC de BELAM',57,16),(2442,'CSR-DM PUBLIC de SANEGAZE',57,16),(2443,'CSR-DM PUBLIC de GOPA-METEPA',57,16),(2444,'CSR-DM PUPLIC de BAYEKOU-GBASSI',57,16),(2445,'CSR-DM PUBLIC de DRAYO-DAGNOA',57,16),(2446,'CSR-DM PUBLIC de BODOCIPA',57,16),(2447,'CSR-DM PUBLIC de BOUGROU',57,16),(2448,'CSR-DM PUBLIC de BELIEHOUA',57,16),(2449,'CSR-DM PUBLIC de BASSEHOA',57,16),(2450,'CSR-DM PUBLIC de KPOGROBOUO',57,16),(2451,'CSUS-SSSU 2 PUBLIC DE GAGNOA',57,16),(2452,'CSR-DM PUBLIC de KEHI-GBAHI',57,16),(2453,'CENTRE M├ëDICAL LE ROCHER',57,16),(2454,'CENTRE M├ëDICAL NOTRE DAME de LA TENDRESSE',57,16),(2455,'CSR-DM PUBLIC de KPAPEKOU',57,16),(2456,'CSR-DM PUBLIC de BAGASSEHOA',57,16),(2457,'CSR-DM PUBLIC de GNALIEPA',57,16),(2458,'CSR-DM PUBLIC de ZIPLIGNAN',57,16),(2459,'CSU-DM PUBLIC de DIGNAGO',57,16),(2460,'CSU-DM PUBLIC de GUIBEROUA',57,16),(2461,'CSU-DM PUBLIC de BAYOTA',57,16),(2462,'CSR-DM PUBLIC de BIAKOU',57,16),(2463,'CSR-DM PUBLIC de BRIHI',57,16),(2464,'CSR-DM PUBLIC de DJEDJEDIGBEUPA',57,16),(2465,'CSR-DM PUBLIC de NAGADOUKOU',57,16),(2466,'CSU-DM PUBLIC de OURAGAHIO',57,16),(2467,'CSR-DM PUBLIC de TEHIRI',57,16),(2468,'CSU-DM CONFESSIONNEL NDC de GUIBEROUA',57,16),(2469,'CSR-DM PUBLIC de GRAND ZIA LEGROA',57,16),(2470,'CSR-DM PUBLIC de GAZAHIO',57,16),(2471,'CSR-DM PUBLIC de BROZAN',58,16),(2472,'CSR-DM PUBLIC de KOUAMEFLA',58,16),(2473,'CSR-DM PUBLIC de YOHOUDA',58,16),(2474,'CSR-DM PUBLIC de LAHOUDA',58,16),(2475,'CSR-DM PUBLIC de BIDIE',58,16),(2476,'CSU-DM PUBLIC de DIEGONEFLA',58,16),(2477,'CSR-DM PUBLIC de TIEGBA (s/p Oum├®)',58,16),(2478,'CSR-DM PUBLIC de GABIA (s/p Oum├®)',58,16),(2479,'EPHD PUBLIC de OUME',58,16),(2480,'CSR-DM PUBLIC de SAKAHOUO',58,16),(2481,'CSR-DM PUBLIC de DOUKOUYA',58,16),(2482,'CSR-DM PUBLIC de ZADDI',58,16),(2483,'CSR-D PUBLIC de BLEANIANDA',58,16),(2484,'CSR-DM PUBLIC de BOKEDA',58,16),(2485,'CSR-D PUBLIC de DONDI',58,16),(2486,'CSR-D PUBLIC de ZANGUE',58,16),(2487,'CSR-D PUBLIC de LOUA',58,16),(2488,'CSR-D PUBLIC de DONSOHOUO',58,16),(2489,'CSR-D PUBLIC de SCIERIE JACOB de OUME',58,16),(2490,'INF-P PUBLIC Prison Civil MAC de OUME',58,16),(2491,'LA GRANDE CLINIQUE SAINTE PAULINE',58,16),(2492,'CSR-D PUBLIC de DOUGBAFLA',58,16),(2493,'CSR-DM PUBLIC de AKROUFLA',58,16),(2494,'CSU-DM PUBLIC de GUEPAHOUO',58,16),(2495,'CSUS-PMI PUBLIC de OUME',58,16),(2496,'CSR-DM PUBLIC DE BOODA',58,16),(2497,'CSR-D PUBLIC de GOULIKAO',58,16),(2498,'CLINIQUE LES PERLES',58,16),(2499,'CSU-DM PUBLIC de TONLA',58,16),(2500,'LA GRANDE CLINIQUE SAINTE PAULINE cr├®er en d├®cembre ├á supprimer',58,16),(2501,'CSR-D PUBLIC de GOUDI BOBODA',58,16),(2502,'CSR-D PUBLIC de DOKA',58,16),(2503,'CSUS-SSSU PUBLIC de OUME',58,16),(2504,'CSR-D PUBLIC de  OUALEGUERA',59,17),(2505,'CSR-D PUBLIC de YAOSSEDOUGOU',59,17),(2506,'CSU-DM PUBLIC de SOKALA-SOBARA',59,17),(2507,'CSR-D PUBLIC de LISSOLO SOBARA',59,17),(2508,'CSR-D PUBLIC de KPANA-KALO',59,17),(2509,'CSR-DM PUBLIC de KAFINE NOUMOUSSO',59,17),(2510,'CSR-DM PUBLIC de TENDENE BAMBARASSO',59,17),(2511,'CDT-DS Dabakala',59,17),(2512,'CSR-D PUBLIC de SITIOLO',59,17),(2513,'CSR-D PUBLIC de WENDENE',59,17),(2514,'CSR-DM PUBLIC de BOKALA NIAMPONDOUGOU',59,17),(2515,'CABINET PARAM├ëDICAL LA RENAISSANCE',59,17),(2516,'CSR-D PUBLIC de LAFIGUE',59,17),(2517,'CSR-DM PUBLIC de KAWOLO-SOBARA',59,17),(2518,'CSR-DM PUBLIC de NAHOLO',59,17),(2519,'CENTRE de SOINS INFIRMIERS SCHOMON TCHAN',59,17),(2520,'CSR-DM PUBLIC de SEBOLO',59,17),(2521,'CSR-DM PUBLIC de NASSOULO',59,17),(2522,'CSR-D PUBLIC de GBAMELEDOUGOU',59,17),(2523,'CSR-DM PUBLIC de KANIENE',59,17),(2524,'CENTRE DE SOINS INFIRMIERS SOKOROGO',59,17),(2525,'CSR-DM PUBLIC de KAFOUDOUGOU BAMBARASSO',59,17),(2526,'CSR-DM PUBLIC de KOGBERA',59,17),(2527,'CSUS-SSSU Public de DABAKALA',59,17),(2528,'CSU-DM PUBLIC de BASSAWA',59,17),(2529,'EPHD PUBLIC de BONIEREDOUGOU',59,17),(2530,'CSU-DM PUBLIC de NIEMENE',59,17),(2531,'EPHD PUBLIC de DABAKALA',59,17),(2532,'CSR-DM PUBLIC de FENESSIGUEDOUGOU',59,17),(2533,'CSR-DM PUBLIC de M\'BORLA DIOULASSO',59,17),(2534,'CSU-DM PUBLIC de FOUMBOLO',59,17),(2535,'CSU-DM PUBLIC de SATAMA-SOKORO',59,17),(2536,'CSU-DM PUBLIC de SATAMA-SOKOURA',59,17),(2537,'CSR-D PUBLIC de KABOLO',60,17),(2538,'EPHR PUBLIC de KATIOLA',60,17),(2539,'CSR-DM PUBLIC de NIKOLO',60,17),(2540,'CSR-DM PUBLIC de NAMPLEKAHA',60,17),(2541,'CSR-D PUBLIC de TOURO',60,17),(2542,'CSR-DM PUBLIC de DARAKOKAHA',60,17),(2543,'CSR-D PUBLIC de OUNADIEKAHA',60,17),(2544,'INF-LC PUBLIC Lyc├®e Moderne de KATIOLA',60,17),(2545,'CSR-D PUBLIC de LOUGBONOU',60,17),(2546,'INF-LC PUBLIC CAFOP de KATIOLA',60,17),(2547,'CSUS-CAT PUBLIC KATIOLA',60,17),(2548,'INF-P PUBLIC Prison Civil MAC de KATIOLA',60,17),(2549,'CSR-D PUBLIC DE KPEFELE',60,17),(2550,'CSU-DM PRIVE-ONG Aime Ton Prochain de KATIOLA',60,17),(2551,'CSU-DM PUBLIC KONE KATIA de DIMBEKAHA',60,17),(2552,'INFIRMERIE DOSSO',60,17),(2553,'CSR-DM PUBLIC de KOFFISSIOKAHA',60,17),(2554,'CSU-D CONFESSIONNEL de KATIOLA',60,17),(2555,'INHP-A PUBLIC de KATIOLA',60,17),(2556,'CM PRIVE ACDP de KATIOLA',60,17),(2557,'CSU-DM PUBLIC de FRONAN',60,17),(2558,'CSR-D PUBLIC de KANAGONON',60,17),(2559,'CSUS-PMI PUBLIC de KATIOLA',60,17),(2560,'CSUS-SSSU-SAJ PUBLIC de KATIOLA',60,17),(2561,'CSU-DM PUBLIC de TIMBE',60,17),(2562,'CSR-D PUBLIC de SEPIKAHA',61,17),(2563,'Centre M├®dical (CM) TORTIYA de NIAKARADOUGOU',61,17),(2564,'CSU-DM PUBLIC de ARIKOKAHA',61,17),(2565,'CSR-DM PUBLIC de KANAWOLO',61,17),(2566,'CSU-DM PUBLIC de BADIKAHA',61,17),(2567,'CSR-DM PUBLIC de TENINDERI',61,17),(2568,'CSUS-SSSU PUBLIC de NIAKARAMADOUGOU',61,17),(2569,'CSR-DM PUBLIC DE KOUROUKOUNA',61,17),(2570,'CSR-DM PUBLIC DE OUEREGUEKAHA',61,17),(2571,'CSR-DM PUBLIC SUCAF-EXTENSION de NIAKARAMADOUGOU',61,17),(2572,'CSR-D PUBLIC de TIMOROKAHA',61,17),(2573,'CSR-D PUBLIC de NANGONIEKAHA',61,17),(2574,'CSR-DM PUBLIC D\'ANGOLOKAHA',61,17),(2575,'CSR-D PUBLIC de SELILEKAHA',61,17),(2576,'CSR-D PUBLIC de NIANGBO',61,17),(2577,'CSR-D PUBLIC de LATOKAHA',61,17),(2578,'CMS SCOOPS BANANORD TORTIYA de NIAKAMADOUGOU',61,17),(2579,'CSR-DM  DE BADIOKAHA',61,17),(2580,'CSR-DM PUBLIC de NGOLODOUGOU',61,17),(2581,'CMS SUCAF CI de TAFIRE',61,17),(2582,'EPHD PUBLIC de NIAKARA',61,17),(2583,'CSU-DM PUBLIC de NIEDIEKAHA',61,17),(2584,'CSR-D PUBLIC de PETIONARA',61,17),(2585,'CSU-DM PUBLIC de TAFIRE',61,17),(2586,'CSU-DM PUBLIC de TORTIYA',61,17),(2587,'CMS PRIVE - ONG SAPHARM de DALOA',62,18),(2588,'CSU-DM PUBLIC de GAMINA',62,18),(2589,'INF-M PUBLIC Garnison de DALOA',62,18),(2590,'CSR-DM PUBLIC de YOKOREA',62,18),(2591,'CSU-DM PUBLIC Quartier Garage de DALOA',62,18),(2592,'INHP-A PUBLIC de DALOA',62,18),(2593,'CSU-DM PUBLIC de GBOGUHE',62,18),(2594,'CSU-DM PUBLIC de DALOA',62,18),(2595,'CMA 2e BATAILLON D\'INFANTERIE DALOA',62,18),(2596,'CENTRE MEDICAL CROU DALOA',62,18),(2597,'CSR-DM PUBLIC de BANDIAHI',62,18),(2598,'CSR-DM PUBLIC de TAHIRAGUHE',62,18),(2599,'CSR-D PUBLIC de BIDIAHOUAN',62,18),(2600,'CSR-D PUBLIC de SERIA',62,18),(2601,'CSR-DM PUBLIC de BEGAFLA (GNAMANOU)',62,18),(2602,'CLINIQUE MEDICALE GRACE DIVINE DE DALOA',62,18),(2603,'CENTRE MEDICO-SOCIAL POLYVALENT DALOA',62,18),(2604,'CLINIQUE MEDICALE SOLIDARITE DE DALOA',62,18),(2605,'CSUS-LEP PUBLIC L├¿proserie de DALOA',62,18),(2606,'CSA ECOLE DE GENDARMERIE DE TOROGUHE',62,18),(2607,'CSR-D PUBLIC de ZEBRA',62,18),(2608,'CSUS-SSSU PUBLIC DE DALOA 2',62,18),(2609,'CSR-DM PUBLIC de ZEPREGUHE',62,18),(2610,'CSR-DM PUBLIC de KIBOUO',62,18),(2611,'CSR-DM PUBLIC de ZOBOUA',62,18),(2612,'CSUS-PRC PUBLIC Trypanosomiase de DALOA',62,18),(2613,'CM PRIVE Clinique Saint Christophe de DALOA',62,18),(2614,'CM PRIVE Clinique La Reconciliation de DALOA',62,18),(2615,'CSR-DM PUBLIC de NIOUBOUA',62,18),(2616,'EPHR PUBLIC de DALOA',62,18),(2617,'CSR-DM PUBLIC de DIGBAPIA',62,18),(2618,'CLINIQUE MEDICALE ESPOIR DE DALOA',62,18),(2619,'CSR-DM PUBLIC de TAPEGUHE',62,18),(2620,'CSR-DM PUBLIC de SIKABOUTOU',62,18),(2621,'CSR-DM PUBLIC CHANTIER de GBOPROUYA',62,18),(2622,'CSR-DM PUBLIC de BEFLA',62,18),(2623,'CENTRE MEDICAL SAINT JEAN',62,18),(2624,'CABINET DENTAIRE CHRIST ROI',62,18),(2625,'MATERNITE CANAAN',62,18),(2626,'GROUPE MEDICAL HANNIEL',62,18),(2627,'CENTRE M├ëDICAL SAINT JEAN',62,18),(2628,'CENTRE M├ëDICO-CHIRURGICAL AMSU',62,18),(2629,'CSU-DM PUBLIC de ORLY',62,18),(2630,'INFIRMERIE PRIVEE BENEDICTION DIVINE',62,18),(2631,'CSR-D PUBLIC de BRIBOUO',62,18),(2632,'CSR-DM PUBLIC de ZIGUEDIA',62,18),(2633,'CENTRE MEDICO-CHIRURGICAL AMSU',62,18),(2634,'CSU-DM PUBLIC de GONATE',62,18),(2635,'CSR-DM Public de ZAHIA',62,18),(2636,'CSR-D PUBLIC de LAGOGUHE',62,18),(2637,'CSU-DM PUBLIC de BEDIALA',62,18),(2638,'CSR-DM PUBLIC de GROGUHE (DIGBA)',62,18),(2639,'CSR-DM PUBLIC de LUENOUFLA',62,18),(2640,'CSR-DM PUBLIC de BOBOUA-BAHOUAN',62,18),(2641,'CSU-DU PUBLIC de DALOA',62,18),(2642,'CSUS-PMI PUBLIC de DALOA',62,18),(2643,'CSUS-SSSU PUBLIC de DALOA',62,18),(2644,'CSUS-CAT PUBLIC de DALOA',62,18),(2645,'CMS PUBLIC CNPS de DALOA',62,18),(2646,'CSR-DM PUBLIC de DERAHOUAN',62,18),(2647,'CSU-DM PUBLIC de GADOUAN',62,18),(2648,'CSR-DM PUBLIC de TAGOURA',62,18),(2649,'CSR-DM PUBLIC de TCHEBLOGUHE',62,18),(2650,'CSR-DM PUBLIC de ZALIOHOUAN',62,18),(2651,'CSUS-CDV PRIVE AIBEF de DALOA',62,18),(2652,'CSR-DM PUBLIC de GOKRA',62,18),(2653,'CSR-DM PUBLIC de ZOKOGUHE de DALOA',62,18),(2654,'CSR-DM PUBLIC de KEIBLA',62,18),(2655,'CSU-D PRIVE-ONG Esp├®rance Aprosam de DALOA',62,18),(2656,'F S POLICE de DALOA',62,18),(2657,'INF-P PUBLIC Prison Civil de DALOA',62,18),(2658,'HG PRIVE ISLAMIQUE',62,18),(2659,'CSU D PRIVE CANNAAN',62,18),(2660,'CSU-DM CONFESSIONNEL Notre Dame de la Providence',62,18),(2661,'CSU-DM CONFESSIONNEL TONINO d\'Abattoir 2',62,18),(2662,'CSR-DM PUBLIC de MAPAIX',63,18),(2663,'CSR-DM PUBLIC de LUEHOUAN',63,18),(2664,'CSU-DM PUBLIC de NAHIO',63,18),(2665,'CSU-DM PUBLIC de BOGUEDIA',63,18),(2666,'CSR-D PUBLIC de BEZIBOU-ZOUZOUA',63,18),(2667,'CSU-DM PUBLIC de IBOGUHE',63,18),(2668,'CSR-DM PUBLIC de GOGOGUHE',63,18),(2669,'CSR-D PUBLIC de BROMA',63,18),(2670,'CSR-DM PUBLIC de GABIA (s/p Sa├»oua)',63,18),(2671,'CSR-D PUBLIC de GAZIBOUO',63,18),(2672,'CSR-D PUBLIC de ZADIOHA',63,18),(2673,'CDT-DS Issia',63,18),(2674,'CSR-D PUBLIC de BROKOUA',63,18),(2675,'CSU-DM PUBLIC HKB de ISSIA',63,18),(2676,'CSR-D PUBLIC de DIASSA',63,18),(2677,'CSR-D PUBLIC DE MABOGUHE',63,18),(2678,'CSR-D PUBLIC de DEGAULLEKRO',63,18),(2679,'CENTRE MEDICAL KAYAF',63,18),(2680,'CSU-DM PUBLIC de TAPEGUIA',63,18),(2681,'CSU-DM PUBLIC de NAMANE',63,18),(2682,'CSR-DM PUBLIC de GOGOUAGUHE',63,18),(2683,'CSR-DM PUBLIC de IROGOGOUA',63,18),(2684,'CSR-DM PUBLIC de DADEGUHE',63,18),(2685,'CSR-D PUBLIC de ROBERT PISTRE (s/p IBOGUHE)',63,18),(2686,'CSR-D PUBLIC de NIAKIA',63,18),(2687,'CSU-DM PUBLIC DOMINIQUE OUATTARA',63,18),(2688,'CSR-DM PUBLIC de BOGBAM (s/p NAHIO)',63,18),(2689,'CSR-D PUBLIC de BISSAGUHE (s/p BOGUEDIA)',63,18),(2690,'CMS PRIVE Amour Commune de ISSIA',63,18),(2691,'CSR-D PUBLIC de DAHIRA',63,18),(2692,'CSR-D PUBLIC de BEKORA',63,18),(2693,'CSR-D PUBLIC de MADIA',63,18),(2694,'CSR-DM PUBLIC COMMUNAUTAIRE de BEMADI',63,18),(2695,'CSR-D PUBLIC de BOBREGUHE',63,18),(2696,'CSR-D PUBLIC de GOLIHOA',63,18),(2697,'EPHD PUBLIC de ISSIA',63,18),(2698,'CSUS-PMI PUBLIC de ISSIA',63,18),(2699,'CSUS-SSSU PUBLIC de ISSIA',63,18),(2700,'CSU-DM PUBLIC de SAIOUA',63,18),(2701,'CSR-D PUBLIC de TEZIE',63,18),(2702,'CSR-DM PUBLIC de NEOULEFLA',64,18),(2703,'CSR-D PUBLIC de DANANON',64,18),(2704,'CSR-DM PUBLIC de BAZRA-NATIS',64,18),(2705,'CSR-D PUBLIC de DEDIAFLA',64,18),(2706,'CSU-DM PUBLIC de DANIA',64,18),(2707,'CSU-DM PUBLIC de SEITIFLA',64,18),(2708,'EPHD PUBLIC de VAVOUA',64,18),(2709,'CSUS-PMI PUBLIC de VAVOUA',64,18),(2710,'CSR-DM PUBLIC de DENZERVILLE',64,18),(2711,'CSR-D PUBLIC de BAHOULIFLA',64,18),(2712,'CSR-D PUBLIC de YOUREDOUFLA',64,18),(2713,'CSR-D PUBLIC de BONOUFLA',64,18),(2714,'INF-PV PRIVE Gouebi de MINORE',64,18),(2715,'INF-PV PRIVE Sagesse de MINORE',64,18),(2716,'INF-PV PRIVE Sant├® pour tous II de MINORE',64,18),(2717,'INF-PV PRIVE Ya Allaho de VAVOUA',64,18),(2718,'INF-PV PRIVE Sainte Marie 2 de BAZRA-NATIS',64,18),(2719,'INF-PV PRIVE Bon samaritain de ANCIEN PROZI',64,18),(2720,'INF-PV PRIVE Mosqu├®e de ANCIEN PROZI',64,18),(2721,'INF-PV PRIVE Ste Marie de ANCIEN PROZI',64,18),(2722,'INF-PV PRIVE SAPROCI de GOUEFLA',64,18),(2723,'INF-PV PRIVE Grace ├á Dieu de GOUEFLA',64,18),(2724,'INF-PV PRIVE Prozi de NANDIFLA',64,18),(2725,'INF-PV PRIVE Pang Y\'a Wende de NANDIFLA',64,18),(2726,'INF-PV PRIVE Sagesse de SECTA 2',64,18),(2727,'INF-PV PRIVE Bassol├® de BAHOULIFLA',64,18),(2728,'INF-PV PRIVE La Paix de MINORE',64,18),(2729,'INF-PV PRIVE Heresso de MINORE',64,18),(2730,'INF-PV PRIVE Armel de MINORE',64,18),(2731,'INF-PV PRIVE LoHe de BAZRA-NATIS',64,18),(2732,'INF-PV PRIVE Inchalla de BONOUFLA',64,18),(2733,'INF-PV PRIVE Zodo Sant├® I de DEDIAFLA',64,18),(2734,'INF-PV PRIVE Zodo Sant├® II de DEDIAFLA',64,18),(2735,'INF-PV PRIVE Confidence de VAVOUA',64,18),(2736,'INF-PV PRIVE Esp├®rance de VAVOUA',64,18),(2737,'INF-PV PRIVE Bamba de VAVOUA',64,18),(2738,'INF-PV PRIVE Zongo de VAVOUA',64,18),(2739,'INF-PV PRIVE Ambe Sunghuny de VAVOUA',64,18),(2740,'INF-PV PRIVE Derri├¿re Ci-telcom de VAVOUA',64,18),(2741,'INF-PV PRIVE Ecole II de VAVOUA',64,18),(2742,'INF-PV PRIVE Aidara Cheick de VAVOUA',64,18),(2743,'INF-PV PRIVE Grande Mosqu├®e de VAVOUA',64,18),(2744,'INF-PV PRIVE Ch├óteau de VAVOUA',64,18),(2745,'INF-PV PRIVE Dieudonn├® de LAMBERKRO',64,18),(2746,'INF-PV PRIVE Ste Marie II de DEMA III',64,18),(2747,'INF-PV PRIVE kabor├® de DANIA',64,18),(2748,'INF-PV PRIVE Zagr├® de DANIA',64,18),(2749,'INF-PV PRIVE Al Rahim de GBABO',64,18),(2750,'INF-PV PRIVE St Jean de DIAFLA',64,18),(2751,'INF-PV PRIVE Diafla I de DIAFLA',64,18),(2752,'INF-PV PRIVE Diafla II de DIAFLA',64,18),(2753,'INF-PV PRIVE Zangr├® de VAOU II',64,18),(2754,'INF-PV PRIVE Bado de VAOU II',64,18),(2755,'INF-PV PRIVE St Innocent de VAOU II',64,18),(2756,'INF-PV PRIVE Ratamanegre de VAOU',64,18),(2757,'INF-PV PRIVE Sant├® pour tous 3 de VAOU',64,18),(2758,'INF-PV PRIVE Kouala de VAOU',64,18),(2759,'INF-PV PRIVE Guei-Bla de VAOU',64,18),(2760,'CSR-D PUBLIC de GOURIELA',64,18),(2761,'CSR-D PUBLIC de TRAFLA-GOTRON',64,18),(2762,'CSR-DM PUBLIC de MIGNORE',64,18),(2763,'CSR-DM PUBLIC de TENEFERO',64,18),(2764,'CSR-D PUBLIC de BODOUASSO',64,18),(2765,'CSR-D PUBLIC de SEBEDOUFLA',64,18),(2766,'CSUS-SSSU PUBLIC de VAVOUA',64,18),(2767,'CSR-DM PUBLIC de GBABO',64,18),(2768,'CSR-DM PUBLIC de ZUEHI GOTRON',64,18),(2769,'CSR-DM PUBLIC de DERAGON',64,18),(2770,'CSR-DM PUBLIC de MONOKO-ZOHI',64,18),(2771,'CSR-D PUBLIC de KETRO BASSAM',64,18),(2772,'CSR-D PUBLIC DE VROUO2',64,18),(2773,'CSU-DM PUBLIC de VAVOUA',64,18),(2774,'CENTRE MEDICAL ESPOIR (DIST. VAVOUA)',64,18),(2775,'CSR-D PUBLIC DE BIENOUFLA',64,18),(2776,'CSR-DM PUBLIC de VAOU',64,18),(2777,'CSR-DM PUBLIC de ANCIEN PROZI',64,18),(2778,'MATERNITE PENIEL',64,18),(2779,'CENTRE M├ëDICAL GRACE de DIEU',64,18),(2780,'CENTRE MEDICAL ESPOIR',64,18),(2781,'CSR-DM Public de KOUENOUFLA-DON',64,18),(2782,'CSR-D Public de SOKOURA',64,18),(2783,'INF-PV PRIVE (ONG LAFED) de VAVOUA',64,18),(2784,'INF-PV PRIVE COME-CI de VAVOUA',64,18),(2785,'CSR-D PUBLIC de PELEZI',64,18),(2786,'CSR-D PUBLIC de VAAFLA (dist. VAVOUA)',64,18),(2787,'CSR-DM PUBLIC de BELLE-VILLE (s/p Zoukougbeu)',65,18),(2788,'CSR-DM PUBLIC de ZOUKPANGBEU',65,18),(2789,'CSR-DM PUBLIC de DEBO',65,18),(2790,'CSU-DM CONFESSIONNEL Saint Michel de ZOUKOUGBEU',65,18),(2791,'CSU-DM PUBLIC de DOMANGBEU',65,18),(2792,'CSR-DM PUBLIC de DEDEGBEU',65,18),(2793,'CSUS-SSSU PUBLIC DE ZOUKOUGBEU',65,18),(2794,'CSU-DM PUBLIC de GREGBEU',65,18),(2795,'CSU-DM PUBLIC de GUESSABO',65,18),(2796,'EPHD PUBLIC de ZOUKOUGBEU',65,18),(2797,'CSR-DM PUBLIC de DETROYA',65,18),(2798,'CSR-DM PUBLIC de KONGOTI (dist. DAOUKRO)',66,19),(2799,'CSU-DM PUBLIC de Baoul├®kro',66,19),(2800,'CSR-D PUBLIC de AKA COMOEKRO',66,19),(2801,'CSR-DM PUBLIC de KOUMELEKRO',66,19),(2802,'FSU PUBLIC de PEPRESSOU',66,19),(2803,'CSR-DM PUBLIC de AKPASSANOU',66,19),(2804,'INF-PV PRIVE Patience de DAOUKRO',66,19),(2805,'INF-LC PUBLIC ENSOA de DAOUKRO',66,19),(2806,'CSR-DM PUBLIC de KOUAKOUSSEKRO',66,19),(2807,'CSR-DM PUBLIC de POTOSSOU',66,19),(2808,'CSR-DM PUBLIC de KATIMASSOU',66,19),(2809,'CSR-D PUBLIC de PANIGOKRO (dist. DAOUKRO)',66,19),(2810,'CSUS-CAT PUBLIC de DAOUKRO',66,19),(2811,'INFIRMERIE PRIV├ëE LA PAIX deDE DAOUKRO',66,19),(2812,'INF-PV PRIVEE des corps de troupes de la gendarmerie',66,19),(2813,'INF-PV PRIVE GRACE DIVINE de DAOUKRO',66,19),(2814,'CSUS-SSSU PUBLIC de DAOUKRO',66,19),(2815,'INF-LC PUBLIC Lyc├®e Moderne de OUELLE',66,19),(2816,'INF- PUBLIC CREMOS de DAOUKRO',66,19),(2817,'INF-LC PUBLIC Lyc├®e Professionnel de DAOUKRO',66,19),(2818,'CSR-DM PUBLIC de KONIENKOUAMEKRO',66,19),(2819,'INF-PV PRIVE le ROCHER de DAOUKRO',66,19),(2820,'CSR-D PUBLIC d\'ABIDJAN KOGODJAN (dist. DAOUKRO)',66,19),(2821,'CSU-DM PUBLIC d\' IFFOUNOU',66,19),(2822,'CSR-DM PUBLIC de FOUTOU',66,19),(2823,'CSR-D PUBLIC d\' OUACABESSI',66,19),(2824,'CSR-D PUBLIC de LALASSOU',66,19),(2825,'CSR-D PUBLIC de DAOULEBO',66,19),(2826,'CSR-D PUBLIC de DENGBE',66,19),(2827,'CSR-DM PUBLIC d\' AMOIKONKRO',66,19),(2828,'CSR-DM PUBLIC d\' OUELLE-PRIKRO',66,19),(2829,'CSR-D PUBLIC de BEDIE KONENANKRO',66,19),(2830,'CSR-D PUBLIC de BALEKOKRO',66,19),(2831,'EPHD PUBLIC de DAOUKRO',66,19),(2832,'CSUS-PMI PUBLIC de DAOUKRO',66,19),(2833,'CSR-DM PUBLIC de AGNI-ASSIKASSOU',66,19),(2834,'CSR-DM PUBLIC de N\'GATTAKRO (s/p Daoukro)',66,19),(2835,'CSU-DM PUBLIC de ETTROKRO',66,19),(2836,'CSU-DM PUBLIC de ANANDA',66,19),(2837,'CSU-DM PUBLIC de OUELLE',66,19),(2838,'INF-PV PRIVE La main de l\'├®ternel de OUELLE',66,19),(2839,'CSR-DM PUBLIC de ZANZANSSOU',66,19),(2840,'CSR-DM PUBLIC de SAMANZA',66,19),(2841,'CSR-DM PUBLIC de LEKIKRO',66,19),(2842,'CSR FETESSOU',67,19),(2843,'CSR-D PUBLIC de SONDO (M\'bahia Yaokro)',67,19),(2844,'CSU-DM PUBLIC de BONGUERA',67,19),(2845,'CSR-D PUBLIC de KOUASSIKRO',67,19),(2846,'EPHD PUBLIC de M\'BAHIAKRO',67,19),(2847,'CSR-DM PUBLIC de ADI YAPIKRO',67,19),(2848,'CSR-DM PUBLIC de KONGOTI (dist. M\'BAHIAKRO)',67,19),(2849,'CSUS-SSSU PUBLIC de M\'BAHIAKRO',67,19),(2850,'CSR-DM PUBLIC de KPAKPANOU',67,19),(2851,'CSR-D PUBLIC de ATTOKRO',67,19),(2852,'INF-P PUBLIC Prison Civil MAC de M\'BAHIAKRO',67,19),(2853,'CSR-D PUBLIC de PANIGOKRO (dist. M\'BAHIAKRO)',67,19),(2854,'CSR-D PUBLIC de KONDOSSOU',67,19),(2855,'CSR-DM PUBLIC de KONGONANDEKRO',67,19),(2856,'CSR-D PUBLIC de DODOBO',67,19),(2857,'CSR-D PUBLIC de MOUSSOBADOUGOU',67,19),(2858,'CSR-D PUBLIC de N\'ZIZIBLEKRO',67,19),(2859,'CSR-D PUBLIC de POBIKRO',67,19),(2860,'CSR-DM PUBLIC de KONDOKRO',67,19),(2861,'CSR-D PUBLIC de DADIEKRO',67,19),(2862,'CSR-D PUBLIC de TOTODOUGOU',67,19),(2863,'CSR-DM PUBLIC de OUASSADOUGOU',67,19),(2864,'CSR-D PUBLIC de AKPOUEBOUE',67,19),(2865,'CSR-DM PUBLIC de AMANKRO',67,19),(2866,'CSR-D PUBLIC de SAHEBO (s/p M\'Bahiakro)',67,19),(2867,'CSR PEDEOUA',68,19),(2868,'CSU-DM PUBLIC de Famienkro',68,19),(2869,'CSR-DM PUBLIC de GROUMANIA',68,19),(2870,'CSR-D PUBLIC de KONANDIKRO',68,19),(2871,'CSU-D PUBLIC de NAFANA (s/p Koffi-Amonkro)',68,19),(2872,'EPHD PUBLIC de PRIKRO',68,19),(2873,'CSUS-PMI PUBLIC de PRIKRO ( HG de PRIKRO)',68,19),(2874,'CSR-D PUBLIC de PERE',68,19),(2875,'CSR-D PUBLIC de ALLUNAMOUENA',68,19),(2876,'CSR-D PUBLIC de LENGUEZAN',68,19),(2877,'CENTRE CONFESSIONNEL MERE-LEONIA DE PRIKRO',68,19),(2878,'CSR-D PUBLIC de AKANANGBO',68,19),(2879,'CSR-D PUBLIC de GBANGBO N\'DAKRO',68,19),(2880,'CSUS-SSSU PUBLIC DE PRIKRO',68,19),(2881,'CSR-D PUBLIC de KONANDI N\'DAKRO',68,19),(2882,'CSU-DM PUBLIC de ANYANOU',68,19),(2883,'CSR-D PUBLIC de BENIAN',68,19),(2884,'CSR-D PUBLIC de MOROKRO',68,19),(2885,'CSR-D PUBLIC de KOFFIEPRI',68,19),(2886,'CSR-D PUBLIC de OUATTI',68,19),(2887,'CSU-D PUBLIC de KOFFI AMONKRO',68,19),(2888,'CSR-D PUBLIC de BENIA',68,19),(2889,'CSR-D PUBLIC de ABEDENI',68,19),(2890,'CSR-DM PUBLIC de BABAKRO',68,19),(2891,'CSR-D PUBLIC de ZINZENOU',69,20),(2892,'CSR-DM PUBLIC de KIRIFI',69,20),(2893,'CSR-D PUBLIC de ZEBENOU',69,20),(2894,'CSR-I PUBLIC de ZAMAKA',69,20),(2895,'CSR-I PUBLIC KOUADIOKRO (ABENGOUROU)',69,20),(2896,'CSR-DM PUBLIC de BOKAKOKORE',69,20),(2897,'CSR-DM PUBLIC de KABLANKRO',69,20),(2898,'CSR-DM PUBLIC de N\'GRAKON',69,20),(2899,'CSR-DM PUBLIC de POKOUKRO',69,20),(2900,'CSR-I PUBLIC d\'ADAOU',69,20),(2901,'CSU-DM PUBLIC HKB BONZOU 1er',69,20),(2902,'CSR-I PUBLIC de AMIAN KOUASSIKRO',69,20),(2903,'CSR-D PUBLIC de ASSAKRO',69,20),(2904,'CM PRIVE Clinique M├®dicale DIOULAKRO de ABENGOUROU',69,20),(2905,'CM PRIVE La Marguerite de ABENGOUROU',69,20),(2906,'INHP-A PUBLIC de ABENGOUROU',69,20),(2907,'INF-PV PRIVE le social de ANIASSUE',69,20),(2908,'INF-PV PRIVE Sitransbois de ABENGOUROU',69,20),(2909,'CSR-DM PUBLIC de SATIKRAN',69,20),(2910,'INF-PV PRIVE Clinique Y├® GOUAN de Indeni├® de ABENGOUROU',69,20),(2911,'INF-PV PRIVE Dioulakro de ABENGOUROU',69,20),(2912,'INF-P PUBLIC Prison Civil de ABENGOUROU',69,20),(2913,'CSR-DM PUBLIC d\' ADOUKOFFIKRO',69,20),(2914,'CSU-DM CONFESSIONNEL Protection Infantile Mobile de ABENGOUROU',69,20),(2915,'CSU-DM CONFESSIONNEL B├®thesda d\' ABENGOUROU',69,20),(2916,'INF-PV PRIVE de ASSAKRO',69,20),(2917,'CSR-DM PUBLIC de ELINSO',69,20),(2918,'CSR-DM PUBLIC de KOITIENKRO',69,20),(2919,'CSR-D PUBLIC de PADIEGNAN',69,20),(2920,'EPHR PUBLIC de ABENGOUROU',69,20),(2921,'CSR-DM PUBLIC de EHUASSO',69,20),(2922,'CSR-DM PUBLIC de BEBOU',69,20),(2923,'CSU-DM PUBLIC Caf├®tou d\' ABENGOUROU',69,20),(2924,'CSR-DM PUBLIC de ABRONAMOUE',69,20),(2925,'ICT BSE ABENGOUROU',69,20),(2926,'CSU-D PUBLIC de ABENGOUROU',69,20),(2927,'CSUS-CDV PRIVE Autonome Ruban Rouge de ABENGOUROU',69,20),(2928,'CSU-D PUBLIC Dioulakro de ABENGOUROU',69,20),(2929,'CSR-DM PUBLIC de KODJINA',69,20),(2930,'CSUS-PMI PUBLIC de ABENGOUROU',69,20),(2931,'CSUS-SSSU PUBLIC de ABENGOUROU',69,20),(2932,'CABINET D\'OPTICIEN-LUNETIER LE LABELLE OPTIQUE',69,20),(2933,'CLINIQUE MODERNE RAPHA',69,20),(2934,'CSUS-CAT PUBLIC de ABENGOUROU',69,20),(2935,'CSU-DM PUBLIC de AMELEKIA',69,20),(2936,'CSU-DM PUBLIC AGNIKRO NOUVEAU QUARTIER',69,20),(2937,'CLINIQUE MEDICALE SAINT FRANCOIS d\'ABENGOUROU',69,20),(2938,'CSU-DM PUBLIC de ANIASSUE',69,20),(2939,'CLINIQUE M├ëDICALE SAINT DAVID',69,20),(2940,'CLINIQUE M├ëDICALE SAINT FRANCOIS D\'ABENGOUROU',69,20),(2941,'CSU-DM PUBLIC de APPOISSO',69,20),(2942,'CSU-DM PUBLIC de APPROMPRONOU',69,20),(2943,'CSU-DM PUBLIC de EBILASSOKRO',69,20),(2944,'CSU-DM PUBLIC de SANKADIOKRO',69,20),(2945,'CSR-DM PUBLIC de TAHAKRO',69,20),(2946,'CSU-DM PUBLIC de YAKASSE-FEYASSE',69,20),(2947,'INF-LC PUBLIC Lyc├®e Moderne de ABENGOUROU',69,20),(2948,'CSU-DM PUBLIC de ZARANOU',69,20),(2949,'INF-PV PRIVE Clinique des Entreprises de ABENGOUROU',69,20),(2950,'CSU-DM PUBLIC de AFALIKRO',69,20),(2951,'CSR-DM PUBLIC de DJANGOBO',69,20),(2952,'CSU-DM PUBLIC de NIABLE',69,20),(2953,'CSR-D PUBLIC de BLEKOUM',69,20),(2954,'CMS PUBLIC Police National de ABENGOUROU',69,20),(2955,'CSR-D PUBLIC de KOUASSI-BENIEKRO',69,20),(2956,'INF-LC PUBLIC CAFOP de ABENGOUROU',69,20),(2957,'INF-LC PUBLIC Lyc├®e Moderne KJ de ABENGOUROU',69,20),(2958,'INF-LC PUBLIC Lyc├®e Catholique KIRMAN',69,20),(2959,'CMS PUBLIC de ABENGOUROU',69,20),(2960,'CSR-DM PUBLIC de ZOUHOUNOU',69,20),(2961,'CSU-DM CONFESSIONNEL Maria Grazia Balbuzia de YAKASSE FEYASSE',69,20),(2962,'INF-PV PRIVE Infirm├®rie de YAKASSE FEYASSE',69,20),(2963,'INF-PV PRIVE Infirm├®rie de DIOULAKRO ABENGOUROU',69,20),(2964,'INF-PV PRIVE Infirm├®rie de Saint Vincent du Foyer Abengourou',69,20),(2965,'INF-PV PRIVE Infirm├®rie de Groupe Scolaire Reine Noufan ABENGOUROU',69,20),(2966,'INF-PV PRIVE CONFESSIONNEL LE BON SAMARITAIN de ABENGOUROU',69,20),(2967,'CSR-DM PUBLIC de AKATI',69,20),(2968,'INF-PV PRIVE Y├®boukab├® de ABENGOUROU',69,20),(2969,'CSR-DM PUBLIC de N\'DJOREKRO',70,20),(2970,'CABINET DENTAIRE LA SAGESSE',70,20),(2971,'CENTRE MEDICAL MODERNE LRX',70,20),(2972,'CENTRE MEDICAL LA PAIX',70,20),(2973,'CENTRE MEDICAL IMMACULEE CONCEPTION',70,20),(2974,'CLINIQUE SAINTE MARIE D\'AGNIBILEKROU',70,20),(2975,'CSR-D PUBLIC de KOKONOU',70,20),(2976,'INF-PV PRIVE Djiguissemin de AGNIBILEKROU',70,20),(2977,'INF-PV PRIVE TOE de AGNIBILEKROU',70,20),(2978,'INF-PV PRIVE Samaritain de AGNIBILEKROU',70,20),(2979,'INF-PV PRIVE Aime ton Prochain de AGNIBILEKROU',70,20),(2980,'INF-PV PRIVE Coll├¿ge Aime ton Prochain de AGNIBILEKROU',70,20),(2981,'INF-PV PRIVE Scierie NSDA de AGNIBILEKROU',70,20),(2982,'INF-PV PRIVE Scierie Sitbai de AGNIBILEKROU',70,20),(2983,'CSR-D PUBLIC de AGNANFOUTOU',70,20),(2984,'CSR-DM PUBLIC de N\'GUESSANKRO (s/p Tanguelan)',70,20),(2985,'CSR-DM PUBLIC de NIANDA',70,20),(2986,'CSR-I PUBLIC de BANGOUA',70,20),(2987,'CDV AUTONOME de AGNIBILEKROU',70,20),(2988,'CSR-D PUBLIC de N\'GRA',70,20),(2989,'CSUS-SSSU PUBLIC de AGNIBILEKROU',70,20),(2990,'CSUS-PMI PUBLIC de AGNIBILEKROU',70,20),(2991,'CSR-DM PUBLIC de AMORIAKRO',70,20),(2992,'EPHD PUBLIC de AGNIBILEKROU',70,20),(2993,'CSU-DM PUBLIC de AKOBOISSUE',70,20),(2994,'CSU-DM PUBLIC de DAME',70,20),(2995,'CSU-D PUBLIC de DUFFREBO',70,20),(2996,'CSR-DM PUBLIC de MANZANOUAN',70,20),(2997,'CSU-DM PUBLIC de TANGUELAN',70,20),(2998,'CSR-D PUBLIC de YOBOUAKRO',70,20),(2999,'CSR-D PUBLIC de AYENOU',70,20),(3000,'CSR-D PUBLIC de KONGODIA',70,20),(3001,'CSR-I PUBLIC de ASSUAME',70,20),(3002,'CSU-D CONFESSIONNEL Palazzolo de AGNIBILEKROU',70,20),(3003,'CSR-D PUBLIC de COMOE N\'DANOU',70,20),(3004,'CSR-D PUBLIC de SIAKAKRO',70,20),(3005,'CSR-D PUBLIC de KOTOKOSSOU',70,20),(3006,'CSR-DM Public de MOUSSAKRO',71,20),(3007,'CSR-DM Public de KOSSONOUKRO',71,20),(3008,'CSR-DM Public de AKREBI',71,20),(3009,'CSU-DM PUBLIC de DIAMARAKRO',71,20),(3010,'CSU-D PUBLIC de ABRADINOU',71,20),(3011,'CSUS-SSSU Public de BETTIE',71,20),(3012,'CSR-DM PUBLIC de BOROBO (dist. BETTIE)',71,20),(3013,'INFIRMERIE PRIVEE SAINT ANDRE ASSAMOA',71,20),(3014,'CSR-D PUBLIC de AKACOMOEKRO',71,20),(3015,'EPHD PUBLIC de BETTIE',71,20),(3016,'CM PRIVE SAPH de BETTIE',71,20),(3017,'CSR-D PUBLIC de ATTIEKRO',71,20),(3018,'CSR-D PUBLIC de APPROMPRON AFEWA',71,20),(3019,'CSR-D PUBLIC de GBANGUE',72,21),(3020,'CSR-D PUBLIC de TIEMOZOMON',72,21),(3021,'CSR-D PUBLIC de OUANDEGUE',72,21),(3022,'EPHD PUBLIC de MADINANI',72,21),(3023,'CSR-D PUBLIC de ZEGUETIELA',72,21),(3024,'EPHD PUBLIC de SEGUELON',72,21),(3025,'CSR-D PUBLIC de LINGOHO',72,21),(3026,'CSR-D PUBLIC de NINGOUN',72,21),(3027,'CSR-D PUBLIC de KOKOUN',72,21),(3028,'CSR-D PUBLIC de KOROUMBA',72,21),(3029,'CSR-D PUBLIC de N\'GOLOBLASSO',72,21),(3030,'CSR-D PUBLIC de GBONGAHA',72,21),(3031,'CSR-D PUBLIC de KARABIRI',72,21),(3032,'CSR-D PUBLIC de SIREBA',72,21),(3033,'CSR-D PUBLIC de DABADOUGOU NOHOLON',72,21),(3034,'CSR-D PUBLIC de FARAKORO',72,21),(3035,'CSR-D PUBLIC de ZEBENIN',72,21),(3036,'CSR-D PUBLIC de ZANGOHOBA',72,21),(3037,'CSR-D PUBLIC DE SIANSOBA',72,21),(3038,'CSUS-SSSU PUBLIC DE MADINANI',72,21),(3039,'CSR-D PUBLIC de KARASSO',72,21),(3040,'CSR-D PUBLIC de BOUROUMASSO',72,21),(3041,'CSR-D PUBLIC de FANDASSO',72,21),(3042,'CSR-D PUBLIC de TORA',72,21),(3043,'CLINIQUE MEDICALE SILOE',72,21),(3044,'CSR-DM PUBLIC de SEGUEBE',72,21),(3045,'CSR-DM PUBLIC de N\'GAPIE',72,21),(3046,'CSR-DM PUBLIC de LOSSINGUE',72,21),(3047,'CSR-D PUBLIC de MAHANDIANA-COURA',72,21),(3048,'CSR-D PUBLIC de FENGOLO (s/p Madinani)',72,21),(3049,'CSU HERMANKONO',73,21),(3050,'CSR N\'GBAHANLA',73,21),(3051,'CSR-D PUBLIC de TOURONI',73,21),(3052,'CSR-D PUBLIC de GBEREDOUGOU',73,21),(3053,'DISPENSAIRE URBAIN DE HERMANKONO',73,21),(3054,'CSR-D PUBLIC de KABALA',73,21),(3055,'INF-LC PUBLIC Lyc├®e Professionnel de ODIENNE',73,21),(3056,'INF-LC PUBLIC CAFOP de ODIENNE',73,21),(3057,'CSU-DM PUBLIC de BAKO',73,21),(3058,'CSR-D PUBLIC de BOUGOUSSO',73,21),(3059,'CSU-DM PUBLIC de DIOULATIEDOUGOU',73,21),(3060,'INHP-A PUBLIC de ODIENNE',73,21),(3061,'EPHR PUBLIC de ODIENNE',73,21),(3062,'CSUS-PMI PUBLIC de ODIENNE',73,21),(3063,'CSUS-SSSU PUBLIC de ODIENNE',73,21),(3064,'CSR-D PUBLIC de SAMANGO',73,21),(3065,'CSR-D PUBLIC de SIRANA',73,21),(3066,'EPHD PUBLIC de SAMATIGUILA',73,21),(3067,'EPHD PUBLIC de GBELEBAN',73,21),(3068,'CSU-DM PUBLIC de SEYDOUGOU',73,21),(3069,'CSU-DM PUBLIC de TIEME',73,21),(3070,'CSR-DM PUBLIC de TAHANSSO',73,21),(3071,'INF-M PUBLIC Garnison de ODIENNE',73,21),(3072,'CSR-D PUBLIC de DAGABA',73,21),(3073,'CSR-DM PUBLIC de KIMBIRILA SUD',73,21),(3074,'CSR-D PUBLIC de FOULA',73,21),(3075,'CSR-D PUBLIC de KADJASSO',73,21),(3076,'CSR-D PUBLIC de KOTOUBA',73,21),(3077,'CSR-DM PUBLIC de DABADOUGOU MAFELE',73,21),(3078,'CSR-D PUBLIC de ZEGBAO',73,21),(3079,'CS CONFESSIONNEL PIETRO BONILI de ODIENNE',73,21),(3080,'CSR-D PUBLIC de KONA',73,21),(3081,'CSR-D PUBLIC de SANOGO-BRAMAFELE',73,21),(3082,'CSU-D CLINIQUE GROUPE FOFANA',73,21),(3083,'CSU-D PUBLIC de YANKAFISSA',73,21),(3084,'CSR-D PUBLIC de IRADOUGOU',73,21),(3085,'CSR-D PUBLIC de FEREMANDOUGOU',73,21),(3086,'INF-P PUBLIC Prison Civil MAC de ODIENNE',73,21),(3087,'CSR-D PUBLIC de NAFANA SIENSO',73,21),(3088,'CSR-D PUBLIC de KOUKRO MAFELE',73,21),(3089,'CSR-D PUBLIC de SALONKOURANI',73,21),(3090,'ICT BNSO ODIENNE',73,21),(3091,'CSU-M PUBLIC de ODIENNE',73,21),(3092,'CSR-D PUBLIC de KENINGOUARA (S/P SAMATIGUILA)',73,21),(3093,'CSR-D PUBLIC de MAMOUROUDOUGOU (S/P BAKO)',73,21),(3094,'CSR-D PUBLIC de MASSADOUGOU (S/P DIOULATIEDOUGOU)',73,21),(3095,'CSR-D PUBLIC de NIAMANA (S/P SEYDOUGOU)',73,21),(3096,'CSUS-CAT PUBLIC de ODIENNE',73,21),(3097,'CSR-D PUBLIC de MAMOUGOULA',73,21),(3098,'CSR-D PUBLIC de NIAMASSO',73,21),(3099,'CSR-D PUBLIC DE KERE',73,21),(3100,'CSR-D PUBLIC de GBAHANLA',73,21),(3101,'CSR-D PUBLIC de BOHISSO-TOMBA',73,21),(3102,'CSR-D PUBLIC de FARAKO',73,21),(3103,'CSR-D PUBLIC de TIEKORODOUGOU',73,21),(3104,'CSR-DM PUBLIC DE FARALA',73,21),(3105,'CSR-D PUBLIC de NIENESSO',73,21),(3106,'CSR-D PUBLIC de DJIRILA',73,21),(3107,'CSR-D PUBLIC de BALALA',73,21),(3108,'CSR-D PUBLIC de SANDJOUGOUNA',73,21),(3109,'CSR-D PUBLIC de TOUGOUSSO',73,21),(3110,'CSR-D PUBLIC de TCHISSERILA',73,21),(3111,'CSR-D PUBLIC de BROMAKOTE',73,21),(3112,'CSR-D PUBLIC de JERUSALEM',73,21),(3113,'CSU-D PUBLIC GRAND CENTRE MEDICAL DES FRONTIERES',73,21),(3114,'GRAND CENTRE MEDICAL des FRONTIERES D\'ODIENNE',73,21),(3115,'CSR-D PUBLIC de SARAKORODOUGOU',73,21),(3116,'CSR-D PUBLIC de TINDIKRO-SOKORO',73,21),(3117,'CSR-D PUBLIC de TCHIGBELA',73,21),(3118,'CSR-D PUBLIC de GESSASSO',73,21),(3119,'CSU-D CONFESSIONNEL Dispensaire Catholique de ODIENNE',73,21),(3120,'CSR-D PUBLIC de KAHANSO',73,21),(3121,'CSR-DM PUBLIC de SOKORODOUGOU',73,21),(3122,'CSR-D PUBLIC de TAHANSO',73,21),(3123,'INF-LC PUBLIC Lyc├®e Moderne de ODIENNE',73,21),(3124,'CSR-DM PUBLIC de KOUAME N\'DRINKRO',74,22),(3125,'CSU-DM PUBLIC de DIALOGUE 2',74,22),(3126,'DISPENSAIRE URBAIN-DM PUBLIC de HIRE',74,22),(3127,'CSR-DM PUBLIC de KAGBE',74,22),(3128,'CSR-DM PUBLIC de GOUDI',74,22),(3129,'CSR-DM PUBLIC de DAAKO',74,22),(3130,'CSU-DM PUBLIC de CHIEPO',74,22),(3131,'CSR-DM PUBLIC de DATTA',74,22),(3132,'FSU COMMUNAUTAIRE de DIVO',74,22),(3133,'CSU-DM PUBLIC de DIVO',74,22),(3134,'CSR-DM PUBLIC de KREZOUKOUE',74,22),(3135,'CSR-DM PUBLIC de GBAGROUBE',74,22),(3136,'CSR-DM PUBLIC de LABODOUGOU',74,22),(3137,'CSR-DM PUBLIC de DOUAVILLE',74,22),(3138,'CMS PRIVE Palmci de DIVO',74,22),(3139,'CSUS-CAT PUBLIC de DIVO',74,22),(3140,'CSR-D PUBLIC de KPEREDI',74,22),(3141,'CSR-DM PUBLIC de AGBAHOU',74,22),(3142,'CSR-DM PUBLIC DE ZAROKO BOUAKAKO',74,22),(3143,'CSR-DM PUBLIC de DAGROM',74,22),(3144,'CMS PRIVE CNRA DE DIVO',74,22),(3145,'INF-LC PUBLIC Lyc├®e Moderne de DIVO',74,22),(3146,'CM PRIVE maternit├® EL Rapha de Divo',74,22),(3147,'CLINIQUE SUNEM de HIRE',74,22),(3148,'CSUS-PMI PUBLIC de DIVO',74,22),(3149,'CSUS-PMI CONFESSIONNELLE NOTRE DAME D\'EVRON de HIRE',74,22),(3150,'CSR-D PUBLIC de KPAKOSSOU',74,22),(3151,'INF-P PUBLIC MAC DE DIVO',74,22),(3152,'CSR-DM PUBLIC de TABLEGUIKOU',74,22),(3153,'CSR-D PUBLIC de DJANKRO',74,22),(3154,'CSR-DM PUBLIC de ZEREDOUGOU',74,22),(3155,'CSR-D PUBLIC de ADJEHILILIE',74,22),(3156,'CSR-DM PUBLIC de SUR LES RAILS',74,22),(3157,'CSR-D PUBLIC de KOUADIOBAKRO',74,22),(3158,'CSR-D PUBLIC de CFI BAROKO',74,22),(3159,'CENTRE SOCIAL de DIVO',74,22),(3160,'CENTRE DE SANTE de la POLICE de DIVO',74,22),(3161,'MATERNITE SANTE POUR TOUS',74,22),(3162,'CENTRE M├ëDICAL SAINT JEAN MARIE-VIANNEY',74,22),(3163,'CENTRE M├ëDICAL LUMIERE',74,22),(3164,'CENTRE M├ëDICAL DU DJIBOUA',74,22),(3165,'CENTRE MEDICAL MONICA',74,22),(3166,'CSR-D PUBLIC de YOBOUEKRO (dist. DIVO)',74,22),(3167,'CSR-DM PUBLIC de GUILEHIRI',74,22),(3168,'CENTRE MEDICAL LE SUCCES',74,22),(3169,'CENTRE MEDICAL AL SAINTE FRANCOISE',74,22),(3170,'ELKANA OPTIQUE',74,22),(3171,'LEADER OPTIC',74,22),(3172,'VISION DIVINE',74,22),(3173,'CENTRE MEDICAL LA GRACE DE DIVO',74,22),(3174,'CSR-DM PUBLIC de GNAMA DIES',74,22),(3175,'CMS PRIVE CNPS de DIVO',74,22),(3176,'CSR-DM PUBLIC de DJIDJIDOU',74,22),(3177,'CSR-DM PUBLIC de BRABODOUGOU',74,22),(3178,'CSU-DM PUBLIC de DIDOKO',74,22),(3179,'CSR-D PUBLIC de LAGAZE',74,22),(3180,'EPHR PUBLIC de DIVO',74,22),(3181,'CSU-D CONFESSIONNEL NDA de DIVO',74,22),(3182,'CSUS-SSSU PUBLIC de DIVO',74,22),(3183,'CSR-DM PUBLIC de GNEHIRI',74,22),(3184,'CSR-DM PUBLIC de GNIGUEDOUGOU',74,22),(3185,'CSR-DM PUBLIC de GODILEHIRI',74,22),(3186,'CSR-DM PUBLIC de GROBIAKOKO',74,22),(3187,'CSR-DM PUBLIC de GROBIASSOUME',74,22),(3188,'CSU-DM PUBLIC de HERMANKONO GARE',74,22),(3189,'CSR-DM PUBLIC de IROPORIA',74,22),(3190,'CSU-DM PUBLIC de NEBO',74,22),(3191,'CSU-DM PUBLIC de OGOUDOU',74,22),(3192,'CSR-DM PUBLIC de SAKOTA',74,22),(3193,'CSR-DM PUBLIC de ZEHIRI',74,22),(3194,'CSR-DM PUBLIC de ZIKI DIES',74,22),(3195,'CSU-DM PUBLIC de HIRE',74,22),(3196,'CSU-DM PUBLIC de ZEGO',74,22),(3197,'CSR-DM PUBLIC de GOGOBRO',74,22),(3198,'CSR-DM PUBLIC de AKABIA',74,22),(3199,'CSR-DM PUBLIC de DOUGODOU',75,22),(3200,'CSR-DM PUBLIC de DIOULABOUGOU BOLEKO',75,22),(3201,'CSR-DM PUBLIC de COCHEM BAOULE',75,22),(3202,'CSR-D PUBLIC de BRAHERI',75,22),(3203,'CSU-DM PUBLIC de LAUZOUA',75,22),(3204,'CSU-DM PUBLIC de TIEGBA (s/p Guitry)',75,22),(3205,'CSU-DM PUBLIC de YOCOBOUE',75,22),(3206,'CSR-DM PUBLIC de BROUDOUKOU PENDA',75,22),(3207,'CSU-DM PUBLIC de HERMANKONO DIES',75,22),(3208,'CSR-D PUBLIC de BABOKON-APPOLO',75,22),(3209,'CSR-DM PUBLIC de GNANBOUASSO',75,22),(3210,'CSR-DM PUBLIC de KOUTA',75,22),(3211,'CSR-DM PUBLIC de ADAHIDOUGOU',75,22),(3212,'CSR-DM PUBLIC de COCHEM DIDA',75,22),(3213,'CSR-D PUBLIC de BOUBOUDI',75,22),(3214,'CSR-DM PUBLIC de DIOLIGBI',75,22),(3215,'CSR-DM PUBLIC de KOFESSO DIOULABOUGOU',75,22),(3216,'CSUS-SSSU PUBLIC DE GUITRY',75,22),(3217,'CSR-D PUBLIC de ANOUMABOU',75,22),(3218,'CSR-D PUBLIC de N\'DRIKRO (dist. GUITRY)',75,22),(3219,'CSR-D PUBLIC de GROGBAKO',75,22),(3220,'CSU-DM PUBLIC de DAIRO-DIDIZO',75,22),(3221,'EPHD PUBLIC de GUITRY',75,22),(3222,'INF-LC PUBLIC Lyc├®e Moderne de GUITRY',75,22),(3223,'CSUS-PMI CONFESSIONNEL de GUITRY',75,22),(3224,'CSR-D PUBLIC de TEHIRI (s/p de Guitry)',75,22),(3225,'CSR-DM PUBLIC de KRIPKOKO',76,22),(3226,'CSR-DM PUBLIC d\'ADAMAKOUAMEKRO',76,22),(3227,'CSU-DM PUBLIC de DJIDJI',76,22),(3228,'CSR-D PUBLIC de ZATOBOUA',76,22),(3229,'CSU-DM PUBLIC de ZIKISSO',76,22),(3230,'CSU-DM PUBLIC de GOUDOUKO',76,22),(3231,'CSR-D PUBLIC de GBAHIRI',76,22),(3232,'CSR-DM PUBLIC de AKRIDOULADE',76,22),(3233,'CSR-D PUBLIC de SELIBOUA',76,22),(3234,'CSR-DM PUBLIC de MAHOUREBOUA',76,22),(3235,'CSR-DM PUBLIC de BRIHIRI',76,22),(3236,'INF-P PUBLIC MAC de LAKOTA',76,22),(3237,'CSR-DM PUBLIC de KOUASSILILIE',76,22),(3238,'CSR-D PUBLIC de BEYO',76,22),(3239,'CMS PRIVE- JERICHO',76,22),(3240,'CSR-D PUBLIC de GBAGRELILIE',76,22),(3241,'CSU-DM PUBLIC de AKABREBOUA',76,22),(3242,'CSU-DM PUBLIC de KOUDOULILIE',76,22),(3243,'CSR-DM PUBLIC de DIEKOLILIE',76,22),(3244,'INF-LC PUBLIC Lyc├®e Moderne de LAKOTA',76,22),(3245,'CSR-D PUBLIC de NIABL├ë (dist. LAKOTA)',76,22),(3246,'CSR-D PUBLIC de  SATROKO',76,22),(3247,'CSR-DM PUBLIC DE ZOZO',76,22),(3248,'CSUS-SSSU PUBLIC DE LAKOTA',76,22),(3249,'CSR-DM PUBLIC de GOGNE',76,22),(3250,'CSR-DM PUBLIC de BOBOLILIE',76,22),(3251,'CLINIQUE M├ëDICALE SANTE POUR TOUS',76,22),(3252,'CSU-DM PUBLIC de ZEGA',76,22),(3253,'CSR-DM PUBLIC de MAKOBERI',76,22),(3254,'CSR-DM PUBLIC de NEKO 2',76,22),(3255,'CMS PRIVE-ONG Universelle Aide S├®n├®v├® de LAKOTA',76,22),(3256,'CSR-DM PUBLIC de KOKOLILIE',76,22),(3257,'CSR-DM PUBLIC de GAGORE',76,22),(3258,'CSR-DM PUBLIC de GODOU',76,22),(3259,'CSR-DM PUBLIC de GROGOUYA',76,22),(3260,'CSR-DM PUBLIC de GNAKOUBOUE',76,22),(3261,'CSR-DM PUBLIC de GRAGBA-DAGOLILIE',76,22),(3262,'CSR-DM PUBLIC de TAGOLILIE',76,22),(3263,'CSR-DM PUBLIC de DJIMON GUEBOLILIE',76,22),(3264,'CSR-DM PUBLIC de NASSALILIE',76,22),(3265,'CSR-DM PUBLIC de GUIGUEDOU',76,22),(3266,'EPHD PUBLIC de LAKOTA',76,22),(3267,'CSR-DM PUBLIC de NIAKOBLOGNOA',76,22),(3268,'CSU-DM PUBLIC de NIAMBEZARIA',76,22),(3269,'CSR-DM PUBLIC de ZOKOLILIE',76,22),(3270,'CSR-DM PUBLIC de KOFFIKRO',77,23),(3271,'INF PRIVEE CMEV',77,23),(3272,'CSUS-SSSU PUBLIC de BONON',77,23),(3273,'INF-PV ACID de Bonon',77,23),(3274,'CSU-DM PUBLIC de GBEGBESSOU',77,23),(3275,'CSR-D PUBLIC de KPANGBANKOUAMEKRO',77,23),(3276,'INF-PV Grace Divine de Bonon',77,23),(3277,'INF-PV PRIVE Bon Samaritain de BONON',77,23),(3278,'CSR-D PUBLIC de DUONFLA',77,23),(3279,'INF-P PUBLIC Prison Civil de BOUAFLE',77,23),(3280,'CSR-D PUBLIC de GOBAZRA',77,23),(3281,'CSR-D PUBLIC de KOUAKOUGNANOU',77,23),(3282,'CSR-D PUBLIC de BANNONFLA',77,23),(3283,'CSR-DM PUBLIC de BLANOUFLA',77,23),(3284,'CSU-D PUBLIC Ecole Foresti├¿re de BOUAFLE',77,23),(3285,'CSR-DM PUBLIC de SIETINFLA',77,23),(3286,'CSR-D PUBLIC de DIACOHOU',77,23),(3287,'CSUS-PMI PUBLIC Dioulabougou de BOUAFLE',77,23),(3288,'CSR-DM PUBLIC de ANGOVIA',77,23),(3289,'CSUS-CAT PUBLIC de Bouafl├®',77,23),(3290,'INF-PV PRIVE La paix de Bonon',77,23),(3291,'INF-PV PRIVE Dioulabougou de BOUAFLE',77,23),(3292,'INF-PV PRIVE ISMAC de BOUAFLE',77,23),(3293,'CSU-DM PUBLIC DE GARANGO',77,23),(3294,'INF-PV PRIVE Le Partage de BOUAFLE',77,23),(3295,'INF-PV PRIVE Fanny Makie de BOUAFLE',77,23),(3296,'INF-PV PRIVE Amour du Prochain de BOUAFLE',77,23),(3297,'CMS PRIVE Solibra de BOUAFLE',77,23),(3298,'CSR-D PUBLIC de BOUNANTINFLA',77,23),(3299,'INF-PV PRIVE Solidarit├® de BOUAFLE',77,23),(3300,'INF-PV PRIVE Amiti├® de BOUAFLE',77,23),(3301,'CSR-D PUBLIC de OUANZANOU',77,23),(3302,'CSR-D PUBLIC DE DEHITA',77,23),(3303,'CSR-DM PUBLIC de BLANFLA',77,23),(3304,'CSR-DM PUBLIC de COUPELA-TENKODOGO',77,23),(3305,'CSR-D PUBLIC d\'ATTOSE',77,23),(3306,'EPHD PUBLIC de BONON',77,23),(3307,'CSU-DM PUBLIC de ZAGUIETA',77,23),(3308,'EPHR PUBLIC de BOUAFLE',77,23),(3309,'CSUS-PMI PUBLIC de BOUAFLE',77,23),(3310,'CSUS-SSSU PUBLIC de BOUAFLE',77,23),(3311,'CSR-DM PUBLIC de BOZI',77,23),(3312,'CSR-DM PUBLIC de ZOOLA DANANGORO',77,23),(3313,'CSR-DM PUBLIC de NANGREKRO',77,23),(3314,'CSU-DM PUBLIC de N\'DOUFFOUKANKRO',77,23),(3315,'CSU-DM PUBLIC de PAKOUABO',77,23),(3316,'CSR-DM PUBLIC de TIBEITA',77,23),(3317,'CSR-D PUBLIC de DIACOHOU NORD',77,23),(3318,'INF-PV PRIVE DOMINICAINE de BOUAFLE',77,23),(3319,'CSR-D PUBLIC de KONEFLA',77,23),(3320,'CSR-DM PUBLIC de N\'DENOUKRO',77,23),(3321,'CSR-D PUBLIC de AKA N\'GUESSANKRO (s/p Bouafl├®)',77,23),(3322,'CSR-DM PUBLIC de BLE',77,23),(3323,'CSR-D PUBLIC de BOUAFLA',77,23),(3324,'CSR-D PUBLIC de KLAN',77,23),(3325,'INF-PV PRIVE La Colombe de BOUAFLE',77,23),(3326,'INF-PV PRIVE Le Major de BOUAFLE',77,23),(3327,'CSR-DM PUBLIC de BOZI-SATMACI',77,23),(3328,'CSR-D PUBLIC de YOHO',77,23),(3329,'CENTRE MEDICO CHIRURGICAL KENEYA',78,23),(3330,'CLINIQUE DE BELEM de YAOKRO',78,23),(3331,'CLINIQUE SIEMO de YAOKRO',78,23),(3332,'CSR-DM PUBLIC de KPANGBASSOU',78,23),(3333,'CSU-DM PUBLIC de BAZRE',78,23),(3334,'CSU-DM PUBLIC de KONONFLA',78,23),(3335,'EPHD PUBLIC de SINFRA',78,23),(3336,'CSR PRIVE CONFESSIONNEL MISSIONNAIRE CHIST ROI SINFRA',78,23),(3337,'CSR-DM PUBLIC de KAYETA',78,23),(3338,'CSR-DM PUBLIC de DJENEDOUFLA',78,23),(3339,'CSR-DM PUBLIC de BINOUFLA',78,23),(3340,'CSR-DM PUBLIC de MANOUFLA',78,23),(3341,'ONG LAFED de SINFRA',78,23),(3342,'CSU-DM PUBLIC de KOUETINFLA',78,23),(3343,'CSUS-CDV COMMUNAUTAIRE de SINFRA',78,23),(3344,'CSR-DM PUBLIC de YAOKRO',78,23),(3345,'CSR-DM PUBLIC de BRUNOKRO',78,23),(3346,'CSR-D PUBLIC de TIEZANKRO3',78,23),(3347,'CSR-D PUBLIC de GBRIZOKRO',78,23),(3348,'CSR-D PUBLIC de BOUNAFLA',78,23),(3349,'CSR-D PUBLIC de N\'DRIKRO (dist. SINFRA)',78,23),(3350,'CENTRE DE SOINS INFIRMIERS KENEYA',78,23),(3351,'INF-PV PRIVE La Famille de SINFRA',78,23),(3352,'INF-PV PRIVE SAINT GABRIEL de SINFRA',78,23),(3353,'CENTRE MEDICAL SAINTE MARIE de SINFRA',78,23),(3354,'CENTRE MEDICAL AVE MARIA de SINFRA',78,23),(3355,'CSR-DM PUBLIC de HUAFLA',78,23),(3356,'CSUS-SSSU SAJ PUBLIC de SINFRA',78,23),(3357,'CSUS-PMI PUBLIC de SINFRA',78,23),(3358,'CSR-DM PUBLIC de FLAYA',79,23),(3359,'CSR-D PUBLIC de VREHENFLA',79,23),(3360,'CSU-DM PUBLIC de GOHITAFLA',79,23),(3361,'CSR-DM PUBLIC de ZRALUO',79,23),(3362,'CSR-DM PUBLIC de BEZIAKA',79,23),(3363,'CSR-DM PUBLIC de PAOUFLA',79,23),(3364,'CSU-DM PUBLIC de VOUEBOUFLA',79,23),(3365,'CSR-DM PUBLIC de ZANZRA',79,23),(3366,'EPHD PUBLIC de ZUENOULA',79,23),(3367,'CSU-DM PUBLIC de MAMINIGUI',79,23),(3368,'CSR-DM PUBLIC de DHEZRA',79,23),(3369,'CSR-DM PUBLIC de ZIRIFLA',79,23),(3370,'ONG FEMME ACTIVE de C├öTE D\' IVOIRE (FACCI)',79,23),(3371,'CSR-DM PUBLIC de GLOAZRA',79,23),(3372,'CSU-DM PUBLIC de KANZRA',79,23),(3373,'CSR-DM PUBLIC de ZOROFLA',79,23),(3374,'CSR-DM PUBLIC de BOHIZRA',79,23),(3375,'CSR-DM PUBLIC de GROHOUNFLA',79,23),(3376,'CSR-DM PUBLIC de ZIDUHO-BOUENOU',79,23),(3377,'CSR-DM PUBLIC de BAZRAA',79,23),(3378,'CSR-DM PUBLIC DE GOUNGA',79,23),(3379,'INF-PV PRIVEE LA VIE de ZUENOULA',79,23),(3380,'CENTRE DE SOINS INFIRMIERS SAINT-RAPHAEL ELISHAMA',79,23),(3381,'CSR-DM PUBLIC de VAAFLA (dist. ZUENOULA)',79,23),(3382,'CENTRE DE SOINS INFIRMIERS SORAYA',79,23),(3383,'CENTRE de SOINS INFIRMIERS SAINT RAPHAEL',79,23),(3384,'CSUS-PMI PUBLIC de ZUENOULA',79,23),(3385,'CSUS-SSSU PUBLIC de ZUENOULA',79,23),(3386,'CSR-DM PUBLIC de BINZRA',79,23),(3387,'CSR-DM PUBLIC de ZOUGOUNEFLA',79,23),(3388,'CSR-DM PUBLIC de MANFLA',79,23),(3389,'CMS PRIVE Complexe Sucrier de ZUENOULA',79,23),(3390,'CSR-DM PUBLIC de IRIEFLA',79,23),(3391,'CSR-DM PUBLIC de MINFLA',79,23),(3392,'CSR-DM PUBLIC de LOBO-AKOUDZIN',80,24),(3393,'CSR-DM PUBLIC de DIAPE',80,24),(3394,'CSR-DM PUBLIC de MOAPE',80,24),(3395,'CSR-D PUBLIC de BIASSO',80,24),(3396,'CSR-DM PUBLIC de ABIE',80,24),(3397,'CSUS-PMI PUBLIC de ADZOPE',80,24),(3398,'CSR-D PUBLIC de N\'KOUPE',80,24),(3399,'CSR-D PUBLIC de BASSADZIN',80,24),(3400,'CSUS-CAT PUBLIC de ADZOPE',80,24),(3401,'CSR-D PUBLIC de AHOKOI',80,24),(3402,'INF-P de la Maison d\'Arr├¬t de ADZOPE',80,24),(3403,'CSR-DM PUBLIC DE MIADZIN',80,24),(3404,'INF-LC PUBLIC Lyc├®e Moderne de ADZOPE',80,24),(3405,'INF-LC PUBLIC Lyc├®e moderne de AGOU',80,24),(3406,'CMS PUBLIC de ADZOPE',80,24),(3407,'INF-PV PRIVE Saint Thomas Habitat Extension de ADZOPE',80,24),(3408,'CSR-D PUBLIC de BOAPE',80,24),(3409,'CSR-DM PUBLIC d\' AHOUABO',80,24),(3410,'NOUVELLE CLINIQUE SAINT JOSEPH',80,24),(3411,'CSR-D PUBLIC de MASSANDJI',80,24),(3412,'CSR-DM PUBLIC de NYAN',80,24),(3413,'EPHR PUBLIC d\' ADZOPE',80,24),(3414,'EPHD PUBLIC de ADZOPE',80,24),(3415,'CSUS-LEP PUBLIC Institut Raoul Follereau de ADZOPE',80,24),(3416,'CSUS-SSSU PUBLIC de ADZOPE',80,24),(3417,'CSR-DM PUBLIC de ANANGUIE (s/p Adzope)',80,24),(3418,'CSR-M PUBLIC de ANNEPE',80,24),(3419,'CSU-DM PUBLIC de ASSIKOI',80,24),(3420,'CSR-DM PUBLIC de DIASSON',80,24),(3421,'CSR-DM PUBLIC de DUQUESNE CREMONE',80,24),(3422,'CSU-DM PUBLIC de AGOU',80,24),(3423,'CSR-DM PUBLIC de ANDE (s/p Ande)',80,24),(3424,'CSU-DM PUBLIC de BECEDI BRIGNAN',80,24),(3425,'CSR-DM PUBLIC de BOUDEPE',80,24),(3426,'CSR-DM PUBLIC de GRAND-AKOUDZIN',80,24),(3427,'CSR-DM PUBLIC de YAKASSE ME',80,24),(3428,'CSR-M PUBLIC de BECEDI ANON',80,24),(3429,'CSR-D PUBLIC de ASSIKOUN',81,24),(3430,'CSR-DM PUBLIC de YADIO',81,24),(3431,'CSR-D PUBLIC de BONANHOUIN',81,24),(3432,'CSU-DM PUBLIC de BANACOMOE',81,24),(3433,'CENTRE D\'IMAGERIE SAINTE EMMA D\'AKOUPE',81,24),(3434,'CSR-D PUBLIC de DODOKOI',81,24),(3435,'CSU-DM PUBLIC de AFFERY',81,24),(3436,'EPHD PUBLIC de AKOUPE',81,24),(3437,'CSR-D PUBLIC de ASSEUDJI',81,24),(3438,'CSU-DM PUBLIC de BECOUEFIN',81,24),(3439,'CSR-M PUBLIC de ASSANGBADJI',81,24),(3440,'CSR-D PUBLIC de AGBAHOU (s/p Akoup├®)',81,24),(3441,'CSR-DM PUBLIC de BACON',81,24),(3442,'CSR-D PUBLIC de SORIBADOUGOU (dist. AKOUPE)',81,24),(3443,'CSUS-SSSU PUBLIC d\' AKOUPE',81,24),(3444,'CSR-D PUBLIC de AHEOUA',81,24),(3445,'CSR-D PUBLIC de AKA-CHANTIER',82,24),(3446,'CSR-D PUBLIC de GALEKRO',82,24),(3447,'CSR-D PUBLIC de ANGOBEKOI',82,24),(3448,'CSR-D PUBLIC de NIANDA',82,24),(3449,'CSR-D PUBLIC de MAFIA',82,24),(3450,'CSR-D PUBLIC de YAPOKOI',82,24),(3451,'CSR-DM PUBLIC de AHOUTOUE',82,24),(3452,'CSR-DM PUBLIC de ABOISSO-COMOE',82,24),(3453,'CSR-DM PUBLIC de AKOURE',82,24),(3454,'EPHD PUBLIC de ALEPE',82,24),(3455,'CSR-DM PUBLIC de ANDOU M\'BATTO',82,24),(3456,'CSR-DM PUBLIC de DANGUIRA',82,24),(3457,'CSR-D PUBLIC de MOPODJI',82,24),(3458,'CSR-DM PUBLIC de GRAND-ALEPE',82,24),(3459,'CSR-DM PUBLIC de KODIOUSSOU',82,24),(3460,'CSR-D PUBLIC de KOSSANDJI',82,24),(3461,'CSUS-SSSU PUBLIC de ALEPE',82,24),(3462,'CSU-DM PUBLIC de MEMNI',82,24),(3463,'CSR-DM PUBLIC de MONGA',82,24),(3464,'CSR-DM PUBLIC de MONTEZO',82,24),(3465,'CSR-D PUBLIC de DZEUDJI',82,24),(3466,'CSU-DM PUBLIC de OGHLWAPO',82,24),(3467,'CSU-DM CONFESSIONNEL CESDA de ALEPE',82,24),(3468,'CSR-DM PUBLIC DE MOTOBE (DIST. ALEPE)',82,24),(3469,'CSR-D PUBLIC de ALLOSSO II',82,24),(3470,'CSR-DM PUBLIC DE KOUTOUKRO 2',82,24),(3471,'CSR-D PUBLIC de N\'ZEREKOU',82,24),(3472,'CSR-D PUBLIC d\' ALLOSSO 1',82,24),(3473,'CSR-D PUBLIC d\' ABROTCHY',82,24),(3474,'CSR-D PUBLIC d\' INGRAKON',82,24),(3475,'CSR-D PUBLIC de KOUTOUKRO 1',82,24),(3476,'CSR-D PUBLIC d\' OGUEDOUME',82,24),(3477,'CSR-D PUBLIC de NGOKRO',82,24),(3478,'.',82,24),(3479,'CSR-D PUBLIC de YAKASSE-COMOE',82,24),(3480,'CMS PUBLIC San Bonifacio de DOMOLON',82,24),(3481,'EPHD de YAKASSE-ATTOBROU',83,24),(3482,'CSU-DM PUBLIC de ABONGOUA (dist. Yakasse Attoubrou)',83,24),(3483,'CSU-D PUBLIC de BIEBY',83,24),(3484,'CSR-D PUBLIC de KONG (s/p Yakasse Attobrou)',83,24),(3485,'CSR-D PUBLIC DE AHUKOI',83,24),(3486,'CSR-D PUBLIC D\' ABRADINE 1',83,24),(3487,'CSUS-SSSU PUBLIC DE YAKASSE-ATTOBROU',83,24),(3488,'CSR-D PUBLIC D\'ADJAME (DIST. YAKASSE-ATTOBROU)',83,24),(3489,'CENTRE DE SOINS INFIRMIERS d\'ASSIE-ORIE',83,24),(3490,'CENTRE MEDICAL SAINTE MARIE DE YAKASSE-ATTOBROU',83,24),(3491,'CSR-D PUBLIC de DIANGOBO',83,24),(3492,'CSR-DM PUBLIC de MEBIFON (dist. AKOUPE)',83,24),(3493,'CSR-D CONFESSIONNEL Charit├® de KOTOBI',84,25),(3494,'CSR-DM PUBLIC de ASSALE KOUASSIKRO',84,25),(3495,'CSR-D PUBLIC de KOUADIOKRO (s/p ARRAH)',84,25),(3496,'CSR-D PUBLIC de YAFFO AGNI',84,25),(3497,'CSR-D PUBLIC de DALOSSO',84,25),(3498,'DISPENSAIRE PRIVE N\'GOUAN de KOTOBI',84,25),(3499,'CSU-D CONFESSIONNEL Saint Michel de ARRAH',84,25),(3500,'CENTRE DE SOINS INFIRMIERS PROVIDENCE de KREGBE',84,25),(3501,'CSU-DM PUBLIC de ABONGOUA',84,25),(3502,'EPHD PUBLIC de ARRAH',84,25),(3503,'CSU-DM PUBLIC de KREGBE',84,25),(3504,'CSR-DM PUBLIC de BROU-ATTAKRO',84,25),(3505,'CSR-DM PUBLIC de ERROBO',84,25),(3506,'CSR-DM PUBLIC de N\'ZANFOUENOU',84,25),(3507,'INF-PV PRIVE Le Major de BONGOUANOU',85,25),(3508,'CSR-DM PUBLIC de BOUADIKRO',85,25),(3509,'CSR-DM PUBLIC de AKAKRO',85,25),(3510,'CSR-DM PUBLIC de AHOUNIENFOUTOU',85,25),(3511,'CSU-DM PUBLIC de ASSAOUFOUE',85,25),(3512,'INF-LC PRIVEE IEGT de BONGOUANOU',85,25),(3513,'CSR-D PUBLIC d\'ABOUSSOUNOU BRACODI',85,25),(3514,'CSR-D PUBLIC de BOCASSI (s/p BONGOUANOU)',85,25),(3515,'CMS PRIVE COOPENCO de BONGOUANOU',85,25),(3516,'INF-P PUBLIC Prison Civil de BONGOUANOU',85,25),(3517,'CSR-DM PUBLIC de N\'ZUEKOKORE',85,25),(3518,'CSUS-SSSU PUBLIC DE BONGOUANOU',85,25),(3519,'CABINET D\'OPTICIEN-LUNETIER OPTIQUE PHARMA-CI',85,25),(3520,'CSR-D PUBLIC DE BANABO',85,25),(3521,'CSR-DM PUBLIC DE ASSIE ASSASSO',85,25),(3522,'CSR-D PUBLIC DE ALLANGBAKRO',85,25),(3523,'CSR-D PUBLIC DE N\' DOLIKRO',85,25),(3524,'CSR-D PUBLIC de KINIMOKRO',85,25),(3525,'CSR-D PUBLIC de ASSIE-KOKORE',85,25),(3526,'CSU-DM PUBLIC de AHOROSSO',85,25),(3527,'CSUS-CAT PUBLIC de BONGOUANOU',85,25),(3528,'CSR-DM PUBLIC D\' ANEKRO',85,25),(3529,'CSR-D PUBLIC de M\'BAOUCESSOU',85,25),(3530,'CENTRE SOCIAL de BONGOUANOU',85,25),(3531,'CSR-DM PUBLIC de AGOUA',85,25),(3532,'CSU-DM PUBLIC de ANDE',85,25),(3533,'CSU-DM PUBLIC de ASSIE KOUMASSI',85,25),(3534,'EPHD PUBLIC de BONGOUANOU',85,25),(3535,'CSR-DM PUBLIC de BROU AKPAOUSSOU',85,25),(3536,'CSU-DM PUBLIC de N\'GUESSANKRO',85,25),(3537,'CSR-DM PUBLIC de N\'GUINOU',85,25),(3538,'CSR-D PUBLIC de TANOSSO',85,25),(3539,'CSR-D PUBLIC de AGNALIESSOU',85,25),(3540,'CSR-D PUBLIC de FRONOBO',85,25),(3541,'CSR-DM PUBLIC de AGBOSSOU',85,25),(3542,'CSU-DM PUBLIC de KANGANDI',85,25),(3543,'CSU-DM PUBLIC de ASSIE AKPESSE',86,25),(3544,'CSR-DM PUBLIC de DAMOIKRO',86,25),(3545,'CSR-D PUBLIC de KOUBEBO',86,25),(3546,'CSR-D PUBLIC de ADOUAKOUAKRO',86,25),(3547,'CSR-DM PUBLIC de N\'GOHINOU',86,25),(3548,'CSU-DM PUBLIC de ANOUMABA',86,25),(3549,'CSU-DM PUBLIC de ASSOUMOUKRO',86,25),(3550,'CSR-D PUBLIC de ANGBANOU',86,25),(3551,'CSU-D CONFESSIONNEL de M\'BATTO',86,25),(3552,'INF-LC PUBLIC de M\'BATTO',86,25),(3553,'CSR-D PUBLIC de KOUADIOTEKRO (s/p Ti├®m├®l├®kro)',86,25),(3554,'CSR-D PUBLIC de ALLONGO',86,25),(3555,'CSR-D PUBLIC de DJEKADJOKRO',86,25),(3556,'CSR-D PUBLIC de TAKIKRO (s/p Anoumaba)',86,25),(3557,'CSR-D PUBLIC de DIANGOBO (dist. M\'BATTO)',86,25),(3558,'CSR-DM PUBLIC DE MENOU',86,25),(3559,'CSR-D PUBLIC D\' ALLAKRO-APPIAKRO',86,25),(3560,'CSR-D PUBLIC de KOUAKRO (dist. M\'BATTO)',86,25),(3561,'CENTRE M├ëDICAL MORONOU',86,25),(3562,'CSR-DM PUBLIC de AGNIA',86,25),(3563,'CSR-DM PUBLIC de ASSAHARA',86,25),(3564,'EPHD PUBLIC de M\'BATTO',86,25),(3565,'CSU-DM PUBLIC de TIEMELEKRO',86,25),(3566,'CSR-D PUBLIC de TCHEKOU',86,25),(3567,'CSR-DM PUBLIC de SEREBISSOU',86,25),(3568,'CSR-D PUBLIC  DE YA KOUASSIKRO',87,26),(3569,'CSR-DM PUBLIC DE DAOUAKRO',87,26),(3570,'CSR-DM PUBLIC DE N\'GASSOKRO',87,26),(3571,'CSR-D PUBLIC de DIDA MOUESSOU',87,26),(3572,'CSR-D PUBLIC de ASSIKA KAYABO',87,26),(3573,'CSR-D PUBLIC de BROU AHOUSSOUKRO',87,26),(3574,'CSR-DM PUBLIC de TAGNAKRO',87,26),(3575,'CSR-D PUBLIC de AMOROKI',87,26),(3576,'CSR-D PUBLIC de GBONOU CARREFOUR',87,26),(3577,'CSR-D PUBLIC de N\'DOKOUASSIKRO',87,26),(3578,'CSR-D PUBLIC de KONAN-LEKIKRO',87,26),(3579,'CSR-D PUBLIC de KOFFI ADOUKRO',87,26),(3580,'CMS CONFESSIONNEL SAINTE ANNE de BOCANDA',87,26),(3581,'MATERNITE PRIVEE LA VIE',87,26),(3582,'CSUS-SSSU PUBLIC DE BOCANDA',87,26),(3583,'CSR-DM PUBLIC de SOUSSOUYAKRO',87,26),(3584,'CSR-D PUBLIC de TOKPA N\'DRIKRO',87,26),(3585,'CSR-DM PUBLIC de ABEANOU',87,26),(3586,'CSR-D PUBLIC de DIDAKAYABO',87,26),(3587,'CSR-D PUBLIC de KONAN N\'DRIKRO',87,26),(3588,'CSU-DM PUBLIC de BENGASSOU',87,26),(3589,'EPHD PUBLIC de BOCANDA',87,26),(3590,'CSU-DM PUBLIC de KOUADIOBLEKRO',87,26),(3591,'CSU-DM PUBLIC de N\'ZECREZESSOU',87,26),(3592,'CSR-D PUBLIC de ANGAN-KONANKRO',88,26),(3593,'INHP-A PUBLIC de DIMBOKRO',88,26),(3594,'CSU-DM PUBLIC de SOUNGASSOU',88,26),(3595,'CSU-DM PUBLIC de ABIGUI',88,26),(3596,'CSU-D PUBLIC MAISON D\'ARR├èT ET DE CORRECTION (MAC) de DIMBOKRO',88,26),(3597,'CSR-D PUBLIC de TRIANIKRO',88,26),(3598,'CSR-D PUBLIC de BOCABO',88,26),(3599,'CSUS-CAT PUBLIC de DIMBOKRO',88,26),(3600,'CLINIQUE PRIVEE SAINTE RITA de DIMBOKRO',88,26),(3601,'CSR-D PUBLIC de BENDEKRO',88,26),(3602,'CSR-D PUBLIC de TANGOUMASSOU',88,26),(3603,'INF-PUBLIC MAISON DE REINSERTION de SALIAKRO',88,26),(3604,'INF-PV PRIVE LA VOIE DE DIEU de DIMBOKRO',88,26),(3605,'INF-PV PRIVE MERVEILLES DE DIEU de DIMBOKRO',88,26),(3606,'CSU-D PUBLIC de DIMBOKRO',88,26),(3607,'INF-M PUBLIC CORPS DE TROUPE GARNISON (ICTG) de DIMBOKRO',88,26),(3608,'CSU-DM PUBLIC DOMINIQUE OUATTARA DE LA CIT├ë SOGEFIHA KOLIBO',88,26),(3609,'CLINIQUE MEDICALE LA ROSE DU N\'ZI',88,26),(3610,'CABINET D\'OPTICIEN-LUNETIER BELLE VISION',88,26),(3611,'CABINET DENTAIRE EMMANUELLA',88,26),(3612,'CSR-D PUBLIC de BOORE',88,26),(3613,'CSR-D PUBLIC de LANGBA',88,26),(3614,'CSR-D PUBLIC de N\'DAYAKRO',88,26),(3615,'INF-LC PUBLIC Lyc├®e Moderne de DIMBOKRO',88,26),(3616,'EPHR PUBLIC de DIMBOKRO',88,26),(3617,'CSU-D CONFESSIONNEL NDA de DIMBOKRO',88,26),(3618,'CSUS-PMI PUBLIC de DIMBOKRO',88,26),(3619,'CSUS-SSSU PUBLIC de DIMBOKRO',88,26),(3620,'CSR-DM PUBLIC de DJANGOKRO',88,26),(3621,'CSR-DM PUBLIC de NOFOU',88,26),(3622,'EPHD PUBLIC de KOUASSI-KOUASSIKRO',89,26),(3623,'CSR-D PUBLIC de BOUNDA',89,26),(3624,'CSR-D PUBLIC de MEKRO',89,26),(3625,'CSR-D PUBLIC de BONZO MALEKRO',89,26),(3626,'CSR-D PUBLIC de SASSAOKRO',89,26),(3627,'CSR-D PUBLIC DE GBANAN N\'GATTAKRO',89,26),(3628,'CSUS-SSSU PUBLIC de KOUASSI KOUASSIKRO',89,26),(3629,'CSR-DM PUBLIC DE LENGBE KOUASSIBLEKRO',89,26),(3630,'INFIRMERIE PRIVEE SAINT FELIX de KOUASSI-KOUASSIKRO',89,26),(3631,'CSR-D PUBLIC de SAHAGUIKRO',89,26),(3632,'CSR-DM PUBLIC de SAGBOYA V6',90,27),(3633,'CSU-DM PUBLIC de DAPEOUA',90,27),(3634,'CSR-D PUBLIC de KODAYA V5',90,27),(3635,'EPHD PUBLIC de BUYO',90,27),(3636,'CSR-DM PUBLIC de GNAGBOYA V4',90,27),(3637,'CSR-DM PUBLIC de WONSEALY V2',90,27),(3638,'CSR-D PUBLIC de AMANIKRO',90,27),(3639,'CSR-D PUBLIC de GBLIGLO',90,27),(3640,'CSR-DM PUBLIC de KOREAHINOU',90,27),(3641,'CSR-I PUBLIC de NOUKPOUDOU',90,27),(3642,'CSU-DM PUBLIC de BUYO',90,27),(3643,'CSR-DM PUBLIC de LOBOZOA',90,27),(3644,'CSR-D PUBLIC de BAGLO 2',90,27),(3645,'CSR-DM PUBLIC de LOBOGBA',90,27),(3646,'CSR-DM PUBLIC de MAYA KOFFIKRO',90,27),(3647,'CSUS-SSSU PUBLIC de BUYO',90,27),(3648,'CSR-D PUBLIC de AMOINKRO',90,27),(3649,'CSR-D PUBLIC de TRAWLINKRO',90,27),(3650,'CSR-D PUBLIC de LOGBO2',90,27),(3651,'CSR-DM PUBLIC de TCHETALY V1',90,27),(3652,'CSR-DM PUBLIC de LOBOVILLE',90,27),(3653,'CSR-DM PUBLIC de MEKOFFIKRO',90,27),(3654,'CSR-DM PUBLIC de ASSAMOIKRO',90,27),(3655,'CSR-DM PUBLIC de SAMOUKRO',90,27),(3656,'CSR-DM PUBLIC de ADOUKOUASSIKRO',90,27),(3657,'CSR-DM PUBLIC de KOUAKOUKRO',90,27),(3658,'CSR-DM PUBLIC de OKAKRO',90,27),(3659,'CSR-D PUBLIC DE BINDOUGOU',90,27),(3660,'CSR-D PUBLIC de KOFFIKONANKRO (dist. BUYO)',90,27),(3661,'CSR-DM PUBLIC de DAFRAHINOU',90,27),(3662,'CSR-D PUBLIC de BALEKO',91,27),(3663,'CSU-DM PUBLIC de DABOUYO',91,27),(3664,'EPHD PUBLIC de GUEYO',91,27),(3665,'CSR-DM PUBLIC DE LAHOURIDOU',91,27),(3666,'CSR-DM PUBLIC DE NIOROUHIO',91,27),(3667,'CSR-DM PUBLIC de TAGBAYO',91,27),(3668,'CSR-D PUBLIC DE ALIKRO',91,27),(3669,'CSR-D PUBLIC DE BRETIHIO',91,27),(3670,'CSR-D PUBLIC DE KOSSOYO',91,27),(3671,'CSR-DM PUBLIC DE LAZAREKRO',91,27),(3672,'CSR-D PUBLIC DE ZIOUAYO 1',91,27),(3673,'CSR-D PUBLIC DE ZOHOURAYO',91,27),(3674,'CSUS-SSSU PUBLIC de GUEYO',91,27),(3675,'CLINIQUE MEDICALE LA GRACE DE GUEYO',91,27),(3676,'CSR-D PUBLIC D\'OKOUKRO',91,27),(3677,'CENTRE M├ëDICAL LE PRINCIPAL',91,27),(3678,'CSR-D PUBLIC de SARAKADJI',92,27),(3679,'CSR-DM PUBLIC de AHOUTOUAGUI',92,27),(3680,'CSR-DM PUBLIC de HANA',92,27),(3681,'CSU-DM PUBLIC de GNANMAGUI',92,27),(3682,'FSU PUBLIC (Ex HG) de MEAGUI',92,27),(3683,'CSU-DM PUBLIC de OUPOYO',92,27),(3684,'CSR-D PUBLIC de BROUAGUI',92,27),(3685,'CSR-D PUBLIC de ZOUGOUKOUASSIKRO',92,27),(3686,'CSR-D PUBLIC de ANGAGUI',92,27),(3687,'CSR-DM PUBLIC de GNITITOUAGUI',92,27),(3688,'CSR-DM PUBLIC de NEGREAGUI',92,27),(3689,'CSR-DM PUBLIC de PASCALKRO',92,27),(3690,'CSR-DM PUBLIC de ASSAWLEKRO',92,27),(3691,'CSR-DM PUBLIC de TOUADJI 2',92,27),(3692,'CSR-D PUBLIC de GNAKOREAGUI',92,27),(3693,'CSR-D PUBLIC de IPOU N\'DRIKRO',92,27),(3694,'CSR-D PUBLIC de KOREAGUI 2',92,27),(3695,'CSUS-SSSU PUBLIC de MEAGUI',92,27),(3696,'CSR-D PUBLIC de GBLAGBANIE',92,27),(3697,'CSR-D PUBLIC de PETIT BONDOUKOU (dist. SOUBRE)',92,27),(3698,'CSR-D PUBLIC de ADAMAGUI',92,27),(3699,'CSR-D PUBLIC de KRAGUI',92,27),(3700,'CSR-D PUBLIC de AMARAGUI',92,27),(3701,'CSR-D PUBLIC de TAKOREAGUI',92,27),(3702,'CSR-D PUBLIC de TOUAGUI 1',92,27),(3703,'ESPACE MEDICAL SAINT GEORGES DE MEAGUI',92,27),(3704,'CLINIQUE MEDICALE DIVINE GRACE DE MEAGUI',92,27),(3705,'CENTRE MEDICO SOCIAL IVOIRE SERVICE DE MEAGUI',92,27),(3706,'CENTRE MEDICAL CARLA DE MEAGUI',92,27),(3707,'CSR-D PUBLIC de DJIGBAGUI',92,27),(3708,'CSR-D PUBLIC de GNIPI 2',92,27),(3709,'CSR-D PUBLIC de KANGAGUI',92,27),(3710,'CSR-D PUBLIC de N\' DRIAGUI',92,27),(3711,'CSR-D PUBLIC de DAHILI',92,27),(3712,'CSR-D PUBLIC de JOHIN',92,27),(3713,'CSR-D PUBLIC de POGREAGUI',92,27),(3714,'CSR-DM PUBLIC de YAODANKRO',92,27),(3715,'CSR-DM PUBLIC de N\'GUESSANAGUI',92,27),(3716,'CSR-DM PUBLIC de GBLETIA',92,27),(3717,'CSR-DM PUBLIC d\' ISSAKRO (dist. MEAGUI)',92,27),(3718,'CSR-DM PUBLIC de KPANGBANKRO',92,27),(3719,'CSR-DM PUBLIC de TEREAGUI',92,27),(3720,'EPHD PUBLIC de MEAGUI (Nouveau)',92,27),(3721,'CSR-D PUBLIC de BAGUI',92,27),(3722,'CSR-D PUBLIC de CNRA',92,27),(3723,'CSR-D PUBLIC de WALEBO',92,27),(3724,'CSR-DM PUBLIC de GRIPAZO',93,27),(3725,'CSR-D PUBLIC Roa de KAKUEOUA',93,27),(3726,'CSR-D PUBLIC de OTTAWA',93,27),(3727,'CSR-DM PUBLIC de KONEDOUGOU',93,27),(3728,'CSR-DM PUBLIC de GNOGBOYO',93,27),(3729,'CSU-DM PUBLIC de YABAYO',93,27),(3730,'CSUS-CAT PUBLIC de SOUBRE',93,27),(3731,'CSR-DM PUBLIC de BAGOLIEOUA',93,27),(3732,'CSU-D PUBLIC de GRAND-ZATTRY',93,27),(3733,'CSU-DM PUBLIC de MAYO',93,27),(3734,'CSU-DM PUBLIC de OKROUYO',93,27),(3735,'EPHD PUBLIC de SOUBRE',93,27),(3736,'CSU-DM PUBLIC de YACOLIDABOUO',93,27),(3737,'CSR-DM PUBLIC de MAHIEOUA',93,27),(3738,'CSR-D PUBLIC de GBADAKOUAMEKRO',93,27),(3739,'CSR-D PUBLIC de BLESSEOUA',93,27),(3740,'CSR-D PUBLIC de PARCvSOU',93,27),(3741,'CSR-DM PUBLIC de OBROUAYO',93,27),(3742,'CSR-D PUBLIC de RAPHAELKRO',93,27),(3743,'CSUS-SSSU PUBLIC de SOUBRE',93,27),(3744,'CSR-DM PUBLIC de KOREGUHE',93,27),(3745,'CSR-DM PUBLIC de TOLLAKRO',93,27),(3746,'CSR-DM PUBLIC de DOBRE',93,27),(3747,'CSR-DM PUBLIC de LIGUIYO',93,27),(3748,'CSR-D PUBLIC de GADAGO',93,27),(3749,'CSR-D PUBLIC de BAKAYO',93,27),(3750,'CSR-D PUBLIC de LESSERI',93,27),(3751,'CSR-D PUBLIC de KOMIAYO',93,27),(3752,'INF-PV PRIVE M├®dicale du Sud Ouest de SOUBRE',93,27),(3753,'INF-PV PRIVE Gnat├® Bia de SOUBRE',93,27),(3754,'INF-PV PRIVE Ste Marie de SOUBRE',93,27),(3755,'INF-PV PRIVE Les Eleis de YABAYO',93,27),(3756,'CSR-D PUBLIC de GBAZOA',93,27),(3757,'CSR-D PUBLIC de ZAKOEOUA',93,27),(3758,'CMS SIPEFI-CI OKROUYO',93,27),(3759,'CMS SIPEFI-CI OTTAWA',93,27),(3760,'CSR-D PUBLIC de KAGNANAKO',93,27),(3761,'CSR-D PUBLIC de MEMBERI 1',93,27),(3762,'CSU-D MACA de SOUBRE',93,27),(3763,'CSA ESCADRON DE GENDARMERIE SOUBR├ë',93,27),(3764,'DISPENSAIRE CONFESSIONNEL CATHOLIQUE de SOUBRE',93,27),(3765,'FSU COMMUNAUTAIRE PRIVE UGEFOS de SOUBRE',93,27),(3766,'CSR-D PUBLIC de KODA TCHAD',93,27),(3767,'INF-PV PRIVE SAPH YACOLI',93,27),(3768,'INF-PV ONG ORASUR',93,27),(3769,'CSR-D PUBLIC de MAYO 2',93,27),(3770,'CSR-D PUBLIC de KOZIAYO 2',93,27),(3771,'CSR-D PUBLIC de KOTABLEOUA',93,27),(3772,'CSR-D PUBLIC de KIPIRI',93,27),(3773,'CSR-D PUBLIC de PETIT GOA 1',93,27),(3774,'CSR-D PUBLIC de GABAGUHE',93,27),(3775,'CM PRIVEE STE TRINITE DE SOUBRE',93,27),(3776,'CLINIQUE MEDICAL VAL DES GRACES DE SOUBRE',93,27),(3777,'CLINIQUE DES OLIVIERS de SOUBRE',93,27),(3778,'CLINIQUE IAMC DE SOUBRE',93,27),(3779,'CENTRE MEDICO SOCIAL BETHESDA DE SOUBRE',93,27),(3780,'CMS PUBLIC de SOUBRE',93,27),(3781,'CLINIQUE BON SAMARITAIN DE SOUBRE',93,27),(3782,'CSR-D PUBLIC de BOGREKO',93,27),(3783,'CSR-D PUBLIC de GUIMEYO',93,27),(3784,'CSR-D PUBLIC de KPADA',93,27),(3785,'CSR-D PUBLIC de MEMBERI 2',93,27),(3786,'CSR-D PUBLIC de PETIT GOA 2',93,27),(3787,'CSR-D PUBLIC d\' OUREYO',93,27),(3788,'CSR-D PUBLIC DE BALEYO',93,27),(3789,'CSR-D PUBLIC DE LILIYO',93,27),(3790,'CSR-D PUBLIC DE NENEFEROA',93,27),(3791,'CENTRE MEDICO-SOCIAL LA GRACE',93,27),(3792,'CM PRIVE MERVEILLE GABON EXTENSION',93,27),(3793,'CENTRE DE SECOURS M├ëDICAL STE YVETTE',93,27),(3794,'CLINIQUE BON SAMARITIN DE SOUBRE',93,27),(3795,'CSUS-PMI PUBLIC DE SOUBRE',93,27),(3796,'CSR-DM PUBLIC de GALEBOUO',93,27),(3797,'CSR-D PUBLIC de KOUAKOUKRO',93,27),(3798,'CSU-D PUBLIC de GBAKA LEKPA',93,27),(3799,'CENTRE M├ëDICAL OASIS LE PARISIEN',93,27),(3800,'CENTRE MEDICAL SAINT JOSEPH DE SOUBRE',93,27),(3801,'CSR-DM PUBLIC de PLEURO',94,28),(3802,'EPHD PUBLIC de DIKODOUGOU',94,28),(3803,'CSR-DM PUBLIC de KALAHA',94,28),(3804,'CSR-DM PUBLIC DE FARAKORO-BADA',94,28),(3805,'CSR-DM PUBLIC de KADIOHA',94,28),(3806,'CSR-D PUBLIC de NERKENE',94,28),(3807,'CSUS-SSSU Public de DIKODOUGOU',94,28),(3808,'CSR-DM PUBLIC de MARAH',94,28),(3809,'CSR-DM PUBLIC de TIEGANA',94,28),(3810,'CSR-D PUBLIC de LAGNONKAHA',94,28),(3811,'CSR-DM PUBLIC de NOGOTAHA',94,28),(3812,'CSR-DM PUBLIC d\' OUAMECHONKAHA',94,28),(3813,'CSR-DM PUBLIC de OUATTARADOUGOU (s/p Boron)',94,28),(3814,'CSR-DM PUBLIC de BORON',94,28),(3815,'CSU-DM PUBLIC de GUIEMBE',94,28),(3816,'CSU-DM PUBLIC de SOHOUO',95,28),(3817,'CSU-DM PUBLIC de NOUVEAU QUARTIER',95,28),(3818,'CSU-DM PUBLIC de DELAFOSSE',95,28),(3819,'CSR-DM PUBLIC SORO TCHEPLE DE PONVOGO',95,28),(3820,'CSR-D PUBLIC de NAMBATIOUKAHA',95,28),(3821,'CSR-DM PUBLIC de TAKPALAKAHA',95,28),(3822,'CSR-DM PUBLIC de OUAFIAKAHA',95,28),(3823,'CSR-DM PUBLIC de KOMBORODOUGOU',95,28),(3824,'CENTRE MEDICAL NOUVELLE EXPERIENCE',95,28),(3825,'CSR-D PUBLIC de NATIEMBRO',95,28),(3826,'CSR-D PUBLIC de DJEGBE',95,28),(3827,'CSU-DM PUBLIC de KOMBOLOKOURA',95,28),(3828,'CSU-DM PUBLIC de LATAHA',95,28),(3829,'CSR-DM PUBLIC de BINGUEBOUGOU',95,28),(3830,'CSR-D PUBLIC de NAKAHA',95,28),(3831,'CSR-D PUBLIC de FONONVOGO',95,28),(3832,'INF-P PUBLIC INFAS de KORHOGO',95,28),(3833,'CSR-D PUBLIC d\'OUMBOLO',95,28),(3834,'CSR-DM PUBLIC de BODONON',95,28),(3835,'CSR-DM PUBLIC de GBONZORO',95,28),(3836,'CSR-D PUBLIC de NANGAKAHA',95,28),(3837,'Infirmerie Priv├® RAHAMATOULAHI',95,28),(3838,'ONG PRIVE CENTRE SAS de KORHOGO',95,28),(3839,'ONG PRIVE EDEN LAK de KORHOGO',95,28),(3840,'ONG PRIVE IDEAL de KORHOGO',95,28),(3841,'CSR-D PUBLIC de LELOUROUKAHA',95,28),(3842,'CSR-DM PUBLIC de SIELEKAHA',95,28),(3843,'CSR-D PUBLIC de KOLEKAHA',95,28),(3844,'CSR-D PUBLIC de KPONGBOVOGO',95,28),(3845,'CSR-D PUBLIC de SEKONKAHA (dist. KORHOGO 1)',95,28),(3846,'CSU-DM PUBLIC de TCHEKELEZO',95,28),(3847,'CSR-DM PUBLIC de NAGNENEFOUN',95,28),(3848,'CSR-DM PUBLIC de NATIO-KOBADARA',95,28),(3849,'CSR-DM PUBLIC de NAHOUOKAHA',95,28),(3850,'INF-P PUBLIC Prison Civil MAC de KORHOGO',95,28),(3851,'INF-LC PUBLIC Lyc├®e Houpho├¬t Boigny de KORHOGO',95,28),(3852,'INF-LC PUBLIC Lyc├®e Moderne de KORHOGO',95,28),(3853,'INF-LC PUBLIC Lyc├®e Municipal de KORHOGO',95,28),(3854,'INF-LC PUBLIC CAFOP de KORHOGO',95,28),(3855,'CSU-DM PUBLIC de KOKO-TON',95,28),(3856,'ICT 4├¿me LEGION GEND KORHOGO',95,28),(3857,'ICT 6├¿me CIE GSPM KORHOGO',95,28),(3858,'POLYCLINIQUE LA SISANGUE',95,28),(3859,'CSU-DM PUBLIC de KARAKORO',95,28),(3860,'CMS CONFESSIONNEL de BEVOGO',95,28),(3861,'CMS CONFESSIONNEL BRIGIDA POSTESMO de KORHOGO',95,28),(3862,'CLINIQUE PRIVEE BETHANIE',95,28),(3863,'CENTRE DE SOINS PRIV├ë DU 14',95,28),(3864,'CENTRE M├ëDICAL SADIO KON├ë',95,28),(3865,'MATERNIT├ë PRIVEE SAINT ANTOINE',95,28),(3866,'MATERNIT├ë PRIV├ëE KENEYA (DIST. KORHOGO)',95,28),(3867,'CABINET D\'OPTICIEN-LUNETIER ACCORD OPTIQUE',95,28),(3868,'CABINET D\'OPTICIEN-LUNETIER ODG VISION',95,28),(3869,'CABINET D\'OPTICIEN-LUNETIER SOUL\'OPTICIEN',95,28),(3870,'CENTRE MEDICAL MIENMOH',95,28),(3871,'CENTRE DE SANTE SAINTE FAMILLE DE NAZARETH',95,28),(3872,'CENTRE DE SOINS INFIRMIERS LE GRAND NORD',95,28),(3873,'CSR-D PUBLIC de LAMEKAHA (dist. Korhogo 1)',95,28),(3874,'CSR-DM PUBLIC DE FAPAHA',95,28),(3875,'CSR-DM PUBLIC de BLAGBOKAHA',95,28),(3876,'CMS PUBLIC BIENFAISANCE DE KORHOGO',95,28),(3877,'CSR-D PUBLIC de KATIA',95,28),(3878,'CSR-DM PUBLIC de BEVOGO',95,28),(3879,'CSR-D PUBLIC de DIERISSONKAHA',95,28),(3880,'CSR-DM PUBLIC de GNALELEKAHA',95,28),(3881,'CSR-DM PUBLIC de KAPELE',95,28),(3882,'CSR-D PUBLIC de NANGOUNKAHA',95,28),(3883,'CSR-D PUBLIC de KASSOUMBARAGA',95,28),(3884,'CENTRE M├ëDICAL OUMOUMA',95,28),(3885,'CLINIQUE M├ëDICALE B├ëTHANIE',95,28),(3886,'GLOBAL VISION',95,28),(3887,'CMS Baptiste de TORGOKAHA',95,28),(3888,'CSR-D PUBLIC de PIGNON',95,28),(3889,'CSUS-DM PUBLIC AIBEF de KORHOGO',95,28),(3890,'CSR-DM PUBLIC de TAHOUARA',95,28),(3891,'CSR-D PUBLIC de KOKAHA',95,28),(3892,'CSR-DM PUBLIC de KOHOTIERI',95,28),(3893,'CMS PUBLIC Centre Social II de KORHOGO',95,28),(3894,'CNTS-A PUBLIC de KORHOGO',95,28),(3895,'CSR-DM PUBLIC de KOKO (s/p Napi├®)',95,28),(3896,'INHP-A PUBLIC de KORHOGO',95,28),(3897,'CSU-DM PUBLIC Petit paris de KORHOGO',95,28),(3898,'INFIRMERIE 4e BATAILLON',95,28),(3899,'CSR-DM PUBLIC de KLOKAKAHA',95,28),(3900,'CSR-DM PUBLIC de KAFIOKAHA 2',95,28),(3901,'CSR-DM PUBLIC de KONI',95,28),(3902,'EPHR PUBLIC de KORHOGO',95,28),(3903,'CSU-D PUBLIC de KORHOGO',95,28),(3904,'CSUS-PMI PUBLIC de KORHOGO',95,28),(3905,'CSUS-SSSU PUBLIC de KORHOGO',95,28),(3906,'CSUS-CAT PUBLIC de KORHOGO',95,28),(3907,'CSR-DM PUBLIC de WARANIENE',95,28),(3908,'CSR-D PUBLIC de LAKPOLO',95,28),(3909,'CSR-DM PUBLIC de KASSIRIME',95,28),(3910,'CSR-DM PUBLIC de NANGASSEREGUE',95,28),(3911,'CSU-DM PUBLIC de KOMBORODOUGOU',95,28),(3912,'CSR-DM PUBLIC de KIEMOU',95,28),(3913,'CSU-DM PUBLIC de NAPIE',95,28),(3914,'CSR-DM PUBLIC de SIOLOKAHA',95,28),(3915,'CSU-DM PUBLIC de TIORONIARADOUGOU',95,28),(3916,'CSR-DM PUBLIC de DASSOUNGBO',95,28),(3917,'CSR-DM PUBLIC de NAFOUN (dist. KORHOGO 2)',96,28),(3918,'CSR-DM PUBLIC de TALLERE',96,28),(3919,'CSR-DM PUBLIC de ODIA',96,28),(3920,'CSR-DM PUBLIC de SEGUETIELE',96,28),(3921,'CSR-DM PUBLIC de MARA',96,28),(3922,'CSR-DM PUBLIC de NOUFRE',96,28),(3923,'CSUS-SSSU 2 PUBLIC DE KORHOGO',96,28),(3924,'CSR-DM PUBLIC de GAMA',96,28),(3925,'CMS TANGAFLA',96,28),(3926,'CSR-DM PUBLIC de N\'GANON',96,28),(3927,'CSR-DM PUBLIC de ZANGAHA',96,28),(3928,'CSR-DM PUBLIC de M\'BALLA',96,28),(3929,'CSR-DM PUBLIC de SAPKELE',96,28),(3930,'CSR-DM PUBLIC de MAMOUGOU',96,28),(3931,'CSR-DM Public de SAMBOKAHA',96,28),(3932,'CMS ATP DE TALLERE',96,28),(3933,'CSR-D PUBLIC de TARATO',96,28),(3934,'CSR-DM PUBLIC de KIERE',96,28),(3935,'CSR-DM PUBLIC de KOMBOLOKORO',96,28),(3936,'CSU-DM PUBLIC de NIOFOIN',96,28),(3937,'CSR-DM PUBLIC de PITIENGOMON',96,28),(3938,'CSR-DM PUBLIC de DAGBA',96,28),(3939,'CSU-DM PUBLIC de KANOROBA',96,28),(3940,'CSU-DM PUBLIC de SIRASSO',96,28),(3941,'CSR-D PUBLIC DE TEHEKAHA',97,28),(3942,'CSR-D PUBLIC DE VONONLOHO',97,28),(3943,'CSR-D PUBLIC DE N\'DIENKAHA',97,28),(3944,'CSR-D PUBLIC DE KANTARA',97,28),(3945,'CSR-D PUBLIC DE  KOLIANI',97,28),(3946,'CSR-D PUBLIC DE FOUNDO',97,28),(3947,'CSU-DM PUBLIC de KATOGO',97,28),(3948,'EPHD PUBLIC de M\'BENGUE',97,28),(3949,'CSU-DM PUBLIC de KATIALI',97,28),(3950,'CSR-DM PUBLIC de SOLOGNOUGO',97,28),(3951,'CSR-DM PUBLIC de POUNGBE',97,28),(3952,'CSR-DM PUBLIC de BOUGOU (dist. M\'BENGUE)',97,28),(3953,'CSUS-SSSU PUBLIC de M\'BENGUE',97,28),(3954,'CSR-DM PUBLIC de MIBRIGUE',97,28),(3955,'CSR-DM PUBLIC de NAFOUN (dist. M\'BENGUE)',97,28),(3956,'CSR-DM PUBLIC de SEKONKAHA',97,28),(3957,'CSR-DM PUBLIC de MASSEGUERE',97,28),(3958,'CSR-D PUBLIC de KATIONRON',97,28),(3959,'CSR-DM PUBLIC de LOULO',97,28),(3960,'CSR-DM PUBLIC de KALOA',97,28),(3961,'CSR-D PUBLIC de SANHARA',97,28),(3962,'CSR-D PUBLIC de SOLEYAHA',97,28),(3963,'CSR-D PUBLIC de TIEBILA',97,28),(3964,'CSR-DM PUBLIC de SANDREGUE',97,28),(3965,'CSR-DM PUBLIC de N\'GADANA',97,28),(3966,'CSR-DM PUBLIC de NAMBIRA',97,28),(3967,'CSR-D PUBLIC de KOMON',97,28),(3968,'CSR-DM PUBLIC de TONGON',97,28),(3969,'CSR-DM PUBLIC de TIOROTIERI',97,28),(3970,'EPHD PUBLIC de SINEMATIALI',98,28),(3971,'CSR-DM PUBLIC de BAHOUAKAHA',98,28),(3972,'CSR-DM PUBLIC de BALEKAHA',98,28),(3973,'ONG PRIVE SOUNYEGNON de KORHOGO',98,28),(3974,'CSR-D PUBLIC MITEGUEKAHA',98,28),(3975,'CSU-DM PUBLIC de POLOUROUKAHA',98,28),(3976,'CSR-DM PUBLIC de DOHIRIGUEKAHA',98,28),(3977,'CSR-DM PUBLIC de NOGOFIGUEKAHA',98,28),(3978,'CSR-DM PUBLIC de NAKOUROUBELEKAHA',98,28),(3979,'CSR-DM PUBLIC de FODIOLOKAHA',98,28),(3980,'CSR-DM PUBLIC de OUOLLO',98,28),(3981,'CSR-DM PUBLIC de LOKAHA 2',98,28),(3982,'CMS CONFESSIONNEL DE NUTRITION ET DE SOINS (CSCNS) DE SINEMATIALI',98,28),(3983,'CENTRE MEDICO SOCIAL BAPTISTE (CMSB) de OUOLLO',98,28),(3984,'CSUS-SSSU PUBLIC DE SINEMATIALI',98,28),(3985,'CSR-DM PUBLIC de DABOUNGO',98,28),(3986,'CSR-DM PUBLIC de PEGNANKAHA',98,28),(3987,'CSR-DM PUBLIC de PAYSANKAHA',98,28),(3988,'CSR-DM PUBLIC de NONGOTI├ëN├ëKAHA',98,28),(3989,'CENTRE DE SOINS ET DE NUTRITION EMMANUEL MARIE CORRENSON',98,28),(3990,'CSR-DM PUBLIC de TIONGOFOLOKAHA',98,28),(3991,'CSR-DM PUBLIC de PEGUEKAHA',98,28),(3992,'CSU-DM PUBLIC de KAGBOLODOUGOU',98,28),(3993,'CSR-DM PUBLIC de ADJAMENE',99,29),(3994,'CSR-DM PUBLIC de BLAHOU',99,29),(3995,'CSR-D NEMLIN MARIE PASCALE de BLEDIE',99,29),(3996,'CSR BOUA-GLERE',99,29),(3997,'Centre R├®gional de la Mutualit├® et des ┼Æuvres Sociales en milieu Scolaire (CR├®MOSS)',99,29),(3998,'CSR-DM PUBLIC de GLIGBEUADJI',99,29),(3999,'CSU-DM PUBLIC de GRAND-BEREBY',99,29),(4000,'CSR-DM PUBLIC de MENE-CENTRE',99,29),(4001,'EPHD PUBLIC de SAN PEDRO (Ex CHR)',99,29),(4002,'CSU-D PUBLIC de SAN PEDRO',99,29),(4003,'CSUS-PMI PUBLIC de SAN-PEDRO',99,29),(4004,'CSUS-SSSU-SAJ PUBLIC de SAN-PEDRO',99,29),(4005,'CSUS-CAT PUBLIC de SAN-PEDRO',99,29),(4006,'CSR-DM PUBLIC de GNITY',99,29),(4007,'Maternit├® PRIVEE Notre Dame de la Consolation de SAN-PEDRO',99,29),(4008,'CSR-DM PUBLIC de OUEOULO',99,29),(4009,'CSR-DM PUBLIC de HEKE VILLAGE',99,29),(4010,'CSU-DM PUBLIC de DAFCI',99,29),(4011,'CSR-DM PUBLIC de NERO BROUSSE',99,29),(4012,'CSR-DM PUBLIC de ROC',99,29),(4013,'INF-PV PRIVE Esperance de SAN PEDRO',99,29),(4014,'INF-PV PRIVE Clinique Pasteur de SAN PEDRO',99,29),(4015,'CMS PRIVE Sempa de SAN PEDRO',99,29),(4016,'INF-PV PRIVE Djiguiya de SAN PEDRO',99,29),(4017,'CMS PRIVE SCASO ( ex HEVEGO)',99,29),(4018,'CSR-DM PUBLIC de WATTE',99,29),(4019,'CSR-DM PUBLIC de GOH',99,29),(4020,'CENTRE POUR LES SOINS CONTRE ULCERE DE BURILI',99,29),(4021,'CM PRIVE PORT AUTONOME de SAN PEDRO',99,29),(4022,'CMS PRIVE SAPH de SAN-PEDRO',99,29),(4023,'CSU-I COOPAGA DE GABIADJI',99,29),(4024,'CSR-D PUBLIC d\' ABOKRO (dist. SAN-PEDRO)',99,29),(4025,'CSR-DM PUBLIC de NABOVILLE',99,29),(4026,'CSR-DM PUBLIC de NONOUA',99,29),(4027,'CLINIQUE Notre Dame de la Cit├®',99,29),(4028,'CLINIQUE Bethesda',99,29),(4029,'CSU-DM PUBLIC de DOGBO',99,29),(4030,'CSR-DM PUBLIC de KAKO',99,29),(4031,'CSA 5e LEGION GENDARMERIE SAN PEDRO',99,29),(4032,'CSR-DM PUBLIC de FAHE (s/p GABIADJI)',99,29),(4033,'CSU-DM PUBLIC de DOBA',99,29),(4034,'CSU-I PUBLIC de MOUSSADOUGOU',99,29),(4035,'CSR-DM PUBLIC de KLOTOU',99,29),(4036,'CENTRE MEDICO-SOCIAL SAINT LANTA (DIST. SAN PEDRO)',99,29),(4037,'CENTRE DE SOINS INFIRMIERS LOUISE PONTUS',99,29),(4038,'CSR-DM  PUBLIC de DJIHIMBO',99,29),(4039,'CSR-D PUBLIC de GROBONOUDAN',99,29),(4040,'CSR-D PUBLIC de KPOTE',99,29),(4041,'CSR-D PUBLIC de RAYMONDKRO',99,29),(4042,'MATERNITE LA SAGESSE DE BELLE-VILLE',99,29),(4043,'EPHR PUBLIC de SAN-PEDRO (Nouveau)',99,29),(4044,'ESPACE VERITABLE SANTE (EVS)',99,29),(4045,'CSR-DM PUBLIC de DAGADJI',99,29),(4046,'CSR-DM PUBLIC de DJAPADJI',99,29),(4047,'CSR-D PUBLIC d\' IRATEKE',99,29),(4048,'CSU-I PUBLIC de TOUIH',99,29),(4049,'CLINIQUE M├ëDICALE BEGNANKO',99,29),(4050,'CSU-COM HENRIETTE KONAN BEDIE de SAN PEDRO',99,29),(4051,'CSR-D PUBLIC de KREMOUE',99,29),(4052,'CSR-D PUBLIC de MARIE CHANTIER',99,29),(4053,'CENTRE MEDICAL LA RENAISSANCE DE SAN PEDRO',99,29),(4054,'CMS PUBLIC SOGB de GRAND-BEREBY',99,29),(4055,'CM PRIVE Clinique les Rochers de SAN PEDRO',99,29),(4056,'CM PRIVE Clinique Emmanuel de SAN PEDRO',99,29),(4057,'FSMD PUBLIC ZIMBABWE de SAN-PEDRO',99,29),(4058,'CSU-COM Dominique OUATTARA de TERRE ROUGE de SAN-PEDRO',99,29),(4059,'CSR-DM PUBLIC de GAGNI',99,29),(4060,'CM PRIVE Matrenit├® HKB de SAN PEDRO',99,29),(4061,'CABINET DENTAIRE de la CITE de SAN PEDRO',99,29),(4062,'CSUS-CDV PRIVE AIBEF de SAN PEDRO',99,29),(4063,'CSUS-CDV PRIVE Centre Esp├®rance APROSAM de SAN PEDRO',99,29),(4064,'CSR-DM PUBLIC de BRAHIMAKRO',99,29),(4065,'CSU-DM PUBLIC de GABIADJI',99,29),(4066,'INHP-A PUBLIC de SAN-PEDRO',99,29),(4067,'CENTRE MEDICAL Priv├® Begnanko',99,29),(4068,'CLINIQUE Centrale de SAN PEDRO',99,29),(4069,'CSR-DM PUBLIC de MENEKE',100,29),(4070,'CSU-DM PUBLIC de PARA',100,29),(4071,'CSU-DM PUBLIC de GRABO (quartier r├®sidentiel)',100,29),(4072,'CSU-DM PUBLIC de DJOUROUTOU',100,29),(4073,'CSR-DM PUBLIC de DJAMADIOKE',100,29),(4074,'CSR-D PUBLIC de HYRRE',100,29),(4075,'CSU-DM PUBLIC de OLODIO',100,29),(4076,'EPHD PUBLIC de TABOU',100,29),(4077,'CSR-D PUBLIC de MAHINO',100,29),(4078,'CMS PRIVE de NEKA',100,29),(4079,'CMS PRIVE de GBAPET',100,29),(4080,'CMS PRIVE de BLIDOUBA',100,29),(4081,'CMS PRIVE de IBOKE',100,29),(4082,'CMS PUBLIC de GLIKE',100,29),(4083,'CSR-D PUBLIC de KARIE',100,29),(4084,'CM PRIVE le bon Samaritain de TABOU',100,29),(4085,'CSR-DM PUBLIC de SEKREKE',100,29),(4086,'CSU-D PUBLIC de TABOU',100,29),(4087,'CLINIQUE LES OLIVIERS (DIST. TABOU)',100,29),(4088,'CSR-D PUBLIC de NIPLOU',100,29),(4089,'CSR-D PUBLIC de GNENAHOULEKE',100,29),(4090,'CSR-D PUBLIC de BLIDOUBA VILLAGE',100,29),(4091,'CSR-D PUBLIC de HANNIE',100,29),(4092,'CSR-D PUBLIC de BEOUE (dist. TABOU)',100,29),(4093,'CSR-D PUBLIC de BEREBLO',100,29),(4094,'CSR-D PUBLIC de NIGRE',100,29),(4095,'CSR-DM PUBLIC de GNATO',100,29),(4096,'CSR-D PUBLIC de NEKA VILLAGE',100,29),(4097,'CSR-D PUBLIC de YOUKOU',100,29),(4098,'CSR-D PUBLIC de SOUBLAKE',100,29),(4099,'INF-P PUBLIC Prison Civil de TABOU',100,29),(4100,'CSR-D PUBLIC de PODOUE',100,29),(4101,'CSR-D PUBLIC de SOUKE',100,29),(4102,'CSR-D PUBLIC de GOZON (dist. TABOU)',100,29),(4103,'CSUS-SSSU PUBLIC de TABOU',100,29),(4104,'CM PRIVE Clinique Wamin de TABOU',100,29),(4105,'INF-PV PRIVE Concorde de TABOU',100,29),(4106,'CSU-DM PUBLIC de TABOU',100,29),(4107,'CSU-DM PUBLIC de GRABO ( quartier Eaux et For├¬t)',100,29),(4108,'EPHR PUBLIC de ABOISSO',101,30),(4109,'CSU-DM PUBLIC de YAOU (s/p Ayam├®)',101,30),(4110,'CSU-DM PUBLIC de KOUAKRO (dist. ABOISSO)',101,30),(4111,'CSR-D PUBLIC de BAKRO',101,30),(4112,'CSR-D PUBLIC de BAFFIA',101,30),(4113,'CSR-D PUBLIC de AYEBO',101,30),(4114,'CSR-D PUBLIC de KOHOUROU',101,30),(4115,'CSR-DM PUBLIC de TOLIESSO',101,30),(4116,'CSR-DM PUBLIC de APPOUASSO',101,30),(4117,'CSR-DM PUBLIC de AHIGBE KOFFIKRO',101,30),(4118,'CSUS-CDV PRIVE Communautaire de MAFERE',101,30),(4119,'CSR-D PUBLIC de N\'ZIKRO',101,30),(4120,'CSR-DM PUBLIC de EBIKRO N\'DAKRO',101,30),(4121,'CSR-D PUBLIC de M\'POSSA',101,30),(4122,'CSR-D PUBLIC de NIAMIENLESSA',101,30),(4123,'CSR-D PUBLIC de ABOULIE',101,30),(4124,'INF-P PUBLIC INFAS de ABOISSO',101,30),(4125,'CSR-D PUBLIC de KOTOKA',101,30),(4126,'CMS PRIVE de TOUMANGUIE',101,30),(4127,'CMS PRIVE de EHANIA',101,30),(4128,'CSUS-CAT PUBLIC de ABOISSO',101,30),(4129,'CSR-DM PUBLIC de ASSOUBA',101,30),(4130,'CM ONG LASA',101,30),(4131,'CM ONG LASEV',101,30),(4132,'CSR-DM PUBLIC de SANHOUNKRO',101,30),(4133,'CSR-DM PUBLIC de TOUMANGUIE VILLAGE',101,30),(4134,'INF-P PUBLIC Prison Civil MAC d\'ABOISSO',101,30),(4135,'CSU-DM PUBLIC de ADAOU',101,30),(4136,'CSU-D PUBLIC d\' ABOISSO',101,30),(4137,'CSR-D PUBLIC de BILEKRO-KALASSO',101,30),(4138,'CSR-D PUBLIC de AKRESSI',101,30),(4139,'ICT ESC GEND ABOISSO',101,30),(4140,'CMS DM PRIVE MIGRONS de ABOISSO',101,30),(4141,'CSR-DM PUBLIC de MOUYASSUE',101,30),(4142,'CSUS-PMI PUBLIC de ABOISSO',101,30),(4143,'CSUS-SSSU PUBLIC de ABOISSO',101,30),(4144,'CSR-DM PUBLIC de KRINDJABO',101,30),(4145,'EPHD PUBLIC de AYAME',101,30),(4146,'CSR-DM PUBLIC de AYENOUAN',101,30),(4147,'CSU-DM PUBLIC de BIANOUAN',101,30),(4148,'CSR-DM PUBLIC de KETESSO',101,30),(4149,'CSR-DM PUBLIC de ABY',101,30),(4150,'CSU-D PUBLIC de ADJOUAN',101,30),(4151,'CSR-DM PUBLIC de AFFIENOU',101,30),(4152,'CSR-D PUBLIC de DIBY',101,30),(4153,'CSR-DM PUBLIC de EBOUE',101,30),(4154,'CSR-DM PUBLIC de KOFFIKRO AFFEMA',101,30),(4155,'CSU-DM PUBLIC RIVE GAUCHE d\' ABOISSO',101,30),(4156,'EPHD PUBLIC de MAFERE',101,30),(4157,'CENTRE MEDICAL SOURCE DE VIE d\'ABOISSO',101,30),(4158,'CENTRE de SOINS INFIRMIERS CANAAN SANTE',101,30),(4159,'CENTRE M├ëDICAL SOURCE de VIE',101,30),(4160,'CSU-DM PUBLIC de SOKOURA',101,30),(4161,'CSR-DM PUBLIC de AKAKRO (dist. ABOISSO)',101,30),(4162,'CSR-DM PUBLIC de SANHOUMAN',101,30),(4163,'CSU-DM PUBLIC de TP ABOISSO',101,30),(4164,'CSR-D PUBLIC de PISTE 4 CHANTIERS',101,30),(4165,'CSR-DM PUBLIC de BENIAKRE',101,30),(4166,'CSR-DM PUBLIC de DADIESSO',101,30),(4167,'CSR-DM PUBLIC de DIATOKRO',101,30),(4168,'CSR-D PUBLIC de AMOAKRO',101,30),(4169,'CSR-DM PUBLIC de AMANIKRO',101,30),(4170,'CSR-D PUBLIC de SOUBRE',101,30),(4171,'CSR-DM PUBLIC de SONGAN',101,30),(4172,'CSR-DM PUBLIC de KAKOUKRO LIMITE',101,30),(4173,'CSR-DM PUBLIC de KOUKOURANDOUMI',101,30),(4174,'CSR-DM PUBLIC de DJEMISSIKRO',101,30),(4175,'CSR-DM PUBLIC de BABADOUGOU',101,30),(4176,'CSR-DM PUBLIC de ESSANKRO',102,30),(4177,'CSR-DM PUBLIC de MOHOUA',102,30),(4178,'CSU-D PUBLIC des GENS de MER (MARINE) de ADIAKE',102,30),(4179,'INF-LC PUBLIC Lyc├®e Moderne de ADIAKE',102,30),(4180,'CSR-D PUBLIC de DJIMINIKOFFIKRO',102,30),(4181,'CSR-DM PUBLIC de MELEKOUKRO',102,30),(4182,'CSR-DM PUBLIC de KAKOUKRO LAGUNE',102,30),(4183,'CSR-D PUBLIC DE BONDOUKOU (dist. ADIAKE)',102,30),(4184,'CSR-DM PUBLIC D\' EPL├ëMAN',102,30),(4185,'CMS PRESBYTERIEN (CMSPA) D\' ADIAKE',102,30),(4186,'CSR-D PUBLIC DE MABIAN├ëHA',102,30),(4187,'EPHD PUBLIC de ADIAKE',102,30),(4188,'CSR-DM PUBLIC de AKOUNOUGBE',102,30),(4189,'CSR-DM PUBLIC de ASSINIE FRANCE',102,30),(4190,'CSU-DM PUBLIC d\'ASSINIE MAFIA',102,30),(4191,'CSR-DM PUBLIC de ASSOMLAN',102,30),(4192,'CSU-DM PUBLIC de ETUEBOUE',102,30),(4193,'CSUS-SSSU PUBLIC DE ADIAKE',102,30),(4194,'CSR-DM PUBLIC d\' ABOUCARREFOUR',102,30),(4195,'CENTRE de SOINS INFIRMIERS du COMPLEXE',102,30),(4196,'MATERNITE PRIVEE LA GRACE DIVINE',102,30),(4197,'CENTRE DE SOINS INFIRMIERS SAINT JOSEPH',102,30),(4198,'CSR-DM PUBLIC de KACOUKRO',102,30),(4199,'CSR-DM PUBLIC de ASSOUINDE',102,30),(4200,'CSR-DM PUBLIC de ETUESSIEKA',102,30),(4201,'CSU-DM PRIVE-ONG ESPACE CONFIANCE de ADIAKE',102,30),(4202,'CSR-DM PUBLIC de ABIATY',102,30),(4203,'CSR-DM PUBLIC de MONDOUKOU',103,30),(4204,'CSR-D PUBLIC de ADIAHO',103,30),(4205,'CMS PRIVE-ONG Centre Espoir de GRAND-BASSAM',103,30),(4206,'CSR-D PUBLIC de AKROABA-ALOUDJEKOA',103,30),(4207,'CSR-D PUBLIC de VITRE I',103,30),(4208,'CSR-D PUBLIC de VITRE II',103,30),(4209,'CSUS-SSSU PUBLIC de GRAND-BASSAM',103,30),(4210,'CSR-D PUBLIC de WEHOU',103,30),(4211,'CSU-DM PUBLIC DE YAOU (S/P BONOUA)',103,30),(4212,'EPHD PUBLIC de BONOUA',103,30),(4213,'CSR-DM PUBLIC de ONO SALCI',103,30),(4214,'CENTRE SAINT DOMINIQUE DE BONOUA',103,30),(4215,'CSUS-SSSU PUBLIC de BONOUA',103,30),(4216,'INF PUBLIC MAC de GRAND BASSAM',103,30),(4217,'CSU-DM PUBLIC DE SAMO (S/P BONOUA)',103,30),(4218,'CSR-D PUBLIC de EBRAH',103,30),(4219,'EPHD PUBLIC de GRAND-BASSAM',103,30),(4220,'CSUS-PMI PUBLIC de GRAND-BASSAM',103,30),(4221,'CSU-DM PUBLIC de MOOSSOU',103,30),(4222,'CSR-D PUBLIC Centre Zone de GRAND-BASSAM',103,30),(4223,'CSR-D PUBLIC DE MOHAME',103,30),(4224,'CMS PRIVE de BONGO SAPH',103,30),(4225,'CSU-DM PUBLIC de BONGO VILLAGE',103,30),(4226,'SERVICE MEDICO-SOCIAL DE I2T',103,30),(4227,'CABINET D\'OPTICIEN-LUNETIER ROCHE VISION',103,30),(4228,'CSU-DM PUBLIC CAFOP 2 de GRAND-BASSAM',103,30),(4229,'CENTRE de SOINS INFIRMIERS LA MISERICORDE',103,30),(4230,'CENTRE de SOINS INFIRMIERS SHEKINA',103,30),(4231,'CENTRE M├ëDICAL HOPE GRAND-BASSAM',103,30),(4232,'CLINIQUE M├ëDICALE de L\'OC├ëAN',103,30),(4233,'CLINIQUE M├ëDICALE ┬áL\'OASIS DU SINA├Å',103,30),(4234,'MATERNITE SAINTE MEDINE',103,30),(4235,'CLINIQUE DE L\'OCEAN',103,30),(4236,'CABINET MEDICAL DE BONOUA',103,30),(4237,'CENTRE MEDICAL HL. PAUL',103,30),(4238,'CENTRE DE SOINS INFIRMIERS LA MISERICORDE',103,30),(4239,'UNIVERS OPTIC',103,30),(4240,'CSU-D PUBLIC de GRAND-BASSAM',103,30),(4241,'HG CONFESSIONNNEL DON Orione de BONOUA',103,30),(4242,'CM PRIVE ABICOM de GRAND-BASSAM',103,30),(4243,'CSR-DM PUBLIC de LARABIA',103,30),(4244,'INF PRIVE CRFLD de GRAND-BASSAM',103,30),(4245,'CSR-DM PUBLIC KONGODJAN',104,30),(4246,'CSR-DM PUBLIC NOUGOUA',104,30),(4247,'CSR-DM PUBLIC de ELEHOBABO',104,30),(4248,'CSR-D PUBLIC de EBOINDA',104,30),(4249,'CSR-D PUBLIC de MALAMALAKRO',104,30),(4250,'CSR-DM PUBLIC de EDJAMBO',104,30),(4251,'CSR-DM PUBLIC d\' ALLAKRO (dist. TIAPOUM)',104,30),(4252,'CSR-D PUBLIC de FRAMBO',104,30),(4253,'CSU-DM PUBLIC de NOE',104,30),(4254,'CSU-DM PUBLIC de NOUAMOU',104,30),(4255,'CSR-DM PUBLIC de N\'GUIEME',104,30),(4256,'CSR-DM PUBLIC de SAYKRO',104,30),(4257,'EPHD PUBLIC de TIAPOUM',104,30),(4258,'CSR-DM PUBLIC de EBOKO',104,30),(4259,'CSR-DM PUBLIC de NANIEVOGO',105,31),(4260,'CSU-DM PUBLIC DOUANE',105,31),(4261,'CSR-DM PUBLIC de MOMIRASSO',105,31),(4262,'CSU-DM PUBLIC de FANGANKAHA',105,31),(4263,'CSR-DM PUBLIC de NAMBONKAHA',105,31),(4264,'CSR-DM PUBLIC de TIEKPE',105,31),(4265,'CSR-DM PUBLIC LAMEKAHA 2 (dist. Ferk├®)',105,31),(4266,'INHP-A PUBLIC de FERKESSEDOUGOU',105,31),(4267,'CSUS-CAT PUBLIC de FERKESSEDOUGOU',105,31),(4268,'CSR-DM PUBLIC de KALAKALA',105,31),(4269,'CSR-D PUBLIC de YEDIANDEKAHA',105,31),(4270,'CENTRE MEDICAL ACID',105,31),(4271,'CSU-DM PUBLIC DOMINIQUE OUATTARA DE FERKESSEDOUGOU',105,31),(4272,'CSR-DM PUBLIC de SEFOGNEKAHA',105,31),(4273,'CSR-DM PUBLIC de KOUTIENEDOUGOU',105,31),(4274,'CMS PRIVE Sucaf 1 de FERKESSEDOUGOU',105,31),(4275,'CSR-DM PUBLIC DE SAMBAKAHA',105,31),(4276,'CSR-DM PUBLIC DE SEPENEDIOKAHA',105,31),(4277,'CSR-DM PUBLIC DE DETIKAHA',105,31),(4278,'CSR-DM PUBLIC DE SOKORO',105,31),(4279,'CSR-D PUBLIC DE SENDJEMEN├ë',105,31),(4280,'CSR-DM PUBLIC de DIELEBELE',105,31),(4281,'CSU-D CONFESSIONNEL EMMANUEL D\'ALZON de FERKE',105,31),(4282,'INF-P PUBLIC DU CENTRE D\'ACCEUIL POUR ENFANTS EN DETRESSE de FERKE',105,31),(4283,'CSR-D PUBLIC de KOUSSOROKAHA',105,31),(4284,'CSR-DM PUBLIC de VILLAGE A',105,31),(4285,'CSU-DM PUBLIC de LANVIARA',105,31),(4286,'CSR-DM PUBLIC de DEKOKAHA',105,31),(4287,'CENTRE DE SOINS INFIRMIERS RAHIMA',105,31),(4288,'CSU-D PRIVE Sitarail de FERKESSEDOUGOU',105,31),(4289,'INF-PV PRIVE R├®sidentiel de FERKESSEDOUGOU',105,31),(4290,'CSR-DM PUBLIC de LAFOKPOKAHA',105,31),(4291,'CSR-D CONFESSIONNEL EMMANUEL D\'ALZON de TOGONIERE',105,31),(4292,'CSUS-SSSU PUBLIC de FERKESSEDOUGOU',105,31),(4293,'EPHD PUBLIC de FERKESSEDOUGOU',105,31),(4294,'CSU-D CONFESSIONNEL NDA de FERKESSEDOUGOU',105,31),(4295,'CSUS-PMI PUBLIC de FERKESSEDOUGOU',105,31),(4296,'HG CONFESSIONNEL BAPTISTE de FERKESSEDOUGOU',105,31),(4297,'CSU-DM PUBLIC de KOUMBALA',105,31),(4298,'CSR-DM PUBLIC de TOGONIERE',105,31),(4299,'CSU-D CONFESSIONNEL Charles Lwanga de FERKESSEDOUGOU',105,31),(4300,'CSR-DM PUBLIC de DJEDANA',106,31),(4301,'CSR-DM PUBLIC de BASSELE',106,31),(4302,'EPHD PUBLIC de KONG',106,31),(4303,'CSR-DM PUBLIC de NAFANA (s/p Kong)',106,31),(4304,'CSR-DM PUBLIC de KOLON',106,31),(4305,'CSR-D PUBLIC de SERIKOROLA',106,31),(4306,'CSR-DM PUBLIC de BOUGOU (dist. KONG)',106,31),(4307,'CSR-DM PUBLIC de LINGUEKORO (s/p KONG)',106,31),(4308,'CSR-DM PUBLIC NASSIAN de KONG (SIKOLO)',106,31),(4309,'CSR-DM PUBLIC de KOROWITA',106,31),(4310,'CSR-DM PUBLIC de FASSELEMON',106,31),(4311,'CSR-DM PUBLIC de TINDALLA',106,31),(4312,'CSR-D PUBLIC de DJAGBANASSO',106,31),(4313,'CSR-D PUBLIC de KAFOLO-BAC',106,31),(4314,'CSR-D PUBLIC de MANOGOTA',106,31),(4315,'CSR-DM PUBLIC de BILIMONO',106,31),(4316,'CSR-DM PUBLIC de SIKOLO',106,31),(4317,'CSR-DM PUBLIC de ZANAPLEDOUGOU',107,31),(4318,'CSR-DM PUBLIC de ZIEPEKAHA',107,31),(4319,'CSR-DM PUBLIC de SORDI',107,31),(4320,'CSR-DM PUBLIC de KAPEKAHA',107,31),(4321,'CSR-DM PUBLIC de NIANGBARASSO',107,31),(4322,'CSR-DM PUBLIC de KASSEREGUE',107,31),(4323,'CSR-DM PUBLIC de KAMIGUIKAHA',107,31),(4324,'CSU-DM PUBLIC AVIATION de OUANGOLODOUGOU',107,31),(4325,'CLINIQUE LIMANIA de OUANGOLODOUGOU',107,31),(4326,'CSU-DM PUBLIC de OUANGOLODOUGOU',107,31),(4327,'CSU-DM PUBLIC de NAMBIMGUE',107,31),(4328,'CSU-DM PUBLIC de KAOUARA',107,31),(4329,'CSR-DM PUBLIC de KORONANI',107,31),(4330,'CSR-DM PUBLIC de NALOGO',107,31),(4331,'CSUS-PMI PUBLIC de OUANGOLODOUGOU',107,31),(4332,'CSR-DM PUBLIC de KOROKARA',107,31),(4333,'CSR-DM PUBLIC de KATONON',107,31),(4334,'CSUS-SSSU PUBLIC de OUANGOLO',107,31),(4335,'CSR-DM PUBLIC de LALERABA',107,31),(4336,'CSR-DM PUBLIC de KADARVOGO',107,31),(4337,'CSR-DM PUBLIC de GBINZO 2',107,31),(4338,'CSR-DM PUBLIC de SOMABADA',107,31),(4339,'CSR-DM PUBLIC de KASSIONGOKORO',107,31),(4340,'CSR-DM PUBLIC de TORLA',107,31),(4341,'CSR-DM PUBLIC de POGO',107,31),(4342,'CSR-DM PUBLIC de OUARGA',107,31),(4343,'CSR-DM PUBLIC de BEGNOUNOVOGO',107,31),(4344,'CSR-DM PUBLIC de DJELISSO',107,31),(4345,'CSR-DM PUBLIC de DIARRATCHEDOUGOU',107,31),(4346,'CSU-DM CONFESSIONNEL Cesaco Piansola de OUANGOLODOUGOU',107,31),(4347,'CSR-DM PUBLIC de KOFIPLE',107,31),(4348,'CSU-DM PUBLIC de DIAWALLA',107,31),(4349,'CSU-DM PUBLIC de NIELLE',107,31),(4350,'CSR-DM PUBLIC de OUAMELHORO',107,31),(4351,'CSU-DM PUBLIC de TOUMOUKORO',107,31),(4352,'EPHD PUBLIC de OUANGOLODOUGOU',107,31),(4353,'CSR-DM PUBLIC de NAFOUNGOLO',107,31),(4354,'CSR-DM PUBLIC ZOUZOUSSO',108,32),(4355,'CSR-D PUBLIC SOBA',108,32),(4356,'CSR-D PUBLIC de GBOHIOUE',108,32),(4357,'CSR-D PUBLIC de NANE',108,32),(4358,'CSR-D PUBLIC ZOROLE',108,32),(4359,'EPHD PUBLIC de SIPILOU',108,32),(4360,'CSR-DM PUBLIC de KABACOUMA',108,32),(4361,'CSR-D PUBLIC de KOKIALO',108,32),(4362,'CSUS-SSSU PUBLIC de BIANKOUMA',108,32),(4363,'CSR-DM PUBLIC DE DIOH',108,32),(4364,'CSR-DM PUBLIC de MANGOUIN-YRONGOUIN',108,32),(4365,'CSR-D PUBLIC de GBABLASSO',108,32),(4366,'CSU-DM PUBLIC de BLAPLEU (dist. BIANKOUMA)',108,32),(4367,'CSR-D PUBLIC de GLANGOUALE',108,32),(4368,'CSU-PRIVE BON SAMARITAIN',108,32),(4369,'CSU-DM PUBLIC de GOUINE',108,32),(4370,'CSR-DM PUBLIC de KLAPLEU',108,32),(4371,'CSU-DM PUBLIC de GBANGBEGOUINE',108,32),(4372,'CSR-DM PUBLIC de BLAGOUIN',108,32),(4373,'CSR-DM PUBLIC de KOULALE',108,32),(4374,'CSR-D PUBLIC de YALLOBA',108,32),(4375,'CSR-DM PUBLIC de BOUNTA',108,32),(4376,'CSR-D PUBLIC de BOUAPLEU',108,32),(4377,'CSR-D PUBLIC de YEPLEU',108,32),(4378,'CSR-DM PUBLIC de DINGOUIN',108,32),(4379,'CSR-DM PUBLIC de SOKOURALA',108,32),(4380,'CSR-DM PUBLIC de BLEGOUIN',108,32),(4381,'CSR-D PUBLIC de LEMA-GOGOUIN',108,32),(4382,'CSUS-PMI PUBLIC de BIANKOUMA',108,32),(4383,'CSR-D PUBLIC de BLITA',108,32),(4384,'EPHD PUBLIC de BIANKOUMA',108,32),(4385,'CSR-DM PUBLIC de GOUESSESSO',108,32),(4386,'CSU-DM PUBLIC de KPATA',108,32),(4387,'CSU-DM PUBLIC de SANTA (s/p Santa)',108,32),(4388,'CSU-DM PUBLIC de GBONNE',108,32),(4389,'CSU-DM PUBLIC de YORODOUGOU',108,32),(4390,'CSR-DM PUBLIC de GUELEMOU',108,32),(4391,'CSR-D PUBLIC de GOUANE',108,32),(4392,'CSR-D PUBLIC de GAOTE',108,32),(4393,'CSR-DM PUBLIC de GAN 1',108,32),(4394,'CSR-DM PUBLIC de WALI-KOLIKORO',108,32),(4395,'CSR-DM PUBLIC de GOURANE',108,32),(4396,'CSR-D PUBLIC de OURENE 2',108,32),(4397,'CSR-DM PUBLIC de GLANLE',108,32),(4398,'CSR-DM PUBLIC de KANDOPLEU',108,32),(4399,'CSR-DM PUBLIC de GBOMBELO',108,32),(4400,'CSR-DM PUBLIC de GOPOUPLEU',109,32),(4401,'CSU-DM PUBLIC de DALEU',109,32),(4402,'CSR-DM PUBLIC de BANTEAPLEU',109,32),(4403,'CSR-DM PUBLIC de GUIAN-HOUYE',109,32),(4404,'CSR-D PUBLIC de BEINLEU',109,32),(4405,'CDT-DS de DANANE',109,32),(4406,'CSR-DM PUBLIC de GANLEU (ZAGOUINE)',109,32),(4407,'INF-P PUBLIC Prison Civil de DANANE',109,32),(4408,'CSR-D PUBLIC de SOHOUPLEU',109,32),(4409,'CSR-D PUBLIC de ZONNEU',109,32),(4410,'CSR-DM PUBLIC de SEILEU',109,32),(4411,'ICT ESC GEND DANANE',109,32),(4412,'CSR-D PUBLIC de YOLEU',109,32),(4413,'CSU-DM PUBLIC de GBON-HOUYE',109,32),(4414,'CSR-D PUBLIC de DANIPLEU',109,32),(4415,'CSR-D PUBLIC de GBALE',109,32),(4416,'CSU-DM PUBLIC DONGOUINE',109,32),(4417,'CSR-D PUBLIC DE BLAPLEU (dist. DANANE)',109,32),(4418,'CSR-D PUBLIC de KPOLEU',109,32),(4419,'CSR-D PUBLIC DE FEAPLEU',109,32),(4420,'CSR-D PUBLIC de GUIN HOUYE',109,32),(4421,'CSR-D PUBLIC de DIEMPLEU',109,32),(4422,'CSR-D PUBLIC de KANTA-YOLEU',109,32),(4423,'CSU-D PUBLIC  de MASSEUPLEU',109,32),(4424,'CSR-D PUBLIC de GOUALEU',109,32),(4425,'INF - PV CENTRE de SANTE OUIN DEMELOU de DANANE(CSPOD)',109,32),(4426,'CENTRE MEDICO-SOCIAL SATY-GBALOU',109,32),(4427,'CSR-D PUBLIC de BOUAN-HOUYE',109,32),(4428,'CSU-DM PUBLIC  de DIOULABOUGOU',109,32),(4429,'CSR-D PUBLIC de SINGOUINE',109,32),(4430,'CSR-D PUBLIC OUA de DOUELEU',109,32),(4431,'CSR-D PUBLIC de GBEUNTA',109,32),(4432,'CSR-D PUBLIC de FIEMPLEU',109,32),(4433,'EPHD PUBLIC de DANANE',109,32),(4434,'CSUS-SSSU PUBLIC de DANANE',109,32),(4435,'CSR-DM PUBLIC de GLAN-HOUYE',109,32),(4436,'CSU-DM PUBLIC de KOUAN-HOULE',109,32),(4437,'CSU-DM PUBLIC de MAHAPLEU',109,32),(4438,'CSR-DM PUBLIC de ZOUPLEU',109,32),(4439,'INF-PV THANRY de DANANE',109,32),(4440,'CSR-DM PUBLIC de GBETA',109,32),(4441,'CSR-DM PUBLIC de DRONGOUINE',109,32),(4442,'CSR-D PUBLIC de GOUTRO',109,32),(4443,'CSR-D PUBLIC de FLAMPLEU/MONLEU',109,32),(4444,'CSR-D PUBLIC de DRANGOUINE',110,32),(4445,'CSR-D PUBLIC de BIAKALE',110,32),(4446,'CSU-DM PUBLIC de KASSIAPLEU',110,32),(4447,'CENTRE MEDICAL SAINTE  ASTRIDE',110,32),(4448,'CENTRE MEDICAL SAINT RAPHAEL',110,32),(4449,'CSR-D PUBLIC de GONGOUINE 1',110,32),(4450,'CSU-DM PUBLIC de LOGOUALE',110,32),(4451,'CSR-D PUBLIC de YAPLEU',110,32),(4452,'CSR-D PUBLIC de ZIOGOUINE',110,32),(4453,'CSR-D PUBLIC de BLOLE',110,32),(4454,'CSR-D PUBLIC de BOFESSO DOUMA',110,32),(4455,'EPHR PUBLIC de MAN',110,32),(4456,'CSUS-PMI PUBLIC de MAN',110,32),(4457,'CSUS-SSSU PUBLIC de MAN',110,32),(4458,'CSUS-CAT PUBLIC de MAN',110,32),(4459,'CSR-D PUBLIC de ZAGOUE',110,32),(4460,'CSU-DM PUBLIC de PODIAGOUINE',110,32),(4461,'CSU-DM PUBLIC de SANGOUINE',110,32),(4462,'CSR-DM PUBLIC de GOTONGOUINE 2',110,32),(4463,'INF-PV PRIVE IDE-AFRIQUE de MAN',110,32),(4464,'CSR-DM PUBLIC de FANGNAPLEU',110,32),(4465,'CSR-D PUBLIC de SANDOUGOU SOBA',110,32),(4466,'CSU-D PUBLIC Libreville de MAN',110,32),(4467,'CSR-D PUBLIC de DAINE 1',110,32),(4468,'CSR-D PUBLIC de GOUEKANGOUINE',110,32),(4469,'CSU-DM PUBLIC de GBEPLEU',110,32),(4470,'CSR-D PUBLIC de SAGUIPLEU',110,32),(4471,'CENTRE MEDICO-SOCIAL BETHESDA',110,32),(4472,'CSR-D PUBLIC de BOGOUINE',110,32),(4473,'DISPENSAIRE PRIVE AGNES',110,32),(4474,'CMS PRIVE AIBEF DE MAN',110,32),(4475,'CSR-D PUBLIC de GBANGBEGOUINE-YATI',110,32),(4476,'INF-LC PUBLIC Lyc├®e Moderne de MAN',110,32),(4477,'INF-LC PUBLIC Lyc├®e Professionnel de MAN',110,32),(4478,'ICT ESC GEND MAN',110,32),(4479,'CSR-D PUBLIC de SINGOUIN',110,32),(4480,'INF-M PUBLIC Militaire de MAN',110,32),(4481,'CSR-D PUBLIC de DAINE 2',110,32),(4482,'CENTRE DE SANTE MEDICAL NOTRE DAME DE L\'ESPERANCE',110,32),(4483,'CENTRE M├ëDICAL LA PROVIDENCE',110,32),(4484,'CENTRE MEDICAL FIRDAOUSS',110,32),(4485,'CENTRE DE SANTE TOSSETA ESPOIR',110,32),(4486,'ONG LAFED',110,32),(4487,'ONG ADPF',110,32),(4488,'CABINET D\'OPTICIEN-LUNETIER ECLA OPTIQUE',110,32),(4489,'CSR-D PUBLIC de BOGOUINE 1',110,32),(4490,'CSR-D PUBLIC de GLOLE',110,32),(4491,'CSR-D PUBLIC de MELAPLEU',110,32),(4492,'CSR-D PUBLIC de DOUELE',110,32),(4493,'INF-P PUBLIC Prison Civil de MAN',110,32),(4494,'CSR-D PUBLIC de DAKOUPLEU',110,32),(4495,'CSR-D PUBLIC de KOULINLE',110,32),(4496,'INF-P PUBLIC de l\' Universit├® de MAN',110,32),(4497,'CENTRE M├ëDICAL AGNES',110,32),(4498,'INF-U PUBLIC de MAN',110,32),(4499,'CSR-D PUBLIC de BLEUPLEU',110,32),(4500,'CSR-D PUBLIC de MLONGOUINE',110,32),(4501,'INFIRMERIE PRIVEE SANTE POUR TOUS',110,32),(4502,'INF-PV PRIVE Centre de sant├® communautaire ODAFEN de MAN',110,32),(4503,'CSR-DM PUBLIC de GOTONGOUINE1',110,32),(4504,'CSR-D PUBLIC de YADOULE',110,32),(4505,'CSR-DM PUBLIC de GBANTONGOUIN',110,32),(4506,'CSR-M PUBLIC de DEOULE',110,32),(4507,'CSR-D PUBLIC de TRINLE-DEAPLEU',110,32),(4508,'CSR-D PUBLIC de VOUNGOUE',110,32),(4509,'CSR-D PUBLIC de KIELLE',110,32),(4510,'CSR-D PUBLIC de GLEGOUINE',110,32),(4511,'CSR-D PUBLIC de GBLOALE',110,32),(4512,'CSU-DM PUBLIC de GRAND-GBAPLEU',110,32),(4513,'INHP-A PUBLIC de MAN',110,32),(4514,'INF-PV PRIVE Cabinet M├®dical Focollari de MAN',110,32),(4515,'INF-PV PRIVE Cabinet M├®dical CAMES de MAN',110,32),(4516,'INF-PV PRIVE Cabinet M├®dical Ste Famille de MAN',110,32),(4517,'CSR-D PUBLIC de SOAPLEU-DAZERE',110,32),(4518,'CSR-DM PUBLIC FLOLEU',111,32),(4519,'CSR-DM PUBLIC de YELLEU',111,32),(4520,'CSR-DM PUBLIC DEINNEU',111,32),(4521,'CSUS-SSSU PUBLIC de ZOUAN-HOUNIEN',111,32),(4522,'CSR-DM PUBLIC KROZIALE',111,32),(4523,'CSU-M PUBLIC de TOPEUVILLE de ZOUAN-HOUNIEN',111,32),(4524,'CSR-DM PUBLIC BOUTOUO 1',111,32),(4525,'CSR-DM PUBLIC BIANTOUO 2',111,32),(4526,'CSR-DM PUBLIC OUYATOUO',111,32),(4527,'CSR-D PUBLIC de LIGALEU 1',111,32),(4528,'CSR-D PUBLIC de GNALEU',111,32),(4529,'CSR-DM PUBLIC GUIAMAPLEU',111,32),(4530,'CSR-D PUBLIC de KPANTOUOPLEU',111,32),(4531,'CSR-D PUBLIC DE TIEVOPLEU',111,32),(4532,'CSU-DM PUBLIC de ZOUAN-HOUNIEN quartier Yacouba',111,32),(4533,'CSR-D PUBLIC de MAMPLEU',111,32),(4534,'CSR-D PUBLIC de GUEUTOUO',111,32),(4535,'CSR-D PUBLIC de NATTA-NORD',111,32),(4536,'CSR-DM PUBLIC SEIPLEU',111,32),(4537,'CSR-DM PUBLIC DE KOUEPLEU',111,32),(4538,'CSR-DM PUBLIC DE BOUENEU',111,32),(4539,'CSU-DM PUBLIC de TEAPLEU',111,32),(4540,'CSR-D PUBLIC de BAUHIELEU',111,32),(4541,'CSR-D PUBLIC de VETOUO',111,32),(4542,'CSR-D PUBLIC de GUEIOSSIEPLEU',111,32),(4543,'CSU-D PUBLIC de TEAPLEU (dist. ZOUAN-HOUNIEN)',111,32),(4544,'CENTRE M├ëDICAL LE LOTUS de NIRVANA',111,32),(4545,'CSR-D PUBLIC de GBLOALEU',111,32),(4546,'CSR-D PUBLIC d\' OUELLEU',111,32),(4547,'CSR-DM PUBLIC GLEPEU',111,32),(4548,'CSR-D PUBLIC de ZOUTOUO-DARRA',111,32),(4549,'CSR-DM PUBLIC GLANGLEU',111,32),(4550,'CMS PUBLIC de ITY',111,32),(4551,'CSU-DM PUBLIC de BIN-HOUYE',111,32),(4552,'CSU-DM PUBLIC GOULALEU',111,32),(4553,'CSU-DM PUBLIC BANNEU',111,32),(4554,'CSR-DM PUBLIC de ZEALE',111,32),(4555,'EPHD PUBLIC de ZOUAN-HOUNIEN',111,32),(4556,'CSR-DM PUBLIC de DJELISSO (KANI)',112,33),(4557,'CSR-DM PUBLIC de SOBA',112,33),(4558,'CSR-DM PUBLIC de BABASSO',112,33),(4559,'CSR-DM PUBLIC de MOYAKO',112,33),(4560,'CSU-DM PUBLIC de DJIBROSSO',112,33),(4561,'EPHD PUBLIC de KANI',112,33),(4562,'CSR-D PUBLIC de MANANBRI',112,33),(4563,'CSU-DM PUBLIC de FADJADOUGOU',112,33),(4564,'CSU-DM PUBLIC de MORONDO',112,33),(4565,'CSR-D PUBLIC de BANANDJE',112,33),(4566,'CSR-D PUBLIC de MADJI',112,33),(4567,'CSUS-SSSU PUBLIC de KANI',112,33),(4568,'CSR-D PUBLIC DE NOTOU',112,33),(4569,'CSR-D PUBLIC DE BAFRITOU',112,33),(4570,'CSR-DM PUBLIC de DJOMANDOUGOU',112,33),(4571,'CLINIQUE PRIVEE BETHANIE',112,33),(4572,'CSR-D PUBLIC de KOLOGO',112,33),(4573,'CSR-D PUBLIC de WONGUE',112,33),(4574,'CSR-DM PUBLIC de KOUEGO',113,33),(4575,'CSR-D PUBLIC de KENEGBE',113,33),(4576,'CSR-D PUBLIC de TONHOULE',113,33),(4577,'CSR-D PUBLIC de KOGNIMASSO',113,33),(4578,'CSR-D PUBLIC de GBEMANA',113,33),(4579,'CSR-D PUBLIC de DJIGUILA',113,33),(4580,'CSR-D PUBLIC de YANFISSA',113,33),(4581,'CSU-DM PUBLIC de BOBI',113,33),(4582,'CSU-DM PUBLIC de DUALLA',113,33),(4583,'CSR-DM PUBLIC de SIANA',113,33),(4584,'CSR-DM PUBLIC de GBOGOLO',113,33),(4585,'CSU-DM PUBLIC de MASSALA',113,33),(4586,'CSR-DM PUBLIC de TIEMASSOBA',113,33),(4587,'CSU-DM PUBLIC de DIARABANA',113,33),(4588,'EPHR PUBLIC de SEGUELA',113,33),(4589,'CSUS-PMI PUBLIC de SEGUELA',113,33),(4590,'CSUS-SSSU PUBLIC de SEGUELA',113,33),(4591,'CSR-DM PUBLIC de SOBA BANANDJE',113,33),(4592,'CSR-DM PUBLIC de TEGUELA',113,33),(4593,'CSR-DM PUBLIC de BABIEN',113,33),(4594,'CSU-DM PUBLIC de KAMALO',113,33),(4595,'CSU-DM PUBLIC de SIFIE',113,33),(4596,'CSR-DM PUBLIC de GBETOGO',113,33),(4597,'CSU-DM PUBLIC de WOROFLA',113,33),(4598,'CSU-DM PUBLIC de SEGUELA',113,33),(4599,'CSR-DM PUBLIC de KATO',113,33),(4600,'CSR-D PUBLIC de GBALO-KANDJI',113,33),(4601,'CSR-D PUBLIC de MASSALA-GOURAN',113,33),(4602,'CSUS-CAT PUBLIC de SEGUELA',113,33),(4603,'CSR-D PUBLIC de FORONA',113,33),(4604,'INF-MILITAIRE PUBLIC de SEGUELA',113,33),(4605,'INF-P PUBLIC Prison Civil MAC de SEGUELA',113,33),(4606,'CSR-DM PUBLIC de RANCH MARAHOUE',113,33),(4607,'ICT ESC GEND SEGUELA',113,33),(4608,'CSR-D PUBLIC de GBELO',113,33),(4609,'CSU-DM PUBLIC de GBEMAZO',113,33),(4610,'CSR-DM PUBLIC DE BINGORO',113,33),(4611,'CSR-D PUBLIC DE KENEGBE NORD',113,33),(4612,'CSR-D PUBLIC DE KANGANA',113,33),(4613,'CABINET D\'OPTICIEN-LUNETIER WORO OPTIQUE',113,33),(4614,'CSR-D PUBLIC DE GBENA',113,33),(4615,'CSR-D PUBLIC DE SAMINA',113,33),(4616,'CSR-D PUBLIC DE LOHOU',113,33),(4617,'CSR-D PUBLIC DE KOHIMON',113,33),(4618,'CSU-DM PUBLIC de GBOLO',113,33),(4619,'CSR-DM PUBLIC de TALLA',113,33),(4620,'CSR-DM PUBLIC de DIORHOLE',113,33),(4621,'CSR-D PUBLIC de SEHELA',113,33),(4622,'CSR-D PUBLIC de BAC-SEMIEN',113,33),(4623,'CSU-DM PUBLIC de LASSINA DIOMAND├ë',113,33),(4624,'CSR-DM PUBLIC de DIOBALA',113,33),(4625,'CSR-DM PUBLIC de TIEMA',113,33),(4626,'INHP-A PUBLIC de SEGUELA',113,33),(4627,'INF-LC PUBLIC Coll├¿ge Moderne BAD de SEGUELA',113,33),(4628,'CSR-DM PUBLIC de BERENI-DIALLA',113,33),(4629,'EPHR PUBLIC Houphouet Boigny de ABOBO (ABOBO NORD)',1,0),(4630,'FSU PRIVE CONFESSIONNEL HINNEH DE BIABOU',1,0),(4631,'EXTRA VISION PLUS',1,0),(4632,'ELITE VISION',1,0),(4633,'CENTRE MEDICAL EL BARAKA',1,0),(4634,'CLINIQUE PRIVEE LES GRACES',1,0),(4635,'CENTRE MEDICAL CROU A2',1,0),(4636,'CSU-DM PUBLIC de DJIBI VILLAGE',1,0),(4637,'ESPACE MEDICAL LE SILOE PK 18',1,0),(4638,'ONG MIBEF',1,0),(4639,'ONG Source de Vie',1,0),(4640,'HG CONFESSIONNEL de ABOBO CLOUETCHA',1,0),(4641,'ONG ARC-EN-CIEL',1,0);
/*!40000 ALTER TABLE `health` ENABLE KEYS */;
UNLOCK TABLES;

--
-- Table structure for table `images`
--

DROP TABLE IF EXISTS `images`;
/*!40101 SET @saved_cs_client     = @@character_set_client */;
/*!50503 SET character_set_client = utf8mb4 */;
CREATE TABLE `images` (
  `id` int NOT NULL AUTO_INCREMENT,
  `file_name` varchar(255) NOT NULL,
  `label` varchar(255) NOT NULL,
  `file_size` bigint DEFAULT NULL,
  `mime_type` varchar(255) DEFAULT NULL,
  PRIMARY KEY (`id`),
  UNIQUE KEY `UKtg7pdrgs8dqm1xab6c8rxsw4l` (`file_name`)
) ENGINE=InnoDB AUTO_INCREMENT=18 DEFAULT CHARSET=utf8mb4 COLLATE=utf8mb4_0900_ai_ci;
/*!40101 SET character_set_client = @saved_cs_client */;

--
-- Dumping data for table `images`
--

LOCK TABLES `images` WRITE;
/*!40000 ALTER TABLE `images` DISABLE KEYS */;
INSERT INTO `images` VALUES (9,'9bede05f-be71-4246-9d59-8844256e24a4.png','Logo_Unicef',NULL,NULL),(10,'8c76aae8-ac53-4a1d-94c3-58248644889b.png','Logo-Itech',NULL,NULL),(11,'def6a7ac-2ebb-4d1b-8e0b-2f28eae39da9.png','Logo-LSTracker',NULL,NULL),(12,'7c8b3054-690d-4fcd-87cf-270707cd38e8.png','Logo_ministÔö£┬┐re_de_la_santÔö£┬«',NULL,NULL),(13,'d0180ab4-e794-4ad8-b0d6-b4068e1cd872.png','Logo_cdc',NULL,NULL),(14,'bdc39d3f-dda0-4b0a-8197-b1c6efa5cf1d.jpeg','Logo_Aconda',NULL,NULL),(15,'6ea34be9-04cf-4e05-8f33-611a3e18c9d4.jpeg','Logo_sevci',NULL,NULL),(16,'7ec49356-d66a-4be9-a88e-a776dfcd19e2.png','logo_ucp',NULL,NULL),(17,'ccb342d1-ee46-4903-9206-f4aa7736e948.png','Logo_OpenElis',NULL,NULL);
/*!40000 ALTER TABLE `images` ENABLE KEYS */;
UNLOCK TABLES;

--
-- Table structure for table `intervention`
--

DROP TABLE IF EXISTS `intervention`;
/*!40101 SET @saved_cs_client     = @@character_set_client */;
/*!50503 SET character_set_client = utf8mb4 */;
CREATE TABLE `intervention` (
  `id` bigint NOT NULL AUTO_INCREMENT,
  `code_inter` varchar(255) NOT NULL,
  `type_inter` varchar(255) NOT NULL,
  `action_inter` varchar(255) NOT NULL,
  `region_id` bigint NOT NULL,
  `district_id` bigint NOT NULL,
  `health_id` bigint NOT NULL,
  `deployment_id` bigint NOT NULL,
  `apps_id` bigint NOT NULL,
  `types_id` bigint NOT NULL,
  `technician_id` bigint NOT NULL,
  `person_id` bigint DEFAULT NULL,
  `date_intervention` datetime(6) NOT NULL,
  `duration_minutes` int NOT NULL,
  `appreciation_id` bigint DEFAULT NULL,
  `evaluation_id` bigint NOT NULL,
  `comment_intervention` varchar(255) NOT NULL,
  `document_path` varchar(255) DEFAULT NULL,
  `en_attente_maintenance` bit(1) DEFAULT NULL,
  `booklet_id` bigint DEFAULT NULL,
  `comment_inter` varchar(255) DEFAULT NULL,
  `date_inter` datetime(6) DEFAULT NULL,
  `partner_id` int DEFAULT NULL,
  PRIMARY KEY (`id`),
  UNIQUE KEY `code_inter` (`code_inter`),
  KEY `appreciation_id` (`appreciation_id`),
  KEY `FKfhb1hbifsls5oxo9e2pmbvrg6` (`apps_id`),
  KEY `FKsgbx4lhdhll9kcnaqmgjdhat0` (`deployment_id`),
  KEY `FK5fmt9cyqn3qtu6qj832dtpt1r` (`district_id`),
  KEY `FKq08wbn2hgart30bnfy8curxuj` (`evaluation_id`),
  KEY `FKjdx3prtp412jc9rrf90givpxq` (`health_id`),
  KEY `FK74bwm5p2wvdlakq4c0tjsa9iw` (`person_id`),
  KEY `FK9223w4v244x9dl7lf9hy3kfx7` (`region_id`),
  KEY `FKbe4cg6o9empuxas3hqve26pjp` (`technician_id`),
  KEY `FKbkd6wcx55n56p7bc62y0mq51d` (`types_id`),
  KEY `FK958hwsf4q80yltnilst4e6aoi` (`booklet_id`),
  CONSTRAINT `FK5fmt9cyqn3qtu6qj832dtpt1r` FOREIGN KEY (`district_id`) REFERENCES `districts` (`id`),
  CONSTRAINT `FK74bwm5p2wvdlakq4c0tjsa9iw` FOREIGN KEY (`person_id`) REFERENCES `person` (`id`),
  CONSTRAINT `FK9223w4v244x9dl7lf9hy3kfx7` FOREIGN KEY (`region_id`) REFERENCES `regions` (`id`),
  CONSTRAINT `FK958hwsf4q80yltnilst4e6aoi` FOREIGN KEY (`booklet_id`) REFERENCES `booklets` (`id`),
  CONSTRAINT `fk_intervention_booklet` FOREIGN KEY (`booklet_id`) REFERENCES `booklet` (`id`),
  CONSTRAINT `FKbe4cg6o9empuxas3hqve26pjp` FOREIGN KEY (`technician_id`) REFERENCES `person` (`id`),
  CONSTRAINT `FKbkd6wcx55n56p7bc62y0mq51d` FOREIGN KEY (`types_id`) REFERENCES `types` (`id`),
  CONSTRAINT `FKfhb1hbifsls5oxo9e2pmbvrg6` FOREIGN KEY (`apps_id`) REFERENCES `apps` (`id`),
  CONSTRAINT `FKjdx3prtp412jc9rrf90givpxq` FOREIGN KEY (`health_id`) REFERENCES `health` (`id`),
  CONSTRAINT `FKq08wbn2hgart30bnfy8curxuj` FOREIGN KEY (`evaluation_id`) REFERENCES `evaluation` (`id`),
  CONSTRAINT `FKsgbx4lhdhll9kcnaqmgjdhat0` FOREIGN KEY (`deployment_id`) REFERENCES `deployment` (`id`)
) ENGINE=InnoDB AUTO_INCREMENT=27 DEFAULT CHARSET=utf8mb4 COLLATE=utf8mb4_0900_ai_ci;
/*!40101 SET character_set_client = @saved_cs_client */;

--
-- Dumping data for table `intervention`
--

LOCK TABLES `intervention` WRITE;
/*!40000 ALTER TABLE `intervention` DISABLE KEYS */;
INSERT INTO `intervention` VALUES (25,'INT-ACF6DB6D','EN_LIGNE','MAINTENANCE',28,98,3970,13,1,190,2,NULL,'2026-05-05 00:00:00.000000',30,NULL,1,'Equipement non fonctionnel depuis un moment suite Ôö£├í des coupures de courants | [Personne assistee] DIABAGATE MADOUSSOU | Tel: 0712058963 | Poste: InfirmiÔö£┬┐re',NULL,_binary '\0',NULL,NULL,NULL,17),(26,'INT-91C0C161','SUR_SITE','MAINTENANCE_CURATIVE',28,98,3970,13,1,190,2,NULL,'2026-05-07 00:00:00.000000',45,NULL,2,'Multiprise a Ôö£┬«tÔö£┬« changÔö£┬« et est de nouveau fonctionnel | [Personne assistee] DIABAGE MADOUSSOU | Tel: 0708094512 | Poste: Infirmier chef',NULL,_binary '\0',NULL,NULL,NULL,17);
/*!40000 ALTER TABLE `intervention` ENABLE KEYS */;
UNLOCK TABLES;

--
-- Table structure for table `notifications`
--

DROP TABLE IF EXISTS `notifications`;
/*!40101 SET @saved_cs_client     = @@character_set_client */;
/*!50503 SET character_set_client = utf8mb4 */;
CREATE TABLE `notifications` (
  `id` bigint NOT NULL AUTO_INCREMENT,
  `body` text NOT NULL,
  `created_at` datetime(6) DEFAULT NULL,
  `is_read` bit(1) NOT NULL,
  `related_code` varchar(255) DEFAULT NULL,
  `related_id` bigint DEFAULT NULL,
  `title` varchar(255) NOT NULL,
  `type` varchar(255) NOT NULL,
  `user_id` bigint DEFAULT NULL,
  PRIMARY KEY (`id`)
) ENGINE=InnoDB DEFAULT CHARSET=utf8mb4 COLLATE=utf8mb4_0900_ai_ci;
/*!40101 SET character_set_client = @saved_cs_client */;

--
-- Dumping data for table `notifications`
--

LOCK TABLES `notifications` WRITE;
/*!40000 ALTER TABLE `notifications` DISABLE KEYS */;
/*!40000 ALTER TABLE `notifications` ENABLE KEYS */;
UNLOCK TABLES;

--
-- Table structure for table `partners`
--

DROP TABLE IF EXISTS `partners`;
/*!40101 SET @saved_cs_client     = @@character_set_client */;
/*!50503 SET character_set_client = utf8mb4 */;
CREATE TABLE `partners` (
  `id` bigint NOT NULL AUTO_INCREMENT,
  `partner_name` varchar(255) NOT NULL,
  `logo` varchar(255) DEFAULT 'bi-building',
  `color` varchar(255) DEFAULT NULL,
  `image` varchar(255) DEFAULT NULL,
  PRIMARY KEY (`id`),
  UNIQUE KEY `UKcv5cenrt5goits0y9f55f3ulk` (`partner_name`)
) ENGINE=InnoDB AUTO_INCREMENT=26 DEFAULT CHARSET=utf8mb4 COLLATE=utf8mb4_0900_ai_ci;
/*!40101 SET character_set_client = @saved_cs_client */;

--
-- Dumping data for table `partners`
--

LOCK TABLES `partners` WRITE;
/*!40000 ALTER TABLE `partners` DISABLE KEYS */;
INSERT INTO `partners` VALUES (1,'FM','bi-asterisk','#e53935','7ec49356-d66a-4be9-a88e-a776dfcd19e2.png'),(2,'CDC','bi-globe2','#1565c0','d0180ab4-e794-4ad8-b0d6-b4068e1cd872.png'),(3,'UNICEF','bi-shield-check','#07a1e4','9bede05f-be71-4246-9d59-8844256e24a4.png'),(17,'ITECH-CIV','bi-globe','#07a1e4','8c76aae8-ac53-4a1d-94c3-58248644889b.png'),(19,'SEV-CI','bi-globe','#0ba6f4','6ea34be9-04cf-4e05-8f33-611a3e18c9d4.jpeg'),(20,'ACONDA-VS','bi-globe','#07a1e4','bdc39d3f-dda0-4b0a-8197-b1c6efa5cf1d.jpeg');
/*!40000 ALTER TABLE `partners` ENABLE KEYS */;
UNLOCK TABLES;

--
-- Table structure for table `persons`
--

DROP TABLE IF EXISTS `persons`;
/*!40101 SET @saved_cs_client     = @@character_set_client */;
/*!50503 SET character_set_client = utf8mb4 */;
CREATE TABLE `persons` (
  `id` int NOT NULL AUTO_INCREMENT,
  `contact` varchar(255) DEFAULT NULL,
  `email` varchar(255) NOT NULL,
  `first_name` varchar(255) NOT NULL,
  `last_name` varchar(255) NOT NULL,
  `password` varchar(255) NOT NULL,
  `role` enum('SUPER_ADMIN','ADMIN','TECHNICIEN','LOGISTICIEN','USER') NOT NULL,
  `partner_id` bigint DEFAULT NULL,
  `post_id` int DEFAULT NULL,
  `units_id` bigint DEFAULT NULL,
  `plain_password` varchar(255) DEFAULT NULL,
  PRIMARY KEY (`id`),
  UNIQUE KEY `UK1x5aosta48fbss4d5b3kuu0rd` (`email`),
  KEY `FKr80fnt72ghfqkyp5r3uannkcb` (`post_id`),
  KEY `FKqg5hd2g6bunl9cm0by22wla4w` (`partner_id`),
  KEY `FKe67j018dt4r9bdarg2fvnic0p` (`units_id`),
  CONSTRAINT `FKe67j018dt4r9bdarg2fvnic0p` FOREIGN KEY (`units_id`) REFERENCES `units` (`id`),
  CONSTRAINT `FKqg5hd2g6bunl9cm0by22wla4w` FOREIGN KEY (`partner_id`) REFERENCES `partners` (`id`),
  CONSTRAINT `FKr80fnt72ghfqkyp5r3uannkcb` FOREIGN KEY (`post_id`) REFERENCES `posts` (`id`)
) ENGINE=InnoDB AUTO_INCREMENT=8 DEFAULT CHARSET=utf8mb4 COLLATE=utf8mb4_0900_ai_ci;
/*!40101 SET character_set_client = @saved_cs_client */;

--
-- Dumping data for table `persons`
--

LOCK TABLES `persons` WRITE;
/*!40000 ALTER TABLE `persons` DISABLE KEYS */;
INSERT INTO `persons` VALUES (2,'+225 05 64 84 06 85','superadmin@catusnis.ci','Super','Admin','$2a$10$eYiikROt4wGhyb18A5SBdunRjP8Pve/3FhHpBFSKOTBTosm0DHprC','SUPER_ADMIN',17,3,2,NULL),(3,'+225 07 79 65 80 89','adjen@itech-civ.org','Nintin Jean-D├®sir├® ','Adje','$2a$10$MPu1LZkEaKUTllXgfOT.7uYnUOBmtF0QS3IfbepLLttXPX0DW9sn2','TECHNICIEN',17,3,4,'Adje12345!'),(4,'+225 07 49 85 75 15','ayolande@itech-civ.org','Yolande',' Agbetou','$2a$10$fUr7lNhC1yjy8K0/IedR3ucv9dqiPrKsZbgZ61SdV6CjHfEup4y4a','TECHNICIEN',17,3,4,'Agbetou12345@'),(5,'+225 05 66 98 90 20','phassoa@itech-civ.org','Paul Henri ','Assoa','$2a$10$7m3QlOfdGjuvmZJQUzqRzeeWVbm7v8cNtQCbHbxuMezYsUYhI7ntS','SUPER_ADMIN',17,4,4,'Assoa1234!'),(6,'+225 05 66 98 90 21','pkomena@itech-civ.org','Pascal',' Komena','$2a$10$fY7HoW.ctRUgqaBR2LDRH.q/G2vOKOWOEjzvlPGZ.ZDeLCjcmJOOa','SUPER_ADMIN',17,4,4,'Komena12345!'),(7,'+225 00 00 00 00','chabi18@yahoo.com','charb├¿le Lecadou','Olga','$2a$10$i4IZMSZxIKRb9uUtMK5LTu2JQTOUf1ymLaj1SD8HygRG8.SMOtbDm','LOGISTICIEN',17,14,5,'Charbele1234!');
/*!40000 ALTER TABLE `persons` ENABLE KEYS */;
UNLOCK TABLES;

--
-- Table structure for table `post`
--

DROP TABLE IF EXISTS `post`;
/*!40101 SET @saved_cs_client     = @@character_set_client */;
/*!50503 SET character_set_client = utf8mb4 */;
CREATE TABLE `post` (
  `id` int NOT NULL AUTO_INCREMENT,
  `post_name` varchar(255) NOT NULL,
  PRIMARY KEY (`id`)
) ENGINE=InnoDB DEFAULT CHARSET=utf8mb4 COLLATE=utf8mb4_0900_ai_ci;
/*!40101 SET character_set_client = @saved_cs_client */;

--
-- Dumping data for table `post`
--

LOCK TABLES `post` WRITE;
/*!40000 ALTER TABLE `post` DISABLE KEYS */;
/*!40000 ALTER TABLE `post` ENABLE KEYS */;
UNLOCK TABLES;

--
-- Table structure for table `posts`
--

DROP TABLE IF EXISTS `posts`;
/*!40101 SET @saved_cs_client     = @@character_set_client */;
/*!50503 SET character_set_client = utf8mb4 */;
CREATE TABLE `posts` (
  `id` int NOT NULL AUTO_INCREMENT,
  `post_name` varchar(255) NOT NULL,
  PRIMARY KEY (`id`),
  UNIQUE KEY `UKp2vwr0ok9me7n9ao3wj9gu3st` (`post_name`)
) ENGINE=InnoDB AUTO_INCREMENT=16 DEFAULT CHARSET=utf8mb4 COLLATE=utf8mb4_0900_ai_ci;
/*!40101 SET character_set_client = @saved_cs_client */;

--
-- Dumping data for table `posts`
--

LOCK TABLES `posts` WRITE;
/*!40000 ALTER TABLE `posts` DISABLE KEYS */;
INSERT INTO `posts` VALUES (4,'Administrateur'),(2,'BIOLOGISTE'),(14,'Comptable'),(1,'Convoyeur'),(13,'Directeur '),(12,'Directeur d├®partemental'),(11,'Directeur r├®gional'),(9,'Infirmier'),(3,'Informaticien'),(15,'Logisticien'),(8,'M├®decin'),(7,'M├®decin-chef'),(10,'Sage-Femme'),(5,'Technicien Laboratoire'),(6,'Utilisateur');
/*!40000 ALTER TABLE `posts` ENABLE KEYS */;
UNLOCK TABLES;

--
-- Table structure for table `regions`
--

DROP TABLE IF EXISTS `regions`;
/*!40101 SET @saved_cs_client     = @@character_set_client */;
/*!50503 SET character_set_client = utf8mb4 */;
CREATE TABLE `regions` (
  `id` bigint NOT NULL AUTO_INCREMENT,
  `region_name` varchar(255) NOT NULL,
  PRIMARY KEY (`id`)
) ENGINE=InnoDB AUTO_INCREMENT=34 DEFAULT CHARSET=utf8mb4 COLLATE=utf8mb4_0900_ai_ci;
/*!40101 SET character_set_client = @saved_cs_client */;

--
-- Dumping data for table `regions`
--

LOCK TABLES `regions` WRITE;
/*!40000 ALTER TABLE `regions` DISABLE KEYS */;
INSERT INTO `regions` VALUES (1,'ABIDJAN 1'),(2,'ABIDJAN 2'),(3,'AGNEBY-TIASSA'),(4,'BAFING'),(5,'BAGOUE'),(6,'BELIER'),(7,'BERE'),(8,'BOUNKANI'),(9,'CAVALLY'),(10,'FOLON'),(11,'GBEKE'),(12,'GBOKLE'),(13,'GONTOUGO'),(14,'GRANDS PONTS'),(15,'GUEMON'),(16,'G├öH'),(17,'HAMBOL'),(18,'HAUT SASSANDRA'),(19,'IFFOU'),(20,'INDENIE-DUABLIN'),(21,'KABADOUGOU'),(22,'L├öH-DJIBOUA'),(23,'MARAHOUE'),(24,'ME'),(25,'MORONOU'),(26,'N\'ZI'),(27,'NAWA'),(28,'PORO'),(29,'SAN PEDRO'),(30,'SUD-COMOE'),(31,'TCHOLOGO'),(32,'TONKPI'),(33,'WORODOUGOU');
/*!40000 ALTER TABLE `regions` ENABLE KEYS */;
UNLOCK TABLES;

--
-- Table structure for table `states`
--

DROP TABLE IF EXISTS `states`;
/*!40101 SET @saved_cs_client     = @@character_set_client */;
/*!50503 SET character_set_client = utf8mb4 */;
CREATE TABLE `states` (
  `id` bigint NOT NULL AUTO_INCREMENT,
  `states_names` varchar(255) NOT NULL,
  `states_name` varchar(255) NOT NULL,
  PRIMARY KEY (`id`),
  UNIQUE KEY `UK9df9binxnbl837k5r7rsh10f9` (`states_name`)
) ENGINE=InnoDB DEFAULT CHARSET=utf8mb4 COLLATE=utf8mb4_0900_ai_ci;
/*!40101 SET character_set_client = @saved_cs_client */;

--
-- Dumping data for table `states`
--

LOCK TABLES `states` WRITE;
/*!40000 ALTER TABLE `states` DISABLE KEYS */;
/*!40000 ALTER TABLE `states` ENABLE KEYS */;
UNLOCK TABLES;

--
-- Table structure for table `technician_site`
--

DROP TABLE IF EXISTS `technician_site`;
/*!40101 SET @saved_cs_client     = @@character_set_client */;
/*!50503 SET character_set_client = utf8mb4 */;
CREATE TABLE `technician_site` (
  `id` bigint NOT NULL AUTO_INCREMENT,
  `created_at` datetime(6) DEFAULT NULL,
  `updated_at` datetime(6) DEFAULT NULL,
  `district_id` int DEFAULT NULL,
  `health_id` int DEFAULT NULL,
  `person_id` int NOT NULL,
  `region_id` int DEFAULT NULL,
  PRIMARY KEY (`id`),
  KEY `FKsufikrs8wdqrk4mhj0rna4oqf` (`person_id`),
  CONSTRAINT `FKsufikrs8wdqrk4mhj0rna4oqf` FOREIGN KEY (`person_id`) REFERENCES `persons` (`id`)
) ENGINE=InnoDB AUTO_INCREMENT=32 DEFAULT CHARSET=utf8mb4 COLLATE=utf8mb4_0900_ai_ci;
/*!40101 SET character_set_client = @saved_cs_client */;

--
-- Dumping data for table `technician_site`
--

LOCK TABLES `technician_site` WRITE;
/*!40000 ALTER TABLE `technician_site` DISABLE KEYS */;
INSERT INTO `technician_site` VALUES (8,'2026-06-03 13:30:54.691208','2026-06-03 13:30:54.691249',64,2708,3,18),(9,'2026-06-03 13:30:54.691208','2026-06-03 13:30:54.691249',94,3802,3,28),(10,'2026-06-03 13:30:54.692411','2026-06-03 13:30:54.692456',62,2616,3,18),(11,'2026-06-03 13:30:54.692479','2026-06-03 13:30:54.692490',95,3902,3,28),(18,'2026-06-03 13:31:45.364162','2026-06-03 13:31:45.364196',63,2697,3,18),(31,'2026-06-03 23:58:32.000000','2026-06-03 23:58:32.000000',NULL,NULL,3,28);
/*!40000 ALTER TABLE `technician_site` ENABLE KEYS */;
UNLOCK TABLES;

--
-- Table structure for table `technician_sites_backup`
--

DROP TABLE IF EXISTS `technician_sites_backup`;
/*!40101 SET @saved_cs_client     = @@character_set_client */;
/*!50503 SET character_set_client = utf8mb4 */;
CREATE TABLE `technician_sites_backup` (
  `id` int NOT NULL AUTO_INCREMENT,
  `district_id` bigint DEFAULT NULL,
  `health_id` int DEFAULT NULL,
  `person_id` int DEFAULT NULL,
  `region_id` bigint DEFAULT NULL,
  PRIMARY KEY (`id`),
  KEY `FKm7km97xeej44mjgni3qru3t3m` (`health_id`),
  KEY `FKrx4iljfas6a0byw4ywofcdqxo` (`person_id`),
  KEY `FKmgkg0cgpegp8igj30qpcpi5qi` (`district_id`),
  KEY `FK9kk9rrcxnex56v9ad5imigb94` (`region_id`),
  CONSTRAINT `FK9kk9rrcxnex56v9ad5imigb94` FOREIGN KEY (`region_id`) REFERENCES `regions` (`id`),
  CONSTRAINT `FKm7km97xeej44mjgni3qru3t3m` FOREIGN KEY (`health_id`) REFERENCES `health_sites` (`id`),
  CONSTRAINT `FKmgkg0cgpegp8igj30qpcpi5qi` FOREIGN KEY (`district_id`) REFERENCES `districts` (`id`),
  CONSTRAINT `FKrx4iljfas6a0byw4ywofcdqxo` FOREIGN KEY (`person_id`) REFERENCES `persons` (`id`)
) ENGINE=InnoDB AUTO_INCREMENT=12 DEFAULT CHARSET=utf8mb4 COLLATE=utf8mb4_0900_ai_ci;
/*!40101 SET character_set_client = @saved_cs_client */;

--
-- Dumping data for table `technician_sites_backup`
--

LOCK TABLES `technician_sites_backup` WRITE;
/*!40000 ALTER TABLE `technician_sites_backup` DISABLE KEYS */;
INSERT INTO `technician_sites_backup` VALUES (1,NULL,8,10,NULL),(2,NULL,9,10,NULL),(3,NULL,1,11,NULL),(4,NULL,2,11,NULL),(5,NULL,3,11,NULL),(6,NULL,4,11,NULL),(10,NULL,NULL,3,28);
/*!40000 ALTER TABLE `technician_sites_backup` ENABLE KEYS */;
UNLOCK TABLES;

--
-- Table structure for table `types`
--

DROP TABLE IF EXISTS `types`;
/*!40101 SET @saved_cs_client     = @@character_set_client */;
/*!50503 SET character_set_client = utf8mb4 */;
CREATE TABLE `types` (
  `id` bigint NOT NULL AUTO_INCREMENT,
  `image` varchar(255) DEFAULT NULL,
  `marque` varchar(255) DEFAULT NULL,
  `modele` varchar(255) DEFAULT NULL,
  `type_name` varchar(255) NOT NULL,
  PRIMARY KEY (`id`)
) ENGINE=InnoDB AUTO_INCREMENT=191 DEFAULT CHARSET=utf8mb4 COLLATE=utf8mb4_0900_ai_ci;
/*!40101 SET character_set_client = @saved_cs_client */;

--
-- Dumping data for table `types`
--

LOCK TABLES `types` WRITE;
/*!40000 ALTER TABLE `types` DISABLE KEYS */;
INSERT INTO `types` VALUES (1,'ordinateur-bureau.png','Dell','OptiPlex 7090','Ordinateur Bureau'),(2,'ordinateur-bureau.png','HP','EliteDesk 800','Ordinateur Bureau'),(3,'ordinateur-bureau.png','Lenovo','ThinkCentre M70','Ordinateur Bureau'),(4,'ordinateur-portable.png','Dell','Latitude 5520','Ordinateur Portable'),(5,'ordinateur-portable.png','HP','EliteBook 840','Ordinateur Portable'),(6,'ordinateur-portable.png','Lenovo','ThinkPad T14','Ordinateur Portable'),(7,'imprimante.png','HP','LaserJet Pro M404','Imprimante'),(8,'imprimante.png','Canon','imageMF445','Imprimante'),(9,'serveur.png','Dell','PowerEdge R740','Serveur'),(10,'serveur.png','HP','ProLiant DL380','Serveur'),(177,'3d899602-7226-48ad-a522-02e2f2a20896.png','HP','250G2','Ordinateur Bureaux'),(178,'tab.png','Luxury Touch','Tablette','Luxury Touch'),(179,'tab.png','Lenovo','Tablette','Lenovo'),(184,'ecran.png','HP','Moniteur','├ëcran'),(185,'pc.png','HP','Poste de travail','Ordinateur'),(186,'ups.png','APC','Onduleur 650','Onduleur'),(187,'wifi.png','TP-Link','300Mbps','Cl├® WiFi'),(188,'router.png','TP-Link','TL-MR3420','Routeur'),(189,'printer.png','HP','LaserJet M211d','Imprimante'),(190,'multi.png','APC','Multiprise','Multiprise');
/*!40000 ALTER TABLE `types` ENABLE KEYS */;
UNLOCK TABLES;

--
-- Table structure for table `units`
--

DROP TABLE IF EXISTS `units`;
/*!40101 SET @saved_cs_client     = @@character_set_client */;
/*!50503 SET character_set_client = utf8mb4 */;
CREATE TABLE `units` (
  `id` bigint NOT NULL AUTO_INCREMENT,
  `unit_name` varchar(255) NOT NULL,
  PRIMARY KEY (`id`)
) ENGINE=InnoDB AUTO_INCREMENT=6 DEFAULT CHARSET=utf8mb4 COLLATE=utf8mb4_0900_ai_ci;
/*!40101 SET character_set_client = @saved_cs_client */;

--
-- Dumping data for table `units`
--

LOCK TABLES `units` WRITE;
/*!40000 ALTER TABLE `units` DISABLE KEYS */;
INSERT INTO `units` VALUES (1,'Direction'),(2,'Informatique'),(3,'Sant├®'),(4,'LIS'),(5,'Comptable');
/*!40000 ALTER TABLE `units` ENABLE KEYS */;
UNLOCK TABLES;

--
-- Table structure for table `vehicule_affectations`
--

DROP TABLE IF EXISTS `vehicule_affectations`;
/*!40101 SET @saved_cs_client     = @@character_set_client */;
/*!50503 SET character_set_client = utf8mb4 */;
CREATE TABLE `vehicule_affectations` (
  `id` bigint NOT NULL AUTO_INCREMENT,
  `active` bit(1) DEFAULT NULL,
  `date_affectation` date NOT NULL,
  `date_retour` date DEFAULT NULL,
  `motif` varchar(255) DEFAULT NULL,
  `observations` varchar(255) DEFAULT NULL,
  `district_id` bigint DEFAULT NULL,
  `person_id` int DEFAULT NULL,
  `region_id` bigint DEFAULT NULL,
  `vehicule_id` int NOT NULL,
  `booklet_id` bigint DEFAULT NULL,
  PRIMARY KEY (`id`),
  KEY `FK6ostdi1q61eq5d0oe1kidfsif` (`person_id`),
  KEY `FKlvwrq04sgkalxn20bvsgdiooj` (`vehicule_id`),
  KEY `FKqvvvomqmenmvdh4px518pkt9e` (`district_id`),
  KEY `FK738ukgipq9gfyk1aeg9gw1etp` (`region_id`),
  KEY `booklet_id` (`booklet_id`),
  CONSTRAINT `FK6ostdi1q61eq5d0oe1kidfsif` FOREIGN KEY (`person_id`) REFERENCES `persons` (`id`),
  CONSTRAINT `FK738ukgipq9gfyk1aeg9gw1etp` FOREIGN KEY (`region_id`) REFERENCES `regions` (`id`),
  CONSTRAINT `FKlvwrq04sgkalxn20bvsgdiooj` FOREIGN KEY (`vehicule_id`) REFERENCES `vehicules` (`id`),
  CONSTRAINT `FKqvvvomqmenmvdh4px518pkt9e` FOREIGN KEY (`district_id`) REFERENCES `districts` (`id`),
  CONSTRAINT `vehicule_affectations_ibfk_1` FOREIGN KEY (`booklet_id`) REFERENCES `booklets` (`id`)
) ENGINE=InnoDB DEFAULT CHARSET=utf8mb4 COLLATE=utf8mb4_0900_ai_ci;
/*!40101 SET character_set_client = @saved_cs_client */;

--
-- Dumping data for table `vehicule_affectations`
--

LOCK TABLES `vehicule_affectations` WRITE;
/*!40000 ALTER TABLE `vehicule_affectations` DISABLE KEYS */;
/*!40000 ALTER TABLE `vehicule_affectations` ENABLE KEYS */;
UNLOCK TABLES;

--
-- Table structure for table `vehicule_document_historiques`
--

DROP TABLE IF EXISTS `vehicule_document_historiques`;
/*!40101 SET @saved_cs_client     = @@character_set_client */;
/*!50503 SET character_set_client = utf8mb4 */;
CREATE TABLE `vehicule_document_historiques` (
  `id` bigint NOT NULL AUTO_INCREMENT,
  `vehicule_id` int NOT NULL,
  `type_document` varchar(255) NOT NULL,
  `ancienne_date_debut` date DEFAULT NULL,
  `ancienne_date_fin` date DEFAULT NULL,
  `nouvelle_date_debut` date NOT NULL,
  `nouvelle_date_fin` date NOT NULL,
  `date_renouvellement` date NOT NULL,
  `notes` varchar(255) DEFAULT NULL,
  PRIMARY KEY (`id`),
  KEY `fk_vdh_vehicule` (`vehicule_id`),
  CONSTRAINT `fk_vdh_vehicule` FOREIGN KEY (`vehicule_id`) REFERENCES `vehicules` (`id`) ON DELETE CASCADE
) ENGINE=InnoDB DEFAULT CHARSET=utf8mb4 COLLATE=utf8mb4_0900_ai_ci;
/*!40101 SET character_set_client = @saved_cs_client */;

--
-- Dumping data for table `vehicule_document_historiques`
--

LOCK TABLES `vehicule_document_historiques` WRITE;
/*!40000 ALTER TABLE `vehicule_document_historiques` DISABLE KEYS */;
/*!40000 ALTER TABLE `vehicule_document_historiques` ENABLE KEYS */;
UNLOCK TABLES;

--
-- Table structure for table `vehicule_incidents`
--

DROP TABLE IF EXISTS `vehicule_incidents`;
/*!40101 SET @saved_cs_client     = @@character_set_client */;
/*!50503 SET character_set_client = utf8mb4 */;
CREATE TABLE `vehicule_incidents` (
  `id` int NOT NULL AUTO_INCREMENT,
  `cout_estime` double DEFAULT NULL,
  `date_incident` datetime(6) NOT NULL,
  `description` varchar(255) NOT NULL,
  `lieu_incident` varchar(255) DEFAULT NULL,
  `observations` varchar(255) DEFAULT NULL,
  `signale_par` varchar(255) DEFAULT NULL,
  `statut` varchar(255) DEFAULT NULL,
  `type_incident` varchar(255) DEFAULT NULL,
  `vehicule_id` int NOT NULL,
  PRIMARY KEY (`id`),
  KEY `FKcrlkpkjh3vtpgi2bhlkbve5a8` (`vehicule_id`),
  CONSTRAINT `FKcrlkpkjh3vtpgi2bhlkbve5a8` FOREIGN KEY (`vehicule_id`) REFERENCES `vehicules` (`id`)
) ENGINE=InnoDB DEFAULT CHARSET=utf8mb4 COLLATE=utf8mb4_0900_ai_ci;
/*!40101 SET character_set_client = @saved_cs_client */;

--
-- Dumping data for table `vehicule_incidents`
--

LOCK TABLES `vehicule_incidents` WRITE;
/*!40000 ALTER TABLE `vehicule_incidents` DISABLE KEYS */;
/*!40000 ALTER TABLE `vehicule_incidents` ENABLE KEYS */;
UNLOCK TABLES;

--
-- Table structure for table `vehicule_maintenances`
--

DROP TABLE IF EXISTS `vehicule_maintenances`;
/*!40101 SET @saved_cs_client     = @@character_set_client */;
/*!50503 SET character_set_client = utf8mb4 */;
CREATE TABLE `vehicule_maintenances` (
  `id` int NOT NULL AUTO_INCREMENT,
  `cout_reel` double DEFAULT NULL,
  `date_maintenance` datetime(6) NOT NULL,
  `description` varchar(255) NOT NULL,
  `kilometrage_intervention` int DEFAULT NULL,
  `observations` varchar(255) DEFAULT NULL,
  `prestataire` varchar(255) DEFAULT NULL,
  `statut` varchar(255) DEFAULT NULL,
  `type_maintenance` varchar(255) DEFAULT NULL,
  `vehicule_id` int NOT NULL,
  PRIMARY KEY (`id`),
  KEY `FKli9ejy0uo1a0hyy644yrf1c0` (`vehicule_id`),
  CONSTRAINT `FKli9ejy0uo1a0hyy644yrf1c0` FOREIGN KEY (`vehicule_id`) REFERENCES `vehicules` (`id`)
) ENGINE=InnoDB DEFAULT CHARSET=utf8mb4 COLLATE=utf8mb4_0900_ai_ci;
/*!40101 SET character_set_client = @saved_cs_client */;

--
-- Dumping data for table `vehicule_maintenances`
--

LOCK TABLES `vehicule_maintenances` WRITE;
/*!40000 ALTER TABLE `vehicule_maintenances` DISABLE KEYS */;
/*!40000 ALTER TABLE `vehicule_maintenances` ENABLE KEYS */;
UNLOCK TABLES;

--
-- Table structure for table `vehicules`
--

DROP TABLE IF EXISTS `vehicules`;
/*!40101 SET @saved_cs_client     = @@character_set_client */;
/*!50503 SET character_set_client = utf8mb4 */;
CREATE TABLE `vehicules` (
  `id` int NOT NULL AUTO_INCREMENT,
  `couleur` varchar(255) DEFAULT NULL,
  `date_acquisition` date DEFAULT NULL,
  `date_assurance` date DEFAULT NULL,
  `date_fin_assurance` date DEFAULT NULL,
  `date_fin_vignette` date DEFAULT NULL,
  `date_fin_visite_technique` date DEFAULT NULL,
  `date_vignette` date DEFAULT NULL,
  `date_visite_technique` date DEFAULT NULL,
  `image` varchar(255) DEFAULT NULL,
  `immatriculation` varchar(255) NOT NULL,
  `kilometrage` int DEFAULT NULL,
  `marque` varchar(255) DEFAULT NULL,
  `modele` varchar(255) DEFAULT NULL,
  `numero_carte_grise` varchar(255) DEFAULT NULL,
  `observations` varchar(255) DEFAULT NULL,
  `statut` enum('DISPONIBLE','EN_MAINTENANCE','EN_MISSION','EN_PANNE','REMIS','RETIRE') DEFAULT NULL,
  `type` enum('AUTRE','CAMION','MINIBUS','MOTO','VOITURE') NOT NULL,
  `conducteur_id` int DEFAULT NULL,
  `district_id` bigint DEFAULT NULL,
  `region_id` bigint DEFAULT NULL,
  `prix_achat` double DEFAULT NULL,
  `fournisseur` varchar(255) DEFAULT NULL,
  `mode_financement` varchar(255) DEFAULT NULL,
  `numero_bon_commande` varchar(255) DEFAULT NULL,
  `source_financement` varchar(255) DEFAULT NULL,
  `conducteur_booklet_id` bigint DEFAULT NULL,
  `partner_id` bigint DEFAULT NULL,
  PRIMARY KEY (`id`),
  UNIQUE KEY `UK77hmgqa9jiislwjo63bn093rf` (`immatriculation`),
  KEY `FK4gisacpb5yoblsivmprjo6l8j` (`conducteur_id`),
  KEY `FK6cmjbq7ip1e3jnvtqhakj1yt4` (`district_id`),
  KEY `FKaw4n4cl5jtjau378v215lborw` (`region_id`),
  KEY `conducteur_booklet_id` (`conducteur_booklet_id`),
  CONSTRAINT `FK4gisacpb5yoblsivmprjo6l8j` FOREIGN KEY (`conducteur_id`) REFERENCES `persons` (`id`),
  CONSTRAINT `FK6cmjbq7ip1e3jnvtqhakj1yt4` FOREIGN KEY (`district_id`) REFERENCES `districts` (`id`),
  CONSTRAINT `FKaw4n4cl5jtjau378v215lborw` FOREIGN KEY (`region_id`) REFERENCES `regions` (`id`),
  CONSTRAINT `vehicules_ibfk_1` FOREIGN KEY (`conducteur_booklet_id`) REFERENCES `booklets` (`id`)
) ENGINE=InnoDB AUTO_INCREMENT=3 DEFAULT CHARSET=utf8mb4 COLLATE=utf8mb4_0900_ai_ci;
/*!40101 SET character_set_client = @saved_cs_client */;

--
-- Dumping data for table `vehicules`
--

LOCK TABLES `vehicules` WRITE;
/*!40000 ALTER TABLE `vehicules` DISABLE KEYS */;
INSERT INTO `vehicules` VALUES (1,'Rouge','2024-05-07','2025-03-12','2026-03-13','2026-03-12','2025-10-21','2025-03-11','2024-12-05',NULL,'AA-741-FL-01',100,'APSONIC',NULL,'CG110609525',NULL,'DISPONIBLE','MOTO',NULL,3,1,NULL,NULL,NULL,NULL,NULL,4,17),(2,'Rouge','2025-05-07','2025-04-12','2026-04-13','2026-03-12','2025-10-21','2025-03-11','2024-10-21',NULL,'AA-738-FL-01',NULL,'APSONIC',NULL,'CG10609523',NULL,'DISPONIBLE','MOTO',NULL,2,1,NULL,NULL,NULL,NULL,NULL,3,17);
/*!40000 ALTER TABLE `vehicules` ENABLE KEYS */;
UNLOCK TABLES;
/*!40103 SET TIME_ZONE=@OLD_TIME_ZONE */;

/*!40101 SET SQL_MODE=@OLD_SQL_MODE */;
/*!40014 SET FOREIGN_KEY_CHECKS=@OLD_FOREIGN_KEY_CHECKS */;
/*!40014 SET UNIQUE_CHECKS=@OLD_UNIQUE_CHECKS */;
/*!40101 SET CHARACTER_SET_CLIENT=@OLD_CHARACTER_SET_CLIENT */;
/*!40101 SET CHARACTER_SET_RESULTS=@OLD_CHARACTER_SET_RESULTS */;
/*!40101 SET COLLATION_CONNECTION=@OLD_COLLATION_CONNECTION */;
/*!40111 SET SQL_NOTES=@OLD_SQL_NOTES */;

-- Dump completed on 2026-06-09 15:38:57
